path,video,frame_name,auto_task,auto_risk,confidence,human_task,human_risk,quality,notes
data\diverse_training_data\frames\yt00_000420.jpg,,yt00_000420.jpg,Unknown,LOW,0,Seated Work,LOW,clear,test save
data\diverse_training_data\frames\yt00_000660.jpg,,yt00_000660.jpg,Unknown,LOW,0,Assembly Work,LOW,partial,
data\diverse_training_data\frames\yt00_000720.jpg,,yt00_000720.jpg,Unknown,LOW,0,Assembly Work,MEDIUM,clear,
data\diverse_training_data\frames\yt00_000900.jpg,,yt00_000900.jpg,Unknown,LOW,0,Seated Work,LOW,partial,
data\diverse_training_data\frames\yt00_001080.jpg,,yt00_001080.jpg,Unknown,LOW,0,Inspection,LOW,partial,
data\diverse_training_data\frames\yt00_001140.jpg,,yt00_001140.jpg,Unknown,LOW,0,Inspection,LOW,partial,
data\diverse_training_data\frames\yt00_001200.jpg,,yt00_001200.jpg,Unknown,LOW,0,Assembly Work,LOW,blurry,
data\diverse_training_data\frames\yt00_001260.jpg,,yt00_001260.jpg,Unknown,LOW,0,Assembly Work,LOW,blurry,
data\diverse_training_data\frames\yt00_001320.jpg,,yt00_001320.jpg,Unknown,LOW,0,Assembly Work,LOW,partial,
data\diverse_training_data\frames\yt00_001380.jpg,,yt00_001380.jpg,Unknown,LOW,0,Assembly Work,LOW,partial,
data\diverse_training_data\frames\yt00_001440.jpg,,yt00_001440.jpg,Unknown,LOW,0,Unknown,LOW,blurry,
data\diverse_training_data\frames\yt00_001500.jpg,,yt00_001500.jpg,Unknown,LOW,0,Assembly Work,LOW,clear,
data\diverse_training_data\frames\yt00_001560.jpg,,yt00_001560.jpg,Unknown,LOW,0,Unknown,LOW,clear,
data\diverse_training_data\frames\yt00_001620.jpg,,yt00_001620.jpg,Unknown,LOW,0,Unknown,LOW,occluded,
data\diverse_training_data\frames\yt00_001680.jpg,,yt00_001680.jpg,Unknown,LOW,0,Reaching,LOW,partial,
data\diverse_training_data\frames\yt00_001740.jpg,,yt00_001740.jpg,Unknown,LOW,0,Reaching,LOW,partial,
data\diverse_training_data\frames\yt00_001800.jpg,,yt00_001800.jpg,Unknown,LOW,0,Reaching,LOW,partial,
data\diverse_training_data\frames\yt00_001860.jpg,,yt00_001860.jpg,Unknown,LOW,0,Assembly Work,LOW,partial,
data\diverse_training_data\frames\yt00_001920.jpg,,yt00_001920.jpg,Unknown,LOW,0,Assembly Work,LOW,partial,
data\diverse_training_data\frames\yt00_001980.jpg,,yt00_001980.jpg,Unknown,LOW,0,Assembly Work,LOW,partial,
data\diverse_training_data\frames\yt00_002040.jpg,,yt00_002040.jpg,Unknown,LOW,0,Assembly Work,LOW,clear,
data\diverse_training_data\frames\yt00_002220.jpg,,yt00_002220.jpg,Unknown,LOW,0,Unknown,LOW,blurry,
data\diverse_training_data\frames\yt01_000250.jpg,,yt01_000250.jpg,Unknown,LOW,0,Unknown,LOW,blurry,
data\diverse_training_data\frames\yt01_000350.jpg,,yt01_000350.jpg,Unknown,LOW,0,Assembly Work,MEDIUM,partial,
data\diverse_training_data\frames\yt01_000400.jpg,,yt01_000400.jpg,Unknown,LOW,0,Walking / Moving,LOW,partial,
data\diverse_training_data\frames\yt01_000450.jpg,,yt01_000450.jpg,Unknown,LOW,0,Walking / Moving,LOW,partial,
data\diverse_training_data\frames\yt01_000550.jpg,,yt01_000550.jpg,Unknown,LOW,0,Assembly Work,LOW,partial,
data\diverse_training_data\frames\yt01_000600.jpg,,yt01_000600.jpg,Unknown,LOW,0,Assembly Work,MEDIUM,partial,
data\diverse_training_data\frames\yt01_000650.jpg,,yt01_000650.jpg,Unknown,LOW,0,Walking / Moving,LOW,clear,
data\diverse_training_data\frames\yt01_000700.jpg,,yt01_000700.jpg,Unknown,LOW,0,Walking / Moving,LOW,clear,
data\diverse_training_data\frames\yt01_000800.jpg,,yt01_000800.jpg,Unknown,LOW,0,Assembly Work,LOW,partial,
data\diverse_training_data\frames\yt01_000850.jpg,,yt01_000850.jpg,Unknown,LOW,0,Seated Work,LOW,partial,
data\diverse_training_data\frames\yt01_000900.jpg,,yt01_000900.jpg,Unknown,LOW,0,Seated Work,LOW,partial,
data\diverse_training_data\frames\yt01_000950.jpg,,yt01_000950.jpg,Unknown,LOW,0,Assembly Work,LOW,occluded,
data\diverse_training_data\frames\yt01_001050.jpg,,yt01_001050.jpg,Unknown,LOW,0,Unknown,LOW,partial,
data\diverse_training_data\frames\yt01_001100.jpg,,yt01_001100.jpg,Unknown,LOW,0,Neutral Standing,LOW,partial,
data\diverse_training_data\frames\yt01_001150.jpg,,yt01_001150.jpg,Unknown,LOW,0,Unknown,LOW,,
data\diverse_training_data\frames\yt01_001250.jpg,,yt01_001250.jpg,Unknown,LOW,0,Assembly Work,LOW,partial,
data\diverse_training_data\frames\yt01_001300.jpg,,yt01_001300.jpg,Unknown,LOW,0,Assembly Work,LOW,partial,
data\diverse_training_data\frames\yt01_001450.jpg,,yt01_001450.jpg,Unknown,LOW,0,Assembly Work,LOW,partial,
data\diverse_training_data\frames\yt01_001500.jpg,,yt01_001500.jpg,Unknown,LOW,0,Assembly Work,LOW,partial,
data\diverse_training_data\frames\yt01_001550.jpg,,yt01_001550.jpg,Unknown,LOW,0,Assembly Work,LOW,partial,
data\diverse_training_data\frames\yt01_001600.jpg,,yt01_001600.jpg,Unknown,LOW,0,Assembly Work,LOW,partial,
data\diverse_training_data\frames\yt01_001700.jpg,,yt01_001700.jpg,Unknown,LOW,0,Assembly Work,LOW,occluded,
data\diverse_training_data\frames\yt01_001750.jpg,,yt01_001750.jpg,Unknown,LOW,0,Lifting / Picking,HIGH,clear,
data\diverse_training_data\frames\yt01_001800.jpg,,yt01_001800.jpg,Unknown,LOW,0,Lifting / Picking,HIGH,clear,
data\diverse_training_data\frames\yt01_001850.jpg,,yt01_001850.jpg,Unknown,LOW,0,Lifting / Picking,HIGH,clear,
data\diverse_training_data\frames\yt01_001900.jpg,,yt01_001900.jpg,Unknown,LOW,0,Lifting / Picking,HIGH,clear,
data\diverse_training_data\frames\yt01_002000.jpg,,yt01_002000.jpg,Unknown,LOW,0,Lifting / Picking,HIGH,clear,
data\diverse_training_data\frames\yt01_002050.jpg,,yt01_002050.jpg,Unknown,LOW,0,Lifting / Picking,HIGH,clear,
data\diverse_training_data\frames\yt01_002100.jpg,,yt01_002100.jpg,Unknown,LOW,0,Lifting / Picking,HIGH,clear,
data\diverse_training_data\frames\yt01_002150.jpg,,yt01_002150.jpg,Unknown,LOW,0,Unknown,LOW,blurry,
data\diverse_training_data\frames\yt01_002200.jpg,,yt01_002200.jpg,Unknown,LOW,0,Lifting / Picking,HIGH,clear,
data\diverse_training_data\frames\yt01_002250.jpg,,yt01_002250.jpg,Unknown,LOW,0,Lifting / Picking,HIGH,,
data\diverse_training_data\frames\yt01_002300.jpg,,yt01_002300.jpg,Unknown,LOW,0,Lifting / Picking,HIGH,clear,
data\diverse_training_data\frames\yt01_002350.jpg,,yt01_002350.jpg,Unknown,LOW,0,Lifting / Picking,HIGH,clear,
data\diverse_training_data\frames\yt01_002400.jpg,,yt01_002400.jpg,Unknown,LOW,0,Lifting / Picking,HIGH,clear,
data\diverse_training_data\frames\yt01_002450.jpg,,yt01_002450.jpg,Unknown,LOW,0,Assembly Work,LOW,partial,
data\diverse_training_data\frames\yt01_002500.jpg,,yt01_002500.jpg,Unknown,LOW,0,Reaching,LOW,,
data\diverse_training_data\frames\yt01_002600.jpg,,yt01_002600.jpg,Unknown,LOW,0,Lifting / Picking,MEDIUM,partial,
data\diverse_training_data\frames\yt01_002650.jpg,,yt01_002650.jpg,Unknown,LOW,0,Inspection,LOW,partial,
data\diverse_training_data\frames\yt01_002750.jpg,,yt01_002750.jpg,Unknown,LOW,0,Unknown,LOW,partial,
data\diverse_training_data\frames\yt01_002800.jpg,,yt01_002800.jpg,Unknown,LOW,0,Unknown,LOW,blurry,
data\diverse_training_data\frames\yt01_002900.jpg,,yt01_002900.jpg,Unknown,LOW,0,Unknown,LOW,blurry,
data\diverse_training_data\frames\yt01_002950.jpg,,yt01_002950.jpg,Unknown,LOW,0,Unknown,LOW,blurry,
data\diverse_training_data\frames\yt01_003000.jpg,,yt01_003000.jpg,Unknown,LOW,0,Unknown,LOW,blurry,
data\diverse_training_data\frames\yt01_003050.jpg,,yt01_003050.jpg,Unknown,LOW,0,Lifting / Picking,HIGH,clear,
data\diverse_training_data\frames\yt01_003100.jpg,,yt01_003100.jpg,Unknown,LOW,0,Assembly Work,MEDIUM,clear,
data\diverse_training_data\frames\yt01_003150.jpg,,yt01_003150.jpg,Unknown,LOW,0,Assembly Work,MEDIUM,clear,
data\diverse_training_data\frames\yt01_003200.jpg,,yt01_003200.jpg,Unknown,LOW,0,Unknown,LOW,blurry,
data\diverse_training_data\frames\yt01_003300.jpg,,yt01_003300.jpg,Unknown,LOW,0,Seated Work,LOW,partial,
data\diverse_training_data\frames\yt01_003350.jpg,,yt01_003350.jpg,Unknown,LOW,0,Seated Work,LOW,partial,
data\diverse_training_data\frames\yt01_003450.jpg,,yt01_003450.jpg,Unknown,LOW,0,Reaching,MEDIUM,clear,
data\diverse_training_data\frames\yt01_003550.jpg,,yt01_003550.jpg,Unknown,LOW,0,Lifting / Picking,HIGH,clear,
data\diverse_training_data\frames\yt01_003600.jpg,,yt01_003600.jpg,Unknown,LOW,0,Walking / Moving,MEDIUM,,
data\diverse_training_data\frames\yt01_003650.jpg,,yt01_003650.jpg,Unknown,LOW,0,Walking / Moving,MEDIUM,,
data\diverse_training_data\frames\yt01_003700.jpg,,yt01_003700.jpg,Unknown,LOW,0,Walking / Moving,MEDIUM,,
data\diverse_training_data\frames\yt01_003800.jpg,,yt01_003800.jpg,Unknown,LOW,0,Neutral Standing,MEDIUM,clear,
data\diverse_training_data\frames\yt01_003850.jpg,,yt01_003850.jpg,Unknown,LOW,0,Assembly Work,MEDIUM,partial,
data\diverse_training_data\frames\yt01_003900.jpg,,yt01_003900.jpg,Unknown,LOW,0,Seated Work,LOW,partial,
data\diverse_training_data\frames\yt02_000150.jpg,,yt02_000150.jpg,Unknown,LOW,0,Seated Work,LOW,partial,
data\diverse_training_data\frames\yt02_000200.jpg,,yt02_000200.jpg,Unknown,LOW,0,Seated Work,LOW,partial,
data\diverse_training_data\frames\yt02_000250.jpg,,yt02_000250.jpg,Unknown,LOW,0,Seated Work,LOW,partial,
data\diverse_training_data\frames\yt02_000300.jpg,,yt02_000300.jpg,Unknown,LOW,0,Seated Work,LOW,partial,
data\diverse_training_data\frames\yt02_000350.jpg,,yt02_000350.jpg,Unknown,LOW,0,Reaching,HIGH,clear,
data\diverse_training_data\frames\yt02_000400.jpg,,yt02_000400.jpg,Unknown,LOW,0,Reaching,HIGH,clear,
data\diverse_training_data\frames\yt02_000450.jpg,,yt02_000450.jpg,Unknown,LOW,0,Reaching,HIGH,clear,
data\diverse_training_data\frames\yt02_000500.jpg,,yt02_000500.jpg,Unknown,LOW,0,Reaching,HIGH,clear,
data\diverse_training_data\frames\yt02_000600.jpg,,yt02_000600.jpg,Unknown,LOW,0,Seated Work,LOW,partial,
data\diverse_training_data\frames\yt02_000650.jpg,,yt02_000650.jpg,Unknown,LOW,0,Seated Work,LOW,partial,
data\diverse_training_data\frames\yt02_000700.jpg,,yt02_000700.jpg,Unknown,LOW,0,Seated Work,LOW,partial,
data\diverse_training_data\frames\yt02_002200.jpg,,yt02_002200.jpg,Unknown,LOW,0,Seated Work,LOW,partial,
data\diverse_training_data\frames\yt02_002250.jpg,,yt02_002250.jpg,Unknown,LOW,0,Seated Work,LOW,partial,
data\diverse_training_data\frames\yt02_002300.jpg,,yt02_002300.jpg,Unknown,LOW,0,Seated Work,LOW,partial,
data\diverse_training_data\frames\yt02_002350.jpg,,yt02_002350.jpg,Unknown,LOW,0,Neutral Standing,LOW,occluded,
data\diverse_training_data\frames\yt02_002400.jpg,,yt02_002400.jpg,Unknown,LOW,0,Reaching,HIGH,clear,
data\diverse_training_data\frames\yt02_002450.jpg,,yt02_002450.jpg,Unknown,LOW,0,Lifting / Picking,HIGH,clear,
data\diverse_training_data\frames\yt02_002500.jpg,,yt02_002500.jpg,Unknown,LOW,0,Lifting / Picking,HIGH,clear,
data\diverse_training_data\frames\yt02_002550.jpg,,yt02_002550.jpg,Unknown,LOW,0,Lifting / Picking,HIGH,clear,
data\diverse_training_data\frames\yt02_002600.jpg,,yt02_002600.jpg,Unknown,LOW,0,Lifting / Picking,HIGH,clear,
data\diverse_training_data\frames\yt02_002650.jpg,,yt02_002650.jpg,Unknown,LOW,0,Lifting / Picking,HIGH,clear,
data\diverse_training_data\frames\yt02_002700.jpg,,yt02_002700.jpg,Unknown,LOW,0,Lifting / Picking,HIGH,clear,
data\diverse_training_data\frames\yt02_002750.jpg,,yt02_002750.jpg,Unknown,LOW,0,Lifting / Picking,HIGH,clear,
data\diverse_training_data\frames\yt02_002800.jpg,,yt02_002800.jpg,Unknown,LOW,0,Lifting / Picking,HIGH,clear,
data\diverse_training_data\frames\yt02_002850.jpg,,yt02_002850.jpg,Unknown,LOW,0,Lifting / Picking,HIGH,clear,
data\diverse_training_data\frames\yt02_002900.jpg,,yt02_002900.jpg,Unknown,LOW,0,Lifting / Picking,HIGH,clear,
data\diverse_training_data\frames\yt02_002950.jpg,,yt02_002950.jpg,Unknown,LOW,0,Lifting / Picking,HIGH,clear,
data\diverse_training_data\frames\yt02_003000.jpg,,yt02_003000.jpg,Unknown,LOW,0,Lifting / Picking,HIGH,clear,
data\diverse_training_data\frames\yt02_003050.jpg,,yt02_003050.jpg,Unknown,LOW,0,Lifting / Picking,HIGH,clear,
data\diverse_training_data\frames\yt02_003100.jpg,,yt02_003100.jpg,Unknown,LOW,0,Lifting / Picking,HIGH,clear,
data\diverse_training_data\frames\yt02_003150.jpg,,yt02_003150.jpg,Unknown,LOW,0,Lifting / Picking,HIGH,clear,
data\diverse_training_data\frames\yt02_003200.jpg,,yt02_003200.jpg,Unknown,LOW,0,Lifting / Picking,HIGH,clear,
data\diverse_training_data\frames\yt02_003250.jpg,,yt02_003250.jpg,Unknown,LOW,0,Seated Work,LOW,partial,
data\diverse_training_data\frames\yt02_003300.jpg,,yt02_003300.jpg,Unknown,LOW,0,Seated Work,LOW,partial,
data\diverse_training_data\frames\yt02_003350.jpg,,yt02_003350.jpg,Unknown,LOW,0,Seated Work,LOW,partial,
data\diverse_training_data\frames\yt02_003400.jpg,,yt02_003400.jpg,Unknown,LOW,0,Seated Work,LOW,partial,
data\diverse_training_data\frames\yt02_003450.jpg,,yt02_003450.jpg,Unknown,LOW,0,,,,
data\diverse_training_data\frames\yt02_003500.jpg,,yt02_003500.jpg,Unknown,LOW,0,,,,
data\diverse_training_data\frames\yt02_003550.jpg,,yt02_003550.jpg,Unknown,LOW,0,,,,
data\diverse_training_data\frames\yt02_003600.jpg,,yt02_003600.jpg,Unknown,LOW,0,,,,
data\diverse_training_data\frames\yt02_003650.jpg,,yt02_003650.jpg,Unknown,LOW,0,,,,
data\diverse_training_data\frames\yt02_003700.jpg,,yt02_003700.jpg,Unknown,LOW,0,,,,
data\diverse_training_data\frames\yt02_003750.jpg,,yt02_003750.jpg,Unknown,LOW,0,,,,
data\diverse_training_data\frames\yt02_003800.jpg,,yt02_003800.jpg,Unknown,LOW,0,,,,
data\diverse_training_data\frames\yt02_003850.jpg,,yt02_003850.jpg,Unknown,LOW,0,,,,
data\diverse_training_data\frames\yt02_003900.jpg,,yt02_003900.jpg,Unknown,LOW,0,,,,
data\diverse_training_data\frames\yt02_004250.jpg,,yt02_004250.jpg,Unknown,LOW,0,,,,
data\diverse_training_data\frames\yt03_000177.jpg,,yt03_000177.jpg,Unknown,LOW,0,,,,
data\diverse_training_data\frames\yt03_000236.jpg,,yt03_000236.jpg,Unknown,LOW,0,,,,
data\diverse_training_data\frames\yt03_000354.jpg,,yt03_000354.jpg,Unknown,LOW,0,,,,
data\diverse_training_data\frames\yt03_000413.jpg,,yt03_000413.jpg,Unknown,LOW,0,,,,
data\diverse_training_data\frames\yt03_000649.jpg,,yt03_000649.jpg,Unknown,LOW,0,,,,
data\diverse_training_data\frames\yt03_000708.jpg,,yt03_000708.jpg,Unknown,LOW,0,,,,
data\diverse_training_data\frames\yt03_000767.jpg,,yt03_000767.jpg,Unknown,LOW,0,,,,
data\diverse_training_data\frames\yt03_000826.jpg,,yt03_000826.jpg,Unknown,LOW,0,,,,
data\diverse_training_data\frames\yt03_000885.jpg,,yt03_000885.jpg,Unknown,LOW,0,,,,
data\diverse_training_data\frames\yt03_000944.jpg,,yt03_000944.jpg,Unknown,LOW,0,,,,
data\diverse_training_data\frames\yt03_001003.jpg,,yt03_001003.jpg,Unknown,LOW,0,,,,
data\diverse_training_data\frames\yt03_001062.jpg,,yt03_001062.jpg,Unknown,LOW,0,,,,
data\diverse_training_data\frames\yt03_001239.jpg,,yt03_001239.jpg,Unknown,LOW,0,,,,
data\diverse_training_data\frames\yt03_001298.jpg,,yt03_001298.jpg,Unknown,LOW,0,,,,
data\diverse_training_data\frames\yt03_001357.jpg,,yt03_001357.jpg,Unknown,LOW,0,,,,
data\diverse_training_data\frames\yt03_001475.jpg,,yt03_001475.jpg,Unknown,LOW,0,,,,
data\diverse_training_data\frames\yt03_001534.jpg,,yt03_001534.jpg,Unknown,LOW,0,,,,
data\diverse_training_data\frames\yt03_001947.jpg,,yt03_001947.jpg,Unknown,LOW,0,,,,
data\diverse_training_data\frames\yt03_002006.jpg,,yt03_002006.jpg,Unknown,LOW,0,,,,
data\diverse_training_data\frames\yt03_002537.jpg,,yt03_002537.jpg,Unknown,LOW,0,,,,
data\diverse_training_data\frames\yt03_002596.jpg,,yt03_002596.jpg,Unknown,LOW,0,,,,
data\diverse_training_data\frames\yt03_002655.jpg,,yt03_002655.jpg,Unknown,LOW,0,,,,
data\diverse_training_data\frames\yt03_002773.jpg,,yt03_002773.jpg,Unknown,LOW,0,,,,
data\diverse_training_data\frames\yt03_002891.jpg,,yt03_002891.jpg,Unknown,LOW,0,,,,
data\diverse_training_data\frames\yt03_002950.jpg,,yt03_002950.jpg,Unknown,LOW,0,,,,
data\diverse_training_data\frames\yt03_003009.jpg,,yt03_003009.jpg,Unknown,LOW,0,,,,
data\diverse_training_data\frames\yt03_003068.jpg,,yt03_003068.jpg,Unknown,LOW,0,,,,
data\diverse_training_data\frames\yt03_003245.jpg,,yt03_003245.jpg,Unknown,LOW,0,,,,
data\diverse_training_data\frames\yt03_003363.jpg,,yt03_003363.jpg,Unknown,LOW,0,,,,
data\diverse_training_data\frames\yt03_003540.jpg,,yt03_003540.jpg,Unknown,LOW,0,,,,
data\diverse_training_data\frames\yt03_003599.jpg,,yt03_003599.jpg,Unknown,LOW,0,,,,
data\diverse_training_data\frames\yt03_003717.jpg,,yt03_003717.jpg,Unknown,LOW,0,,,,
data\diverse_training_data\frames\yt03_003835.jpg,,yt03_003835.jpg,Unknown,LOW,0,,,,
data\diverse_training_data\frames\yt03_004071.jpg,,yt03_004071.jpg,Unknown,LOW,0,,,,
data\diverse_training_data\frames\yt03_004130.jpg,,yt03_004130.jpg,Unknown,LOW,0,,,,
data\diverse_training_data\frames\yt03_004189.jpg,,yt03_004189.jpg,Unknown,LOW,0,,,,
data\diverse_training_data\frames\yt03_004248.jpg,,yt03_004248.jpg,Unknown,LOW,0,,,,
data\diverse_training_data\frames\yt03_004307.jpg,,yt03_004307.jpg,Unknown,LOW,0,,,,
data\diverse_training_data\frames\yt03_004366.jpg,,yt03_004366.jpg,Unknown,LOW,0,,,,
data\diverse_training_data\frames\yt03_004425.jpg,,yt03_004425.jpg,Unknown,LOW,0,,,,
data\diverse_training_data\frames\yt03_004543.jpg,,yt03_004543.jpg,Unknown,LOW,0,,,,
data\diverse_training_data\frames\yt03_004602.jpg,,yt03_004602.jpg,Unknown,LOW,0,,,,
data\diverse_training_data\frames\yt03_004661.jpg,,yt03_004661.jpg,Unknown,LOW,0,,,,
data\diverse_training_data\frames\yt03_005074.jpg,,yt03_005074.jpg,Unknown,LOW,0,,,,
data\diverse_training_data\frames\yt03_005133.jpg,,yt03_005133.jpg,Unknown,LOW,0,,,,
data\diverse_training_data\frames\yt03_005310.jpg,,yt03_005310.jpg,Unknown,LOW,0,,,,
data\diverse_training_data\frames\yt03_005369.jpg,,yt03_005369.jpg,Unknown,LOW,0,,,,
data\diverse_training_data\frames\yt03_005428.jpg,,yt03_005428.jpg,Unknown,LOW,0,,,,
data\diverse_training_data\frames\yt_01_000000.jpg,,yt_01_000000.jpg,Unknown,LOW,0,,,,
data\diverse_training_data\frames\yt_01_000050.jpg,,yt_01_000050.jpg,Unknown,LOW,0,,,,
data\diverse_training_data\frames\yt_01_000100.jpg,,yt_01_000100.jpg,Unknown,LOW,0,,,,
data\diverse_training_data\frames\yt_01_000150.jpg,,yt_01_000150.jpg,Unknown,LOW,0,,,,
data\diverse_training_data\frames\yt_01_000200.jpg,,yt_01_000200.jpg,Unknown,LOW,0,,,,
data\diverse_training_data\frames\yt_01_000250.jpg,,yt_01_000250.jpg,Unknown,LOW,0,,,,
data\diverse_training_data\frames\yt_01_000300.jpg,,yt_01_000300.jpg,Unknown,LOW,0,,,,
data\diverse_training_data\frames\yt_01_000350.jpg,,yt_01_000350.jpg,Unknown,LOW,0,,,,
data\diverse_training_data\frames\yt_01_000400.jpg,,yt_01_000400.jpg,Unknown,LOW,0,,,,
data\diverse_training_data\frames\yt_01_000450.jpg,,yt_01_000450.jpg,Unknown,LOW,0,,,,
data\diverse_training_data\frames\yt_01_000500.jpg,,yt_01_000500.jpg,Unknown,LOW,0,,,,
data\diverse_training_data\frames\yt_01_000550.jpg,,yt_01_000550.jpg,Unknown,LOW,0,,,,
data\diverse_training_data\frames\yt_01_000600.jpg,,yt_01_000600.jpg,Unknown,LOW,0,,,,
data\diverse_training_data\frames\yt_01_000650.jpg,,yt_01_000650.jpg,Unknown,LOW,0,,,,
data\diverse_training_data\frames\yt_01_000700.jpg,,yt_01_000700.jpg,Unknown,LOW,0,,,,
data\diverse_training_data\frames\yt_01_000750.jpg,,yt_01_000750.jpg,Unknown,LOW,0,,,,
data\diverse_training_data\frames\yt_01_000800.jpg,,yt_01_000800.jpg,Unknown,LOW,0,,,,
data\diverse_training_data\frames\yt_01_000850.jpg,,yt_01_000850.jpg,Unknown,LOW,0,,,,
data\diverse_training_data\frames\yt_01_000900.jpg,,yt_01_000900.jpg,Unknown,LOW,0,,,,
data\diverse_training_data\frames\yt_01_000950.jpg,,yt_01_000950.jpg,Unknown,LOW,0,,,,
data\diverse_training_data\frames\yt_01_001000.jpg,,yt_01_001000.jpg,Unknown,LOW,0,,,,
data\diverse_training_data\frames\yt_01_001050.jpg,,yt_01_001050.jpg,Unknown,LOW,0,,,,
data\diverse_training_data\frames\yt_01_001100.jpg,,yt_01_001100.jpg,Unknown,LOW,0,,,,
data\diverse_training_data\frames\yt_01_001150.jpg,,yt_01_001150.jpg,Unknown,LOW,0,,,,
data\diverse_training_data\frames\yt_01_001200.jpg,,yt_01_001200.jpg,Unknown,LOW,0,,,,
data\diverse_training_data\frames\yt_01_001250.jpg,,yt_01_001250.jpg,Unknown,LOW,0,,,,
data\diverse_training_data\frames\yt_01_001300.jpg,,yt_01_001300.jpg,Unknown,LOW,0,,,,
data\diverse_training_data\frames\yt_01_001350.jpg,,yt_01_001350.jpg,Unknown,LOW,0,,,,
data\diverse_training_data\frames\yt_01_001400.jpg,,yt_01_001400.jpg,Unknown,LOW,0,,,,
data\diverse_training_data\frames\yt_01_001450.jpg,,yt_01_001450.jpg,Unknown,LOW,0,,,,
data\diverse_training_data\frames\yt_01_001500.jpg,,yt_01_001500.jpg,Unknown,LOW,0,,,,
data\diverse_training_data\frames\yt_01_001550.jpg,,yt_01_001550.jpg,Unknown,LOW,0,,,,
data\diverse_training_data\frames\yt_01_001600.jpg,,yt_01_001600.jpg,Unknown,LOW,0,,,,
data\diverse_training_data\frames\yt_01_001650.jpg,,yt_01_001650.jpg,Unknown,LOW,0,,,,
data\diverse_training_data\frames\yt_01_001700.jpg,,yt_01_001700.jpg,Unknown,LOW,0,,,,
data\diverse_training_data\frames\yt_01_001750.jpg,,yt_01_001750.jpg,Unknown,LOW,0,,,,
data\diverse_training_data\frames\yt_01_001800.jpg,,yt_01_001800.jpg,Unknown,LOW,0,,,,
data\diverse_training_data\frames\yt_01_001850.jpg,,yt_01_001850.jpg,Unknown,LOW,0,,,,
data\diverse_training_data\frames\yt_01_001900.jpg,,yt_01_001900.jpg,Unknown,LOW,0,,,,
data\diverse_training_data\frames\yt_01_001950.jpg,,yt_01_001950.jpg,Unknown,LOW,0,,,,
data\diverse_training_data\frames\yt_01_002000.jpg,,yt_01_002000.jpg,Unknown,LOW,0,,,,
data\diverse_training_data\frames\yt_01_002050.jpg,,yt_01_002050.jpg,Unknown,LOW,0,,,,
data\diverse_training_data\frames\yt_01_002100.jpg,,yt_01_002100.jpg,Unknown,LOW,0,,,,
data\diverse_training_data\frames\yt_01_002150.jpg,,yt_01_002150.jpg,Unknown,LOW,0,,,,
data\diverse_training_data\frames\yt_01_002200.jpg,,yt_01_002200.jpg,Unknown,LOW,0,,,,
data\diverse_training_data\frames\yt_01_002250.jpg,,yt_01_002250.jpg,Unknown,LOW,0,,,,
data\diverse_training_data\frames\yt_01_002300.jpg,,yt_01_002300.jpg,Unknown,LOW,0,,,,
data\diverse_training_data\frames\yt_01_002350.jpg,,yt_01_002350.jpg,Unknown,LOW,0,,,,
data\diverse_training_data\frames\yt_01_002400.jpg,,yt_01_002400.jpg,Unknown,LOW,0,,,,
data\diverse_training_data\frames\yt_01_002450.jpg,,yt_01_002450.jpg,Unknown,LOW,0,,,,
data\diverse_training_data\frames\yt_01_002500.jpg,,yt_01_002500.jpg,Unknown,LOW,0,,,,
data\diverse_training_data\frames\yt_01_002550.jpg,,yt_01_002550.jpg,Unknown,LOW,0,,,,
data\diverse_training_data\frames\yt_01_002600.jpg,,yt_01_002600.jpg,Unknown,LOW,0,,,,
data\diverse_training_data\frames\yt_01_002650.jpg,,yt_01_002650.jpg,Unknown,LOW,0,,,,
data\diverse_training_data\frames\yt_01_002700.jpg,,yt_01_002700.jpg,Unknown,LOW,0,,,,
data\diverse_training_data\frames\yt_01_002750.jpg,,yt_01_002750.jpg,Unknown,LOW,0,,,,
data\diverse_training_data\frames\yt_01_002800.jpg,,yt_01_002800.jpg,Unknown,LOW,0,,,,
data\diverse_training_data\frames\yt_01_002850.jpg,,yt_01_002850.jpg,Unknown,LOW,0,,,,
data\diverse_training_data\frames\yt_01_002900.jpg,,yt_01_002900.jpg,Unknown,LOW,0,,,,
data\diverse_training_data\frames\yt_01_002950.jpg,,yt_01_002950.jpg,Unknown,LOW,0,,,,
data\diverse_training_data\frames\yt_01_003000.jpg,,yt_01_003000.jpg,Unknown,LOW,0,,,,
data\diverse_training_data\frames\yt_01_003050.jpg,,yt_01_003050.jpg,Unknown,LOW,0,,,,
data\diverse_training_data\frames\yt_01_003100.jpg,,yt_01_003100.jpg,Unknown,LOW,0,,,,
data\diverse_training_data\frames\yt_01_003150.jpg,,yt_01_003150.jpg,Unknown,LOW,0,,,,
data\diverse_training_data\frames\yt_01_003200.jpg,,yt_01_003200.jpg,Unknown,LOW,0,,,,
data\diverse_training_data\frames\yt_01_003250.jpg,,yt_01_003250.jpg,Unknown,LOW,0,,,,
data\diverse_training_data\frames\yt_01_003300.jpg,,yt_01_003300.jpg,Unknown,LOW,0,,,,
data\diverse_training_data\frames\yt_01_003350.jpg,,yt_01_003350.jpg,Unknown,LOW,0,,,,
data\diverse_training_data\frames\yt_01_003400.jpg,,yt_01_003400.jpg,Unknown,LOW,0,,,,
data\diverse_training_data\frames\yt_01_003450.jpg,,yt_01_003450.jpg,Unknown,LOW,0,,,,
data\diverse_training_data\frames\yt_01_003500.jpg,,yt_01_003500.jpg,Unknown,LOW,0,,,,
data\diverse_training_data\frames\yt_01_003550.jpg,,yt_01_003550.jpg,Unknown,LOW,0,,,,
data\diverse_training_data\frames\yt_01_003600.jpg,,yt_01_003600.jpg,Unknown,LOW,0,,,,
data\diverse_training_data\frames\yt_01_003650.jpg,,yt_01_003650.jpg,Unknown,LOW,0,,,,
data\diverse_training_data\frames\yt_01_003750.jpg,,yt_01_003750.jpg,Unknown,LOW,0,,,,
data\diverse_training_data\frames\yt_01_003800.jpg,,yt_01_003800.jpg,Unknown,LOW,0,,,,
data\diverse_training_data\frames\yt_01_003850.jpg,,yt_01_003850.jpg,Unknown,LOW,0,,,,
data\diverse_training_data\frames\yt_01_003900.jpg,,yt_01_003900.jpg,Unknown,LOW,0,,,,
data\diverse_training_data\frames\yt_01_003950.jpg,,yt_01_003950.jpg,Unknown,LOW,0,,,,
data\diverse_training_data\frames\yt_01_004000.jpg,,yt_01_004000.jpg,Unknown,LOW,0,,,,
data\diverse_training_data\frames\yt_01_004100.jpg,,yt_01_004100.jpg,Unknown,LOW,0,,,,
data\diverse_training_data\frames\yt_01_004150.jpg,,yt_01_004150.jpg,Unknown,LOW,0,,,,
data\diverse_training_data\frames\yt_01_004200.jpg,,yt_01_004200.jpg,Unknown,LOW,0,,,,
data\diverse_training_data\frames\yt_01_004250.jpg,,yt_01_004250.jpg,Unknown,LOW,0,,,,
data\diverse_training_data\frames\yt_01_004300.jpg,,yt_01_004300.jpg,Unknown,LOW,0,,,,
data\diverse_training_data\frames\yt_01_004350.jpg,,yt_01_004350.jpg,Unknown,LOW,0,,,,
data\diverse_training_data\frames\yt_01_004400.jpg,,yt_01_004400.jpg,Unknown,LOW,0,,,,
data\diverse_training_data\frames\yt_01_004450.jpg,,yt_01_004450.jpg,Unknown,LOW,0,,,,
data\diverse_training_data\frames\yt_01_004500.jpg,,yt_01_004500.jpg,Unknown,LOW,0,,,,
data\diverse_training_data\frames\yt_01_004550.jpg,,yt_01_004550.jpg,Unknown,LOW,0,,,,
data\diverse_training_data\frames\yt_01_004600.jpg,,yt_01_004600.jpg,Unknown,LOW,0,,,,
data\diverse_training_data\frames\yt_01_004650.jpg,,yt_01_004650.jpg,Unknown,LOW,0,,,,
data\diverse_training_data\frames\yt_01_004700.jpg,,yt_01_004700.jpg,Unknown,LOW,0,,,,
data\diverse_training_data\frames\yt_01_004750.jpg,,yt_01_004750.jpg,Unknown,LOW,0,,,,
data\diverse_training_data\frames\yt_01_004800.jpg,,yt_01_004800.jpg,Unknown,LOW,0,,,,
data\diverse_training_data\frames\yt_01_004850.jpg,,yt_01_004850.jpg,Unknown,LOW,0,,,,
data\diverse_training_data\frames\yt_01_004900.jpg,,yt_01_004900.jpg,Unknown,LOW,0,,,,
data\diverse_training_data\frames\yt_01_004950.jpg,,yt_01_004950.jpg,Unknown,LOW,0,,,,
data\diverse_training_data\frames\yt_01_005000.jpg,,yt_01_005000.jpg,Unknown,LOW,0,,,,
data\diverse_training_data\frames\yt_01_005050.jpg,,yt_01_005050.jpg,Unknown,LOW,0,,,,
data\diverse_training_data\frames\yt_01_005100.jpg,,yt_01_005100.jpg,Unknown,LOW,0,,,,
data\diverse_training_data\frames\yt_01_005150.jpg,,yt_01_005150.jpg,Unknown,LOW,0,,,,
data\diverse_training_data\frames\yt_01_005200.jpg,,yt_01_005200.jpg,Unknown,LOW,0,,,,
data\diverse_training_data\frames\yt_01_005250.jpg,,yt_01_005250.jpg,Unknown,LOW,0,,,,
data\diverse_training_data\frames\yt_01_005300.jpg,,yt_01_005300.jpg,Unknown,LOW,0,,,,
data\diverse_training_data\frames\yt_01_005350.jpg,,yt_01_005350.jpg,Unknown,LOW,0,,,,
data\diverse_training_data\frames\yt_01_005400.jpg,,yt_01_005400.jpg,Unknown,LOW,0,,,,
data\diverse_training_data\frames\yt_01_005450.jpg,,yt_01_005450.jpg,Unknown,LOW,0,,,,
data\diverse_training_data\frames\yt_01_005500.jpg,,yt_01_005500.jpg,Unknown,LOW,0,,,,
data\diverse_training_data\frames\yt_01_005550.jpg,,yt_01_005550.jpg,Unknown,LOW,0,,,,
data\diverse_training_data\frames\yt_01_005600.jpg,,yt_01_005600.jpg,Unknown,LOW,0,,,,
data\diverse_training_data\frames\yt_01_005650.jpg,,yt_01_005650.jpg,Unknown,LOW,0,,,,
data\diverse_training_data\frames\yt_01_005700.jpg,,yt_01_005700.jpg,Unknown,LOW,0,,,,
data\diverse_training_data\frames\yt_01_005750.jpg,,yt_01_005750.jpg,Unknown,LOW,0,,,,
data\diverse_training_data\frames\yt_01_005800.jpg,,yt_01_005800.jpg,Unknown,LOW,0,,,,
data\diverse_training_data\frames\yt_01_005850.jpg,,yt_01_005850.jpg,Unknown,LOW,0,,,,
data\diverse_training_data\frames\yt_01_005900.jpg,,yt_01_005900.jpg,Unknown,LOW,0,,,,
data\diverse_training_data\frames\yt_01_005950.jpg,,yt_01_005950.jpg,Unknown,LOW,0,,,,
data\diverse_training_data\frames\yt_01_006000.jpg,,yt_01_006000.jpg,Unknown,LOW,0,,,,
data\diverse_training_data\frames\yt_01_006050.jpg,,yt_01_006050.jpg,Unknown,LOW,0,,,,
data\diverse_training_data\frames\yt_01_006100.jpg,,yt_01_006100.jpg,Unknown,LOW,0,,,,
data\diverse_training_data\frames\yt_01_006150.jpg,,yt_01_006150.jpg,Unknown,LOW,0,,,,
data\diverse_training_data\frames\yt_01_006200.jpg,,yt_01_006200.jpg,Unknown,LOW,0,,,,
data\diverse_training_data\frames\yt_01_006250.jpg,,yt_01_006250.jpg,Unknown,LOW,0,,,,
data\diverse_training_data\frames\yt_01_006300.jpg,,yt_01_006300.jpg,Unknown,LOW,0,,,,
data\diverse_training_data\frames\yt_01_006350.jpg,,yt_01_006350.jpg,Unknown,LOW,0,,,,
data\diverse_training_data\frames\yt_01_006400.jpg,,yt_01_006400.jpg,Unknown,LOW,0,,,,
data\diverse_training_data\frames\yt_01_006450.jpg,,yt_01_006450.jpg,Unknown,LOW,0,,,,
data\diverse_training_data\frames\yt_01_006500.jpg,,yt_01_006500.jpg,Unknown,LOW,0,,,,
data\diverse_training_data\frames\yt_01_006550.jpg,,yt_01_006550.jpg,Unknown,LOW,0,,,,
data\diverse_training_data\frames\yt_01_006600.jpg,,yt_01_006600.jpg,Unknown,LOW,0,,,,
data\diverse_training_data\frames\yt_01_006650.jpg,,yt_01_006650.jpg,Unknown,LOW,0,,,,
data\diverse_training_data\frames\yt_01_006700.jpg,,yt_01_006700.jpg,Unknown,LOW,0,,,,
data\diverse_training_data\frames\yt_01_006750.jpg,,yt_01_006750.jpg,Unknown,LOW,0,,,,
data\diverse_training_data\frames\yt_01_006800.jpg,,yt_01_006800.jpg,Unknown,LOW,0,,,,
data\diverse_training_data\frames\yt_01_006850.jpg,,yt_01_006850.jpg,Unknown,LOW,0,,,,
data\diverse_training_data\frames\yt_01_006900.jpg,,yt_01_006900.jpg,Unknown,LOW,0,,,,
data\diverse_training_data\frames\yt_01_006950.jpg,,yt_01_006950.jpg,Unknown,LOW,0,,,,
data\diverse_training_data\frames\yt_01_007000.jpg,,yt_01_007000.jpg,Unknown,LOW,0,,,,
data\diverse_training_data\frames\yt_01_007050.jpg,,yt_01_007050.jpg,Unknown,LOW,0,,,,
data\diverse_training_data\frames\yt_01_007100.jpg,,yt_01_007100.jpg,Unknown,LOW,0,,,,
data\diverse_training_data\frames\yt_01_007150.jpg,,yt_01_007150.jpg,Unknown,LOW,0,,,,
data\diverse_training_data\frames\yt_01_007200.jpg,,yt_01_007200.jpg,Unknown,LOW,0,,,,
data\diverse_training_data\frames\yt_01_007250.jpg,,yt_01_007250.jpg,Unknown,LOW,0,,,,
data\diverse_training_data\frames\yt_01_007300.jpg,,yt_01_007300.jpg,Unknown,LOW,0,,,,
data\diverse_training_data\frames\yt_01_007350.jpg,,yt_01_007350.jpg,Unknown,LOW,0,,,,
data\diverse_training_data\frames\yt_01_007400.jpg,,yt_01_007400.jpg,Unknown,LOW,0,,,,
data\diverse_training_data\frames\yt_01_007450.jpg,,yt_01_007450.jpg,Unknown,LOW,0,,,,
data\diverse_training_data\frames\yt_01_007500.jpg,,yt_01_007500.jpg,Unknown,LOW,0,,,,
data\diverse_training_data\frames\yt_01_007550.jpg,,yt_01_007550.jpg,Unknown,LOW,0,,,,
data\diverse_training_data\frames\yt_01_007600.jpg,,yt_01_007600.jpg,Unknown,LOW,0,,,,
data\diverse_training_data\frames\yt_01_007650.jpg,,yt_01_007650.jpg,Unknown,LOW,0,,,,
data\diverse_training_data\frames\yt_01_007700.jpg,,yt_01_007700.jpg,Unknown,LOW,0,,,,
data\diverse_training_data\frames\yt_01_007750.jpg,,yt_01_007750.jpg,Unknown,LOW,0,,,,
data\diverse_training_data\frames\yt_01_007800.jpg,,yt_01_007800.jpg,Unknown,LOW,0,,,,
data\diverse_training_data\frames\yt_01_007850.jpg,,yt_01_007850.jpg,Unknown,LOW,0,,,,
data\diverse_training_data\frames\yt_01_007900.jpg,,yt_01_007900.jpg,Unknown,LOW,0,,,,
data\diverse_training_data\frames\yt_01_007950.jpg,,yt_01_007950.jpg,Unknown,LOW,0,,,,
data\diverse_training_data\frames\yt_01_008000.jpg,,yt_01_008000.jpg,Unknown,LOW,0,,,,
data\diverse_training_data\frames\yt_01_008050.jpg,,yt_01_008050.jpg,Unknown,LOW,0,,,,
data\diverse_training_data\frames\yt_01_008100.jpg,,yt_01_008100.jpg,Unknown,LOW,0,,,,
data\diverse_training_data\frames\yt_01_008150.jpg,,yt_01_008150.jpg,Unknown,LOW,0,,,,
data\diverse_training_data\frames\yt_01_008200.jpg,,yt_01_008200.jpg,Unknown,LOW,0,,,,
data\diverse_training_data\frames\yt_01_008250.jpg,,yt_01_008250.jpg,Unknown,LOW,0,,,,
data\diverse_training_data\frames\yt_01_008300.jpg,,yt_01_008300.jpg,Unknown,LOW,0,,,,
data\diverse_training_data\frames\yt_01_008350.jpg,,yt_01_008350.jpg,Unknown,LOW,0,,,,
data\diverse_training_data\frames\yt_01_008400.jpg,,yt_01_008400.jpg,Unknown,LOW,0,,,,
data\diverse_training_data\frames\yt_01_008450.jpg,,yt_01_008450.jpg,Unknown,LOW,0,,,,
data\diverse_training_data\frames\yt_01_008500.jpg,,yt_01_008500.jpg,Unknown,LOW,0,,,,
data\diverse_training_data\frames\yt_01_008550.jpg,,yt_01_008550.jpg,Unknown,LOW,0,,,,
data\diverse_training_data\frames\yt_01_008600.jpg,,yt_01_008600.jpg,Unknown,LOW,0,,,,
data\diverse_training_data\frames\yt_01_008650.jpg,,yt_01_008650.jpg,Unknown,LOW,0,,,,
data\diverse_training_data\frames\yt_01_008700.jpg,,yt_01_008700.jpg,Unknown,LOW,0,,,,
data\diverse_training_data\frames\yt_01_008750.jpg,,yt_01_008750.jpg,Unknown,LOW,0,,,,
data\diverse_training_data\frames\yt_01_008800.jpg,,yt_01_008800.jpg,Unknown,LOW,0,,,,
data\diverse_training_data\frames\yt_01_008850.jpg,,yt_01_008850.jpg,Unknown,LOW,0,,,,
data\diverse_training_data\frames\yt_01_008900.jpg,,yt_01_008900.jpg,Unknown,LOW,0,,,,
data\diverse_training_data\frames\yt_01_008950.jpg,,yt_01_008950.jpg,Unknown,LOW,0,,,,
data\diverse_training_data\frames\yt_01_009000.jpg,,yt_01_009000.jpg,Unknown,LOW,0,,,,
data\diverse_training_data\frames\yt_01_009050.jpg,,yt_01_009050.jpg,Unknown,LOW,0,,,,
data\diverse_training_data\frames\yt_01_009100.jpg,,yt_01_009100.jpg,Unknown,LOW,0,,,,
data\diverse_training_data\frames\yt_01_009150.jpg,,yt_01_009150.jpg,Unknown,LOW,0,,,,
data\diverse_training_data\frames\yt_01_009200.jpg,,yt_01_009200.jpg,Unknown,LOW,0,,,,
data\diverse_training_data\frames\yt_01_009250.jpg,,yt_01_009250.jpg,Unknown,LOW,0,,,,
data\diverse_training_data\frames\yt_01_009300.jpg,,yt_01_009300.jpg,Unknown,LOW,0,,,,
data\diverse_training_data\frames\yt_01_009350.jpg,,yt_01_009350.jpg,Unknown,LOW,0,,,,
data\diverse_training_data\frames\yt_01_009400.jpg,,yt_01_009400.jpg,Unknown,LOW,0,,,,
data\diverse_training_data\frames\yt_01_009450.jpg,,yt_01_009450.jpg,Unknown,LOW,0,,,,
data\diverse_training_data\frames\yt_01_009500.jpg,,yt_01_009500.jpg,Unknown,LOW,0,,,,
data\diverse_training_data\frames\yt_01_009550.jpg,,yt_01_009550.jpg,Unknown,LOW,0,,,,
data\diverse_training_data\frames\yt_01_009600.jpg,,yt_01_009600.jpg,Unknown,LOW,0,,,,
data\diverse_training_data\frames\yt_01_009650.jpg,,yt_01_009650.jpg,Unknown,LOW,0,,,,
data\diverse_training_data\frames\yt_01_009700.jpg,,yt_01_009700.jpg,Unknown,LOW,0,,,,
data\diverse_training_data\frames\yt_01_009750.jpg,,yt_01_009750.jpg,Unknown,LOW,0,,,,
data\diverse_training_data\frames\yt_01_009800.jpg,,yt_01_009800.jpg,Unknown,LOW,0,,,,
data\diverse_training_data\frames\yt_01_009850.jpg,,yt_01_009850.jpg,Unknown,LOW,0,,,,
data\diverse_training_data\frames\yt_01_009900.jpg,,yt_01_009900.jpg,Unknown,LOW,0,,,,
data\diverse_training_data\frames\yt_01_009950.jpg,,yt_01_009950.jpg,Unknown,LOW,0,,,,
data\diverse_training_data\frames\yt_02_000060.jpg,,yt_02_000060.jpg,Unknown,LOW,0,,,,
data\diverse_training_data\frames\yt_02_000120.jpg,,yt_02_000120.jpg,Unknown,LOW,0,,,,
data\diverse_training_data\frames\yt_02_000180.jpg,,yt_02_000180.jpg,Unknown,LOW,0,,,,
data\diverse_training_data\frames\yt_02_000240.jpg,,yt_02_000240.jpg,Unknown,LOW,0,,,,
data\diverse_training_data\frames\yt_02_000300.jpg,,yt_02_000300.jpg,Unknown,LOW,0,,,,
data\diverse_training_data\frames\yt_02_000360.jpg,,yt_02_000360.jpg,Unknown,LOW,0,,,,
data\diverse_training_data\frames\yt_02_000420.jpg,,yt_02_000420.jpg,Unknown,LOW,0,,,,
data\diverse_training_data\frames\yt_02_000480.jpg,,yt_02_000480.jpg,Unknown,LOW,0,,,,
data\diverse_training_data\frames\yt_02_000540.jpg,,yt_02_000540.jpg,Unknown,LOW,0,,,,
data\diverse_training_data\frames\yt_02_000600.jpg,,yt_02_000600.jpg,Unknown,LOW,0,,,,
data\diverse_training_data\frames\yt_02_000660.jpg,,yt_02_000660.jpg,Unknown,LOW,0,,,,
data\diverse_training_data\frames\yt_02_000720.jpg,,yt_02_000720.jpg,Unknown,LOW,0,,,,
data\diverse_training_data\frames\yt_02_000780.jpg,,yt_02_000780.jpg,Unknown,LOW,0,,,,
data\diverse_training_data\frames\yt_02_000840.jpg,,yt_02_000840.jpg,Unknown,LOW,0,,,,
data\diverse_training_data\frames\yt_02_000900.jpg,,yt_02_000900.jpg,Unknown,LOW,0,,,,
data\diverse_training_data\frames\yt_02_000960.jpg,,yt_02_000960.jpg,Unknown,LOW,0,,,,
data\diverse_training_data\frames\yt_02_001020.jpg,,yt_02_001020.jpg,Unknown,LOW,0,,,,
data\diverse_training_data\frames\yt_02_001140.jpg,,yt_02_001140.jpg,Unknown,LOW,0,,,,
data\diverse_training_data\frames\yt_02_001200.jpg,,yt_02_001200.jpg,Unknown,LOW,0,,,,
data\diverse_training_data\frames\yt_03_000420.jpg,,yt_03_000420.jpg,Unknown,LOW,0,,,,
data\diverse_training_data\frames\yt_03_000480.jpg,,yt_03_000480.jpg,Unknown,LOW,0,,,,
data\diverse_training_data\frames\yt_03_000660.jpg,,yt_03_000660.jpg,Unknown,LOW,0,,,,
data\diverse_training_data\frames\yt_03_000720.jpg,,yt_03_000720.jpg,Unknown,LOW,0,,,,
data\diverse_training_data\frames\yt_03_000780.jpg,,yt_03_000780.jpg,Unknown,LOW,0,,,,
data\diverse_training_data\frames\yt_03_000900.jpg,,yt_03_000900.jpg,Unknown,LOW,0,,,,
data\diverse_training_data\frames\yt_03_000960.jpg,,yt_03_000960.jpg,Unknown,LOW,0,,,,
data\diverse_training_data\frames\yt_03_001080.jpg,,yt_03_001080.jpg,Unknown,LOW,0,,,,
data\diverse_training_data\frames\yt_03_001140.jpg,,yt_03_001140.jpg,Unknown,LOW,0,,,,
data\diverse_training_data\frames\yt_03_001260.jpg,,yt_03_001260.jpg,Unknown,LOW,0,,,,
data\diverse_training_data\frames\yt_03_001320.jpg,,yt_03_001320.jpg,Unknown,LOW,0,,,,
data\diverse_training_data\frames\yt_03_001380.jpg,,yt_03_001380.jpg,Unknown,LOW,0,,,,
data\diverse_training_data\frames\yt_03_001440.jpg,,yt_03_001440.jpg,Unknown,LOW,0,,,,
data\diverse_training_data\frames\yt_03_001500.jpg,,yt_03_001500.jpg,Unknown,LOW,0,,,,
data\diverse_training_data\frames\yt_03_001560.jpg,,yt_03_001560.jpg,Unknown,LOW,0,,,,
data\diverse_training_data\frames\yt_03_001620.jpg,,yt_03_001620.jpg,Unknown,LOW,0,,,,
data\diverse_training_data\frames\yt_03_001680.jpg,,yt_03_001680.jpg,Unknown,LOW,0,,,,
data\diverse_training_data\frames\yt_03_001740.jpg,,yt_03_001740.jpg,Unknown,LOW,0,,,,
data\diverse_training_data\frames\yt_03_001800.jpg,,yt_03_001800.jpg,Unknown,LOW,0,,,,
data\diverse_training_data\frames\yt_03_001860.jpg,,yt_03_001860.jpg,Unknown,LOW,0,,,,
data\diverse_training_data\frames\yt_03_001980.jpg,,yt_03_001980.jpg,Unknown,LOW,0,,,,
data\diverse_training_data\frames\yt_03_002220.jpg,,yt_03_002220.jpg,Unknown,LOW,0,,,,
data\diverse_training_data\frames\yt_04_000250.jpg,,yt_04_000250.jpg,Unknown,LOW,0,,,,
data\diverse_training_data\frames\yt_04_000300.jpg,,yt_04_000300.jpg,Unknown,LOW,0,,,,
data\diverse_training_data\frames\yt_04_000350.jpg,,yt_04_000350.jpg,Unknown,LOW,0,,,,
data\diverse_training_data\frames\yt_04_000400.jpg,,yt_04_000400.jpg,Unknown,LOW,0,,,,
data\diverse_training_data\frames\yt_04_000450.jpg,,yt_04_000450.jpg,Unknown,LOW,0,,,,
data\diverse_training_data\frames\yt_04_000500.jpg,,yt_04_000500.jpg,Unknown,LOW,0,,,,
data\diverse_training_data\frames\yt_04_000550.jpg,,yt_04_000550.jpg,Unknown,LOW,0,,,,
data\diverse_training_data\frames\yt_04_000600.jpg,,yt_04_000600.jpg,Unknown,LOW,0,,,,
data\diverse_training_data\frames\yt_04_000650.jpg,,yt_04_000650.jpg,Unknown,LOW,0,,,,
data\diverse_training_data\frames\yt_04_000700.jpg,,yt_04_000700.jpg,Unknown,LOW,0,,,,
data\diverse_training_data\frames\yt_04_000750.jpg,,yt_04_000750.jpg,Unknown,LOW,0,,,,
data\diverse_training_data\frames\yt_04_000800.jpg,,yt_04_000800.jpg,Unknown,LOW,0,,,,
data\diverse_training_data\frames\yt_04_000850.jpg,,yt_04_000850.jpg,Unknown,LOW,0,,,,
data\diverse_training_data\frames\yt_04_000900.jpg,,yt_04_000900.jpg,Unknown,LOW,0,,,,
data\diverse_training_data\frames\yt_04_000950.jpg,,yt_04_000950.jpg,Unknown,LOW,0,,,,
data\diverse_training_data\frames\yt_04_001000.jpg,,yt_04_001000.jpg,Unknown,LOW,0,,,,
data\diverse_training_data\frames\yt_04_001050.jpg,,yt_04_001050.jpg,Unknown,LOW,0,,,,
data\diverse_training_data\frames\yt_04_001100.jpg,,yt_04_001100.jpg,Unknown,LOW,0,,,,
data\diverse_training_data\frames\yt_04_001200.jpg,,yt_04_001200.jpg,Unknown,LOW,0,,,,
data\diverse_training_data\frames\yt_04_001250.jpg,,yt_04_001250.jpg,Unknown,LOW,0,,,,
data\diverse_training_data\frames\yt_04_001300.jpg,,yt_04_001300.jpg,Unknown,LOW,0,,,,
data\diverse_training_data\frames\yt_04_001400.jpg,,yt_04_001400.jpg,Unknown,LOW,0,,,,
data\diverse_training_data\frames\yt_04_001450.jpg,,yt_04_001450.jpg,Unknown,LOW,0,,,,
data\diverse_training_data\frames\yt_04_001500.jpg,,yt_04_001500.jpg,Unknown,LOW,0,,,,
data\diverse_training_data\frames\yt_04_001550.jpg,,yt_04_001550.jpg,Unknown,LOW,0,,,,
data\diverse_training_data\frames\yt_04_001600.jpg,,yt_04_001600.jpg,Unknown,LOW,0,,,,
data\diverse_training_data\frames\yt_04_001650.jpg,,yt_04_001650.jpg,Unknown,LOW,0,,,,
data\diverse_training_data\frames\yt_04_001700.jpg,,yt_04_001700.jpg,Unknown,LOW,0,,,,
data\diverse_training_data\frames\yt_04_001750.jpg,,yt_04_001750.jpg,Unknown,LOW,0,,,,
data\diverse_training_data\frames\yt_04_001800.jpg,,yt_04_001800.jpg,Unknown,LOW,0,,,,
data\diverse_training_data\frames\yt_04_001850.jpg,,yt_04_001850.jpg,Unknown,LOW,0,,,,
data\diverse_training_data\frames\yt_04_001900.jpg,,yt_04_001900.jpg,Unknown,LOW,0,,,,
data\diverse_training_data\frames\yt_04_001950.jpg,,yt_04_001950.jpg,Unknown,LOW,0,,,,
data\diverse_training_data\frames\yt_04_002000.jpg,,yt_04_002000.jpg,Unknown,LOW,0,,,,
data\diverse_training_data\frames\yt_04_002050.jpg,,yt_04_002050.jpg,Unknown,LOW,0,,,,
data\diverse_training_data\frames\yt_04_002100.jpg,,yt_04_002100.jpg,Unknown,LOW,0,,,,
data\diverse_training_data\frames\yt_04_002200.jpg,,yt_04_002200.jpg,Unknown,LOW,0,,,,
data\diverse_training_data\frames\yt_04_002250.jpg,,yt_04_002250.jpg,Unknown,LOW,0,,,,
data\diverse_training_data\frames\yt_04_002300.jpg,,yt_04_002300.jpg,Unknown,LOW,0,,,,
data\diverse_training_data\frames\yt_04_002350.jpg,,yt_04_002350.jpg,Unknown,LOW,0,,,,
data\diverse_training_data\frames\yt_04_002400.jpg,,yt_04_002400.jpg,Unknown,LOW,0,,,,
data\diverse_training_data\frames\yt_04_002450.jpg,,yt_04_002450.jpg,Unknown,LOW,0,,,,
data\diverse_training_data\frames\yt_04_002500.jpg,,yt_04_002500.jpg,Unknown,LOW,0,,,,
data\diverse_training_data\frames\yt_04_002550.jpg,,yt_04_002550.jpg,Unknown,LOW,0,,,,
data\diverse_training_data\frames\yt_04_002600.jpg,,yt_04_002600.jpg,Unknown,LOW,0,,,,
data\diverse_training_data\frames\yt_04_002650.jpg,,yt_04_002650.jpg,Unknown,LOW,0,,,,
data\diverse_training_data\frames\yt_04_002700.jpg,,yt_04_002700.jpg,Unknown,LOW,0,,,,
data\diverse_training_data\frames\yt_04_002750.jpg,,yt_04_002750.jpg,Unknown,LOW,0,,,,
data\diverse_training_data\frames\yt_04_002800.jpg,,yt_04_002800.jpg,Unknown,LOW,0,,,,
data\diverse_training_data\frames\yt_04_002900.jpg,,yt_04_002900.jpg,Unknown,LOW,0,,,,
data\diverse_training_data\frames\yt_04_002950.jpg,,yt_04_002950.jpg,Unknown,LOW,0,,,,
data\diverse_training_data\frames\yt_04_003050.jpg,,yt_04_003050.jpg,Unknown,LOW,0,,,,
data\diverse_training_data\frames\yt_04_003100.jpg,,yt_04_003100.jpg,Unknown,LOW,0,,,,
data\diverse_training_data\frames\yt_04_003150.jpg,,yt_04_003150.jpg,Unknown,LOW,0,,,,
data\diverse_training_data\frames\yt_04_003250.jpg,,yt_04_003250.jpg,Unknown,LOW,0,,,,
data\diverse_training_data\frames\yt_04_003300.jpg,,yt_04_003300.jpg,Unknown,LOW,0,,,,
data\diverse_training_data\frames\yt_04_003350.jpg,,yt_04_003350.jpg,Unknown,LOW,0,,,,
data\diverse_training_data\frames\yt_04_003450.jpg,,yt_04_003450.jpg,Unknown,LOW,0,,,,
data\diverse_training_data\frames\yt_04_003500.jpg,,yt_04_003500.jpg,Unknown,LOW,0,,,,
data\diverse_training_data\frames\yt_04_003550.jpg,,yt_04_003550.jpg,Unknown,LOW,0,,,,
data\diverse_training_data\frames\yt_04_003600.jpg,,yt_04_003600.jpg,Unknown,LOW,0,,,,
data\diverse_training_data\frames\yt_04_003650.jpg,,yt_04_003650.jpg,Unknown,LOW,0,,,,
data\diverse_training_data\frames\yt_04_003700.jpg,,yt_04_003700.jpg,Unknown,LOW,0,,,,
data\diverse_training_data\frames\yt_04_003750.jpg,,yt_04_003750.jpg,Unknown,LOW,0,,,,
data\diverse_training_data\frames\yt_04_003800.jpg,,yt_04_003800.jpg,Unknown,LOW,0,,,,
data\diverse_training_data\frames\yt_04_003850.jpg,,yt_04_003850.jpg,Unknown,LOW,0,,,,
data\diverse_training_data\frames\yt_04_003900.jpg,,yt_04_003900.jpg,Unknown,LOW,0,,,,
data\diverse_training_data\frames\yt_05_000150.jpg,,yt_05_000150.jpg,Unknown,LOW,0,,,,
data\diverse_training_data\frames\yt_05_000200.jpg,,yt_05_000200.jpg,Unknown,LOW,0,,,,
data\diverse_training_data\frames\yt_05_000250.jpg,,yt_05_000250.jpg,Unknown,LOW,0,,,,
data\diverse_training_data\frames\yt_05_000300.jpg,,yt_05_000300.jpg,Unknown,LOW,0,,,,
data\diverse_training_data\frames\yt_05_000350.jpg,,yt_05_000350.jpg,Unknown,LOW,0,,,,
data\diverse_training_data\frames\yt_05_000400.jpg,,yt_05_000400.jpg,Unknown,LOW,0,,,,
data\diverse_training_data\frames\yt_05_000450.jpg,,yt_05_000450.jpg,Unknown,LOW,0,,,,
data\diverse_training_data\frames\yt_05_000500.jpg,,yt_05_000500.jpg,Unknown,LOW,0,,,,
data\diverse_training_data\frames\yt_05_000550.jpg,,yt_05_000550.jpg,Unknown,LOW,0,,,,
data\diverse_training_data\frames\yt_05_000600.jpg,,yt_05_000600.jpg,Unknown,LOW,0,,,,
data\diverse_training_data\frames\yt_05_000650.jpg,,yt_05_000650.jpg,Unknown,LOW,0,,,,
data\diverse_training_data\frames\yt_05_000700.jpg,,yt_05_000700.jpg,Unknown,LOW,0,,,,
data\diverse_training_data\frames\yt_05_002200.jpg,,yt_05_002200.jpg,Unknown,LOW,0,,,,
data\diverse_training_data\frames\yt_05_002250.jpg,,yt_05_002250.jpg,Unknown,LOW,0,,,,
data\diverse_training_data\frames\yt_05_002300.jpg,,yt_05_002300.jpg,Unknown,LOW,0,,,,
data\diverse_training_data\frames\yt_05_002350.jpg,,yt_05_002350.jpg,Unknown,LOW,0,,,,
data\diverse_training_data\frames\yt_05_002400.jpg,,yt_05_002400.jpg,Unknown,LOW,0,,,,
data\diverse_training_data\frames\yt_05_002450.jpg,,yt_05_002450.jpg,Unknown,LOW,0,,,,
data\diverse_training_data\frames\yt_05_002500.jpg,,yt_05_002500.jpg,Unknown,LOW,0,,,,
data\diverse_training_data\frames\yt_05_002550.jpg,,yt_05_002550.jpg,Unknown,LOW,0,,,,
data\diverse_training_data\frames\yt_05_002600.jpg,,yt_05_002600.jpg,Unknown,LOW,0,,,,
data\diverse_training_data\frames\yt_05_002650.jpg,,yt_05_002650.jpg,Unknown,LOW,0,,,,
data\diverse_training_data\frames\yt_05_002700.jpg,,yt_05_002700.jpg,Unknown,LOW,0,,,,
data\diverse_training_data\frames\yt_05_002750.jpg,,yt_05_002750.jpg,Unknown,LOW,0,,,,
data\diverse_training_data\frames\yt_05_002800.jpg,,yt_05_002800.jpg,Unknown,LOW,0,,,,
data\diverse_training_data\frames\yt_05_002850.jpg,,yt_05_002850.jpg,Unknown,LOW,0,,,,
data\diverse_training_data\frames\yt_05_002900.jpg,,yt_05_002900.jpg,Unknown,LOW,0,,,,
data\diverse_training_data\frames\yt_05_002950.jpg,,yt_05_002950.jpg,Unknown,LOW,0,,,,
data\diverse_training_data\frames\yt_05_003000.jpg,,yt_05_003000.jpg,Unknown,LOW,0,,,,
data\diverse_training_data\frames\yt_05_003050.jpg,,yt_05_003050.jpg,Unknown,LOW,0,,,,
data\diverse_training_data\frames\yt_05_003100.jpg,,yt_05_003100.jpg,Unknown,LOW,0,,,,
data\diverse_training_data\frames\yt_05_003150.jpg,,yt_05_003150.jpg,Unknown,LOW,0,,,,
data\diverse_training_data\frames\yt_05_003200.jpg,,yt_05_003200.jpg,Unknown,LOW,0,,,,
data\diverse_training_data\frames\yt_05_003250.jpg,,yt_05_003250.jpg,Unknown,LOW,0,,,,
data\diverse_training_data\frames\yt_05_003300.jpg,,yt_05_003300.jpg,Unknown,LOW,0,,,,
data\diverse_training_data\frames\yt_05_003350.jpg,,yt_05_003350.jpg,Unknown,LOW,0,,,,
data\diverse_training_data\frames\yt_05_003400.jpg,,yt_05_003400.jpg,Unknown,LOW,0,,,,
data\diverse_training_data\frames\yt_05_003450.jpg,,yt_05_003450.jpg,Unknown,LOW,0,,,,
data\diverse_training_data\frames\yt_05_003500.jpg,,yt_05_003500.jpg,Unknown,LOW,0,,,,
data\diverse_training_data\frames\yt_05_003600.jpg,,yt_05_003600.jpg,Unknown,LOW,0,,,,
data\diverse_training_data\frames\yt_05_003650.jpg,,yt_05_003650.jpg,Unknown,LOW,0,,,,
data\diverse_training_data\frames\yt_05_003700.jpg,,yt_05_003700.jpg,Unknown,LOW,0,,,,
data\diverse_training_data\frames\yt_05_003750.jpg,,yt_05_003750.jpg,Unknown,LOW,0,,,,
data\diverse_training_data\frames\yt_05_003800.jpg,,yt_05_003800.jpg,Unknown,LOW,0,,,,
data\diverse_training_data\frames\yt_05_003850.jpg,,yt_05_003850.jpg,Unknown,LOW,0,,,,
data\diverse_training_data\frames\yt_05_003900.jpg,,yt_05_003900.jpg,Unknown,LOW,0,,,,
data\diverse_training_data\frames\yt_05_004250.jpg,,yt_05_004250.jpg,Unknown,LOW,0,,,,
data\diverse_training_data\frames\yt_05_004300.jpg,,yt_05_004300.jpg,Unknown,LOW,0,,,,
data\diverse_training_data\frames\yt_06_000177.jpg,,yt_06_000177.jpg,Unknown,LOW,0,,,,
data\diverse_training_data\frames\yt_06_000236.jpg,,yt_06_000236.jpg,Unknown,LOW,0,,,,
data\diverse_training_data\frames\yt_06_000354.jpg,,yt_06_000354.jpg,Unknown,LOW,0,,,,
data\diverse_training_data\frames\yt_06_000472.jpg,,yt_06_000472.jpg,Unknown,LOW,0,,,,
data\diverse_training_data\frames\yt_06_000649.jpg,,yt_06_000649.jpg,Unknown,LOW,0,,,,
data\diverse_training_data\frames\yt_06_000708.jpg,,yt_06_000708.jpg,Unknown,LOW,0,,,,
data\diverse_training_data\frames\yt_06_000767.jpg,,yt_06_000767.jpg,Unknown,LOW,0,,,,
data\diverse_training_data\frames\yt_06_000826.jpg,,yt_06_000826.jpg,Unknown,LOW,0,,,,
data\diverse_training_data\frames\yt_06_000885.jpg,,yt_06_000885.jpg,Unknown,LOW,0,,,,
data\diverse_training_data\frames\yt_06_000944.jpg,,yt_06_000944.jpg,Unknown,LOW,0,,,,
data\diverse_training_data\frames\yt_06_001062.jpg,,yt_06_001062.jpg,Unknown,LOW,0,,,,
data\diverse_training_data\frames\yt_06_001121.jpg,,yt_06_001121.jpg,Unknown,LOW,0,,,,
data\diverse_training_data\frames\yt_06_001239.jpg,,yt_06_001239.jpg,Unknown,LOW,0,,,,
data\diverse_training_data\frames\yt_06_001298.jpg,,yt_06_001298.jpg,Unknown,LOW,0,,,,
data\diverse_training_data\frames\yt_06_001357.jpg,,yt_06_001357.jpg,Unknown,LOW,0,,,,
data\diverse_training_data\frames\yt_06_001416.jpg,,yt_06_001416.jpg,Unknown,LOW,0,,,,
data\diverse_training_data\frames\yt_06_001475.jpg,,yt_06_001475.jpg,Unknown,LOW,0,,,,
data\diverse_training_data\frames\yt_06_001534.jpg,,yt_06_001534.jpg,Unknown,LOW,0,,,,
data\diverse_training_data\frames\yt_06_001947.jpg,,yt_06_001947.jpg,Unknown,LOW,0,,,,
data\diverse_training_data\frames\yt_06_002006.jpg,,yt_06_002006.jpg,Unknown,LOW,0,,,,
data\diverse_training_data\frames\yt_06_002301.jpg,,yt_06_002301.jpg,Unknown,LOW,0,,,,
data\diverse_training_data\frames\yt_06_002537.jpg,,yt_06_002537.jpg,Unknown,LOW,0,,,,
data\diverse_training_data\frames\yt_06_002596.jpg,,yt_06_002596.jpg,Unknown,LOW,0,,,,
data\diverse_training_data\frames\yt_06_002655.jpg,,yt_06_002655.jpg,Unknown,LOW,0,,,,
data\diverse_training_data\frames\yt_06_002714.jpg,,yt_06_002714.jpg,Unknown,LOW,0,,,,
data\diverse_training_data\frames\yt_06_002773.jpg,,yt_06_002773.jpg,Unknown,LOW,0,,,,
data\diverse_training_data\frames\yt_06_002832.jpg,,yt_06_002832.jpg,Unknown,LOW,0,,,,
data\diverse_training_data\frames\yt_06_002950.jpg,,yt_06_002950.jpg,Unknown,LOW,0,,,,
data\diverse_training_data\frames\yt_06_003009.jpg,,yt_06_003009.jpg,Unknown,LOW,0,,,,
data\diverse_training_data\frames\yt_06_003068.jpg,,yt_06_003068.jpg,Unknown,LOW,0,,,,
data\diverse_training_data\frames\yt_06_003245.jpg,,yt_06_003245.jpg,Unknown,LOW,0,,,,
data\diverse_training_data\frames\yt_06_003304.jpg,,yt_06_003304.jpg,Unknown,LOW,0,,,,
data\diverse_training_data\frames\yt_06_003363.jpg,,yt_06_003363.jpg,Unknown,LOW,0,,,,
data\diverse_training_data\frames\yt_06_003422.jpg,,yt_06_003422.jpg,Unknown,LOW,0,,,,
data\diverse_training_data\frames\yt_06_003540.jpg,,yt_06_003540.jpg,Unknown,LOW,0,,,,
data\diverse_training_data\frames\yt_06_003599.jpg,,yt_06_003599.jpg,Unknown,LOW,0,,,,
data\diverse_training_data\frames\yt_06_003658.jpg,,yt_06_003658.jpg,Unknown,LOW,0,,,,
data\diverse_training_data\frames\yt_06_003717.jpg,,yt_06_003717.jpg,Unknown,LOW,0,,,,
data\diverse_training_data\frames\yt_06_003776.jpg,,yt_06_003776.jpg,Unknown,LOW,0,,,,
data\diverse_training_data\frames\yt_06_003835.jpg,,yt_06_003835.jpg,Unknown,LOW,0,,,,
data\diverse_training_data\frames\yt_06_004071.jpg,,yt_06_004071.jpg,Unknown,LOW,0,,,,
data\diverse_training_data\frames\yt_06_004130.jpg,,yt_06_004130.jpg,Unknown,LOW,0,,,,
data\diverse_training_data\frames\yt_06_004189.jpg,,yt_06_004189.jpg,Unknown,LOW,0,,,,
data\diverse_training_data\frames\yt_06_004248.jpg,,yt_06_004248.jpg,Unknown,LOW,0,,,,
data\diverse_training_data\frames\yt_06_004307.jpg,,yt_06_004307.jpg,Unknown,LOW,0,,,,
data\diverse_training_data\frames\yt_06_004366.jpg,,yt_06_004366.jpg,Unknown,LOW,0,,,,
data\diverse_training_data\frames\yt_06_004425.jpg,,yt_06_004425.jpg,Unknown,LOW,0,,,,
data\diverse_training_data\frames\yt_06_004543.jpg,,yt_06_004543.jpg,Unknown,LOW,0,,,,
data\diverse_training_data\frames\yt_06_004602.jpg,,yt_06_004602.jpg,Unknown,LOW,0,,,,
data\diverse_training_data\frames\yt_06_004661.jpg,,yt_06_004661.jpg,Unknown,LOW,0,,,,
data\diverse_training_data\frames\yt_06_005074.jpg,,yt_06_005074.jpg,Unknown,LOW,0,,,,
data\diverse_training_data\frames\yt_06_005133.jpg,,yt_06_005133.jpg,Unknown,LOW,0,,,,
data\diverse_training_data\frames\yt_06_005369.jpg,,yt_06_005369.jpg,Unknown,LOW,0,,,,
data\diverse_training_data\frames\yt_06_005428.jpg,,yt_06_005428.jpg,Unknown,LOW,0,,,,
data\diverse_training_data\frames\yt_07_000236.jpg,,yt_07_000236.jpg,Unknown,LOW,0,,,,
data\diverse_training_data\frames\yt_07_000295.jpg,,yt_07_000295.jpg,Unknown,LOW,0,,,,
data\diverse_training_data\frames\yt_07_000354.jpg,,yt_07_000354.jpg,Unknown,LOW,0,,,,
data\diverse_training_data\frames\yt_07_000413.jpg,,yt_07_000413.jpg,Unknown,LOW,0,,,,
data\diverse_training_data\frames\yt_07_000472.jpg,,yt_07_000472.jpg,Unknown,LOW,0,,,,
data\diverse_training_data\frames\yt_07_000531.jpg,,yt_07_000531.jpg,Unknown,LOW,0,,,,
data\diverse_training_data\frames\yt_07_000590.jpg,,yt_07_000590.jpg,Unknown,LOW,0,,,,
data\diverse_training_data\frames\yt_07_000649.jpg,,yt_07_000649.jpg,Unknown,LOW,0,,,,
data\diverse_training_data\frames\yt_07_000708.jpg,,yt_07_000708.jpg,Unknown,LOW,0,,,,
data\diverse_training_data\frames\yt_07_000767.jpg,,yt_07_000767.jpg,Unknown,LOW,0,,,,
data\diverse_training_data\frames\yt_07_000826.jpg,,yt_07_000826.jpg,Unknown,LOW,0,,,,
data\diverse_training_data\frames\yt_07_000885.jpg,,yt_07_000885.jpg,Unknown,LOW,0,,,,
data\diverse_training_data\frames\yt_07_000944.jpg,,yt_07_000944.jpg,Unknown,LOW,0,,,,
data\diverse_training_data\frames\yt_07_001003.jpg,,yt_07_001003.jpg,Unknown,LOW,0,,,,
data\diverse_training_data\frames\yt_07_001062.jpg,,yt_07_001062.jpg,Unknown,LOW,0,,,,
data\diverse_training_data\frames\yt_07_001121.jpg,,yt_07_001121.jpg,Unknown,LOW,0,,,,
data\diverse_training_data\frames\yt_07_001180.jpg,,yt_07_001180.jpg,Unknown,LOW,0,,,,
data\diverse_training_data\frames\yt_07_001239.jpg,,yt_07_001239.jpg,Unknown,LOW,0,,,,
data\diverse_training_data\frames\yt_07_001298.jpg,,yt_07_001298.jpg,Unknown,LOW,0,,,,
data\diverse_training_data\frames\yt_07_001357.jpg,,yt_07_001357.jpg,Unknown,LOW,0,,,,
data\diverse_training_data\frames\yt_07_001416.jpg,,yt_07_001416.jpg,Unknown,LOW,0,,,,
data\diverse_training_data\frames\yt_07_001475.jpg,,yt_07_001475.jpg,Unknown,LOW,0,,,,
data\diverse_training_data\frames\yt_07_001534.jpg,,yt_07_001534.jpg,Unknown,LOW,0,,,,
data\diverse_training_data\frames\yt_07_001593.jpg,,yt_07_001593.jpg,Unknown,LOW,0,,,,
data\diverse_training_data\frames\yt_07_001652.jpg,,yt_07_001652.jpg,Unknown,LOW,0,,,,
data\diverse_training_data\frames\yt_07_001711.jpg,,yt_07_001711.jpg,Unknown,LOW,0,,,,
data\diverse_training_data\frames\yt_07_001770.jpg,,yt_07_001770.jpg,Unknown,LOW,0,,,,
data\diverse_training_data\frames\yt_07_001829.jpg,,yt_07_001829.jpg,Unknown,LOW,0,,,,
data\diverse_training_data\frames\yt_07_001888.jpg,,yt_07_001888.jpg,Unknown,LOW,0,,,,
data\diverse_training_data\frames\yt_07_001947.jpg,,yt_07_001947.jpg,Unknown,LOW,0,,,,
data\diverse_training_data\frames\yt_07_002006.jpg,,yt_07_002006.jpg,Unknown,LOW,0,,,,
data\diverse_training_data\frames\yt_07_002065.jpg,,yt_07_002065.jpg,Unknown,LOW,0,,,,
data\diverse_training_data\frames\yt_07_002124.jpg,,yt_07_002124.jpg,Unknown,LOW,0,,,,
data\diverse_training_data\frames\yt_07_002183.jpg,,yt_07_002183.jpg,Unknown,LOW,0,,,,
data\diverse_training_data\frames\yt_07_002242.jpg,,yt_07_002242.jpg,Unknown,LOW,0,,,,
data\diverse_training_data\frames\yt_07_002301.jpg,,yt_07_002301.jpg,Unknown,LOW,0,,,,
data\diverse_training_data\frames\yt_07_002360.jpg,,yt_07_002360.jpg,Unknown,LOW,0,,,,
data\diverse_training_data\frames\yt_07_002419.jpg,,yt_07_002419.jpg,Unknown,LOW,0,,,,
data\diverse_training_data\frames\yt_07_002478.jpg,,yt_07_002478.jpg,Unknown,LOW,0,,,,
data\diverse_training_data\frames\yt_07_002537.jpg,,yt_07_002537.jpg,Unknown,LOW,0,,,,
data\diverse_training_data\frames\yt_07_002596.jpg,,yt_07_002596.jpg,Unknown,LOW,0,,,,
data\diverse_training_data\frames\yt_07_002655.jpg,,yt_07_002655.jpg,Unknown,LOW,0,,,,
data\diverse_training_data\frames\yt_07_002950.jpg,,yt_07_002950.jpg,Unknown,LOW,0,,,,
data\diverse_training_data\frames\yt_07_003009.jpg,,yt_07_003009.jpg,Unknown,LOW,0,,,,
data\diverse_training_data\frames\yt_07_003068.jpg,,yt_07_003068.jpg,Unknown,LOW,0,,,,
data\diverse_training_data\frames\yt_07_003127.jpg,,yt_07_003127.jpg,Unknown,LOW,0,,,,
data\diverse_training_data\frames\yt_07_003186.jpg,,yt_07_003186.jpg,Unknown,LOW,0,,,,
data\diverse_training_data\frames\yt_08_000059.jpg,,yt_08_000059.jpg,Unknown,LOW,0,,,,
data\diverse_training_data\frames\yt_08_000118.jpg,,yt_08_000118.jpg,Unknown,LOW,0,,,,
data\diverse_training_data\frames\yt_08_000177.jpg,,yt_08_000177.jpg,Unknown,LOW,0,,,,
data\diverse_training_data\frames\yt_08_000236.jpg,,yt_08_000236.jpg,Unknown,LOW,0,,,,
data\diverse_training_data\frames\yt_08_000295.jpg,,yt_08_000295.jpg,Unknown,LOW,0,,,,
data\diverse_training_data\frames\yt_08_000413.jpg,,yt_08_000413.jpg,Unknown,LOW,0,,,,
data\diverse_training_data\frames\yt_08_000590.jpg,,yt_08_000590.jpg,Unknown,LOW,0,,,,
data\diverse_training_data\frames\yt_08_000649.jpg,,yt_08_000649.jpg,Unknown,LOW,0,,,,
data\diverse_training_data\frames\yt_08_000708.jpg,,yt_08_000708.jpg,Unknown,LOW,0,,,,
data\diverse_training_data\frames\yt_08_000767.jpg,,yt_08_000767.jpg,Unknown,LOW,0,,,,
data\diverse_training_data\frames\yt_08_000826.jpg,,yt_08_000826.jpg,Unknown,LOW,0,,,,
data\diverse_training_data\frames\yt_08_000885.jpg,,yt_08_000885.jpg,Unknown,LOW,0,,,,
data\diverse_training_data\frames\yt_08_001003.jpg,,yt_08_001003.jpg,Unknown,LOW,0,,,,
data\diverse_training_data\frames\yt_08_001062.jpg,,yt_08_001062.jpg,Unknown,LOW,0,,,,
data\diverse_training_data\frames\yt_08_001121.jpg,,yt_08_001121.jpg,Unknown,LOW,0,,,,
data\diverse_training_data\frames\yt_08_001239.jpg,,yt_08_001239.jpg,Unknown,LOW,0,,,,
data\diverse_training_data\frames\yt_08_001475.jpg,,yt_08_001475.jpg,Unknown,LOW,0,,,,
data\diverse_training_data\frames\yt_08_001593.jpg,,yt_08_001593.jpg,Unknown,LOW,0,,,,
data\diverse_training_data\frames\yt_08_001652.jpg,,yt_08_001652.jpg,Unknown,LOW,0,,,,
data\diverse_training_data\frames\yt_08_001711.jpg,,yt_08_001711.jpg,Unknown,LOW,0,,,,
data\diverse_training_data\frames\yt_08_001770.jpg,,yt_08_001770.jpg,Unknown,LOW,0,,,,
data\diverse_training_data\frames\yt_08_001829.jpg,,yt_08_001829.jpg,Unknown,LOW,0,,,,
data\diverse_training_data\frames\yt_08_001888.jpg,,yt_08_001888.jpg,Unknown,LOW,0,,,,
data\diverse_training_data\frames\yt_08_001947.jpg,,yt_08_001947.jpg,Unknown,LOW,0,,,,
data\diverse_training_data\frames\yt_08_002006.jpg,,yt_08_002006.jpg,Unknown,LOW,0,,,,
data\diverse_training_data\frames\yt_08_002065.jpg,,yt_08_002065.jpg,Unknown,LOW,0,,,,
data\diverse_training_data\frames\yt_08_002183.jpg,,yt_08_002183.jpg,Unknown,LOW,0,,,,
data\diverse_training_data\frames\yt_08_002242.jpg,,yt_08_002242.jpg,Unknown,LOW,0,,,,
data\diverse_training_data\frames\yt_08_002301.jpg,,yt_08_002301.jpg,Unknown,LOW,0,,,,
data\diverse_training_data\frames\yt_08_002360.jpg,,yt_08_002360.jpg,Unknown,LOW,0,,,,
data\diverse_training_data\frames\yt_09_000059.jpg,,yt_09_000059.jpg,Unknown,LOW,0,,,,
data\diverse_training_data\frames\yt_09_000177.jpg,,yt_09_000177.jpg,Unknown,LOW,0,,,,
data\diverse_training_data\frames\yt_09_000236.jpg,,yt_09_000236.jpg,Unknown,LOW,0,,,,
data\diverse_training_data\frames\yt_09_000295.jpg,,yt_09_000295.jpg,Unknown,LOW,0,,,,
data\diverse_training_data\frames\yt_09_000472.jpg,,yt_09_000472.jpg,Unknown,LOW,0,,,,
data\diverse_training_data\frames\yt_09_000531.jpg,,yt_09_000531.jpg,Unknown,LOW,0,,,,
data\diverse_training_data\frames\yt_09_000590.jpg,,yt_09_000590.jpg,Unknown,LOW,0,,,,
data\diverse_training_data\frames\yt_09_000649.jpg,,yt_09_000649.jpg,Unknown,LOW,0,,,,
data\diverse_training_data\frames\yt_09_000708.jpg,,yt_09_000708.jpg,Unknown,LOW,0,,,,
data\diverse_training_data\frames\yt_09_000767.jpg,,yt_09_000767.jpg,Unknown,LOW,0,,,,
data\diverse_training_data\frames\yt_09_000885.jpg,,yt_09_000885.jpg,Unknown,LOW,0,,,,
data\diverse_training_data\frames\yt_09_000944.jpg,,yt_09_000944.jpg,Unknown,LOW,0,,,,
data\diverse_training_data\frames\yt_09_001003.jpg,,yt_09_001003.jpg,Unknown,LOW,0,,,,
data\diverse_training_data\frames\yt_09_001062.jpg,,yt_09_001062.jpg,Unknown,LOW,0,,,,
data\diverse_training_data\frames\yt_09_001121.jpg,,yt_09_001121.jpg,Unknown,LOW,0,,,,
data\diverse_training_data\frames\yt_09_001180.jpg,,yt_09_001180.jpg,Unknown,LOW,0,,,,
data\diverse_training_data\frames\yt_09_001239.jpg,,yt_09_001239.jpg,Unknown,LOW,0,,,,
data\diverse_training_data\frames\yt_09_001298.jpg,,yt_09_001298.jpg,Unknown,LOW,0,,,,
data\diverse_training_data\frames\yt_09_001357.jpg,,yt_09_001357.jpg,Unknown,LOW,0,,,,
data\diverse_training_data\frames\yt_09_001416.jpg,,yt_09_001416.jpg,Unknown,LOW,0,,,,
data\diverse_training_data\frames\yt_09_001475.jpg,,yt_09_001475.jpg,Unknown,LOW,0,,,,
data\diverse_training_data\frames\yt_09_001534.jpg,,yt_09_001534.jpg,Unknown,LOW,0,,,,
data\diverse_training_data\frames\yt_09_001770.jpg,,yt_09_001770.jpg,Unknown,LOW,0,,,,
data\diverse_training_data\frames\yt_09_001829.jpg,,yt_09_001829.jpg,Unknown,LOW,0,,,,
data\diverse_training_data\frames\yt_09_001888.jpg,,yt_09_001888.jpg,Unknown,LOW,0,,,,
data\diverse_training_data\frames\yt_09_002006.jpg,,yt_09_002006.jpg,Unknown,LOW,0,,,,
data\diverse_training_data\frames\yt_09_002065.jpg,,yt_09_002065.jpg,Unknown,LOW,0,,,,
data\diverse_training_data\frames\yt_09_002124.jpg,,yt_09_002124.jpg,Unknown,LOW,0,,,,
data\diverse_training_data\frames\yt_09_002242.jpg,,yt_09_002242.jpg,Unknown,LOW,0,,,,
data\diverse_training_data\frames\yt_09_002301.jpg,,yt_09_002301.jpg,Unknown,LOW,0,,,,
data\diverse_training_data\frames\yt_09_002360.jpg,,yt_09_002360.jpg,Unknown,LOW,0,,,,
data\diverse_training_data\frames\yt_09_002419.jpg,,yt_09_002419.jpg,Unknown,LOW,0,,,,
data\diverse_training_data\frames\yt_09_002478.jpg,,yt_09_002478.jpg,Unknown,LOW,0,,,,
data\diverse_training_data\frames\yt_09_002537.jpg,,yt_09_002537.jpg,Unknown,LOW,0,,,,
data\diverse_training_data\frames\yt_09_002596.jpg,,yt_09_002596.jpg,Unknown,LOW,0,,,,
data\diverse_training_data\frames\yt_09_002655.jpg,,yt_09_002655.jpg,Unknown,LOW,0,,,,
data\diverse_training_data\frames\yt_09_002714.jpg,,yt_09_002714.jpg,Unknown,LOW,0,,,,
data\diverse_training_data\frames\yt_09_002832.jpg,,yt_09_002832.jpg,Unknown,LOW,0,,,,
data\diverse_training_data\frames\yt_09_002891.jpg,,yt_09_002891.jpg,Unknown,LOW,0,,,,
data\diverse_training_data\frames\yt_09_003009.jpg,,yt_09_003009.jpg,Unknown,LOW,0,,,,
data\diverse_training_data\frames\yt_09_003068.jpg,,yt_09_003068.jpg,Unknown,LOW,0,,,,
data\diverse_training_data\frames\yt_09_003127.jpg,,yt_09_003127.jpg,Unknown,LOW,0,,,,
data\diverse_training_data\frames\yt_09_003245.jpg,,yt_09_003245.jpg,Unknown,LOW,0,,,,
data\diverse_training_data\frames\yt_09_003304.jpg,,yt_09_003304.jpg,Unknown,LOW,0,,,,
data\diverse_training_data\frames\yt_09_003363.jpg,,yt_09_003363.jpg,Unknown,LOW,0,,,,
data\diverse_training_data\frames\yt_09_003422.jpg,,yt_09_003422.jpg,Unknown,LOW,0,,,,
data\diverse_training_data\frames\yt_09_003481.jpg,,yt_09_003481.jpg,Unknown,LOW,0,,,,
data\diverse_training_data\frames\yt_09_003540.jpg,,yt_09_003540.jpg,Unknown,LOW,0,,,,
data\diverse_training_data\frames\yt_09_003599.jpg,,yt_09_003599.jpg,Unknown,LOW,0,,,,
data\diverse_training_data\frames\yt_09_003658.jpg,,yt_09_003658.jpg,Unknown,LOW,0,,,,
data\diverse_training_data\frames\yt_09_003717.jpg,,yt_09_003717.jpg,Unknown,LOW,0,,,,
data\diverse_training_data\frames\yt_09_003776.jpg,,yt_09_003776.jpg,Unknown,LOW,0,,,,
data\diverse_training_data\frames\yt_09_003835.jpg,,yt_09_003835.jpg,Unknown,LOW,0,,,,
data\diverse_training_data\frames\yt_09_003894.jpg,,yt_09_003894.jpg,Unknown,LOW,0,,,,
data\diverse_training_data\frames\yt_09_003953.jpg,,yt_09_003953.jpg,Unknown,LOW,0,,,,
data\diverse_training_data\frames\yt_09_004012.jpg,,yt_09_004012.jpg,Unknown,LOW,0,,,,
data\diverse_training_data\frames\yt_09_004071.jpg,,yt_09_004071.jpg,Unknown,LOW,0,,,,
data\diverse_training_data\frames\yt_09_004248.jpg,,yt_09_004248.jpg,Unknown,LOW,0,,,,
data\diverse_training_data\frames\yt_09_004366.jpg,,yt_09_004366.jpg,Unknown,LOW,0,,,,
data\diverse_training_data\frames\yt_09_004425.jpg,,yt_09_004425.jpg,Unknown,LOW,0,,,,
data\diverse_training_data\frames\yt_09_004484.jpg,,yt_09_004484.jpg,Unknown,LOW,0,,,,
data\diverse_training_data\frames\yt_09_004543.jpg,,yt_09_004543.jpg,Unknown,LOW,0,,,,
data\diverse_training_data\frames\yt_09_004602.jpg,,yt_09_004602.jpg,Unknown,LOW,0,,,,
data\diverse_training_data\frames\yt_09_004661.jpg,,yt_09_004661.jpg,Unknown,LOW,0,,,,
data\diverse_training_data\frames\yt_09_004720.jpg,,yt_09_004720.jpg,Unknown,LOW,0,,,,
data\diverse_training_data\frames\yt_09_004779.jpg,,yt_09_004779.jpg,Unknown,LOW,0,,,,
data\diverse_training_data\frames\yt_09_004838.jpg,,yt_09_004838.jpg,Unknown,LOW,0,,,,
data\diverse_training_data\frames\yt_09_004897.jpg,,yt_09_004897.jpg,Unknown,LOW,0,,,,
data\diverse_training_data\frames\yt_09_004956.jpg,,yt_09_004956.jpg,Unknown,LOW,0,,,,
data\diverse_training_data\frames\yt_09_005015.jpg,,yt_09_005015.jpg,Unknown,LOW,0,,,,
data\diverse_training_data\frames\yt_09_005074.jpg,,yt_09_005074.jpg,Unknown,LOW,0,,,,
data\diverse_training_data\frames\yt_09_005428.jpg,,yt_09_005428.jpg,Unknown,LOW,0,,,,
data\diverse_training_data\frames\yt_09_005487.jpg,,yt_09_005487.jpg,Unknown,LOW,0,,,,
data\diverse_training_data\frames\yt_09_005546.jpg,,yt_09_005546.jpg,Unknown,LOW,0,,,,
data\diverse_training_data\frames\yt_09_005605.jpg,,yt_09_005605.jpg,Unknown,LOW,0,,,,
data\diverse_training_data\frames\yt_09_005664.jpg,,yt_09_005664.jpg,Unknown,LOW,0,,,,
data\diverse_training_data\frames\yt_09_005723.jpg,,yt_09_005723.jpg,Unknown,LOW,0,,,,
data\diverse_training_data\frames\yt_09_005782.jpg,,yt_09_005782.jpg,Unknown,LOW,0,,,,
data\diverse_training_data\frames\yt_09_005900.jpg,,yt_09_005900.jpg,Unknown,LOW,0,,,,
data\diverse_training_data\frames\yt_09_006077.jpg,,yt_09_006077.jpg,Unknown,LOW,0,,,,
data\diverse_training_data\frames\yt_09_006195.jpg,,yt_09_006195.jpg,Unknown,LOW,0,,,,
data\diverse_training_data\frames\yt_09_006254.jpg,,yt_09_006254.jpg,Unknown,LOW,0,,,,
data\diverse_training_data\frames\yt_09_006313.jpg,,yt_09_006313.jpg,Unknown,LOW,0,,,,
data\diverse_training_data\frames\yt_09_006372.jpg,,yt_09_006372.jpg,Unknown,LOW,0,,,,
data\diverse_training_data\frames\yt_09_006431.jpg,,yt_09_006431.jpg,Unknown,LOW,0,,,,
data\diverse_training_data\frames\yt_09_006490.jpg,,yt_09_006490.jpg,Unknown,LOW,0,,,,
data\diverse_training_data\frames\yt_09_006549.jpg,,yt_09_006549.jpg,Unknown,LOW,0,,,,
data\diverse_training_data\frames\yt_09_006608.jpg,,yt_09_006608.jpg,Unknown,LOW,0,,,,
data\diverse_training_data\frames\yt_09_006667.jpg,,yt_09_006667.jpg,Unknown,LOW,0,,,,
data\diverse_training_data\frames\yt_09_006726.jpg,,yt_09_006726.jpg,Unknown,LOW,0,,,,
data\diverse_training_data\frames\yt_09_006785.jpg,,yt_09_006785.jpg,Unknown,LOW,0,,,,
data\diverse_training_data\frames\yt_09_006844.jpg,,yt_09_006844.jpg,Unknown,LOW,0,,,,
data\diverse_training_data\frames\yt_09_006903.jpg,,yt_09_006903.jpg,Unknown,LOW,0,,,,
data\diverse_training_data\frames\yt_09_007021.jpg,,yt_09_007021.jpg,Unknown,LOW,0,,,,
data\diverse_training_data\frames\yt_09_007080.jpg,,yt_09_007080.jpg,Unknown,LOW,0,,,,
data\diverse_training_data\frames\yt_09_007139.jpg,,yt_09_007139.jpg,Unknown,LOW,0,,,,
data\diverse_training_data\frames\yt_09_007198.jpg,,yt_09_007198.jpg,Unknown,LOW,0,,,,
data\diverse_training_data\frames\yt_09_007257.jpg,,yt_09_007257.jpg,Unknown,LOW,0,,,,
data\diverse_training_data\frames\yt_09_007316.jpg,,yt_09_007316.jpg,Unknown,LOW,0,,,,
data\diverse_training_data\frames\yt_09_007375.jpg,,yt_09_007375.jpg,Unknown,LOW,0,,,,
data\diverse_training_data\frames\yt_09_007552.jpg,,yt_09_007552.jpg,Unknown,LOW,0,,,,
data\diverse_training_data\frames\yt_09_007611.jpg,,yt_09_007611.jpg,Unknown,LOW,0,,,,
data\diverse_training_data\frames\yt_09_007670.jpg,,yt_09_007670.jpg,Unknown,LOW,0,,,,
data\diverse_training_data\frames\yt_09_007729.jpg,,yt_09_007729.jpg,Unknown,LOW,0,,,,
data\diverse_training_data\frames\yt_09_007788.jpg,,yt_09_007788.jpg,Unknown,LOW,0,,,,
data\diverse_training_data\frames\yt_09_007847.jpg,,yt_09_007847.jpg,Unknown,LOW,0,,,,
data\diverse_training_data\frames\yt_09_007906.jpg,,yt_09_007906.jpg,Unknown,LOW,0,,,,
data\diverse_training_data\frames\yt_09_007965.jpg,,yt_09_007965.jpg,Unknown,LOW,0,,,,
data\diverse_training_data\frames\yt_09_008024.jpg,,yt_09_008024.jpg,Unknown,LOW,0,,,,
data\diverse_training_data\frames\yt_09_008083.jpg,,yt_09_008083.jpg,Unknown,LOW,0,,,,
data\diverse_training_data\frames\yt_09_008142.jpg,,yt_09_008142.jpg,Unknown,LOW,0,,,,
data\diverse_training_data\frames\yt_09_008201.jpg,,yt_09_008201.jpg,Unknown,LOW,0,,,,
data\diverse_training_data\frames\yt_09_008260.jpg,,yt_09_008260.jpg,Unknown,LOW,0,,,,
data\diverse_training_data\frames\yt_09_008319.jpg,,yt_09_008319.jpg,Unknown,LOW,0,,,,
data\diverse_training_data\frames\yt_09_008378.jpg,,yt_09_008378.jpg,Unknown,LOW,0,,,,
data\diverse_training_data\frames\yt_09_008437.jpg,,yt_09_008437.jpg,Unknown,LOW,0,,,,
data\diverse_training_data\frames\yt_09_008496.jpg,,yt_09_008496.jpg,Unknown,LOW,0,,,,
data\diverse_training_data\frames\yt_09_008555.jpg,,yt_09_008555.jpg,Unknown,LOW,0,,,,
data\diverse_training_data\frames\yt_09_008673.jpg,,yt_09_008673.jpg,Unknown,LOW,0,,,,
data\diverse_training_data\frames\yt_09_008732.jpg,,yt_09_008732.jpg,Unknown,LOW,0,,,,
data\diverse_training_data\frames\yt_09_008791.jpg,,yt_09_008791.jpg,Unknown,LOW,0,,,,
data\diverse_training_data\frames\yt_09_008850.jpg,,yt_09_008850.jpg,Unknown,LOW,0,,,,
data\diverse_training_data\frames\yt_09_008909.jpg,,yt_09_008909.jpg,Unknown,LOW,0,,,,
data\diverse_training_data\frames\yt_09_008968.jpg,,yt_09_008968.jpg,Unknown,LOW,0,,,,
data\diverse_training_data\frames\yt_10_000000.jpg,,yt_10_000000.jpg,Unknown,LOW,0,,,,
data\diverse_training_data\frames\yt_10_000050.jpg,,yt_10_000050.jpg,Unknown,LOW,0,,,,
data\diverse_training_data\frames\yt_10_000100.jpg,,yt_10_000100.jpg,Unknown,LOW,0,,,,
data\diverse_training_data\frames\yt_10_000150.jpg,,yt_10_000150.jpg,Unknown,LOW,0,,,,
data\diverse_training_data\frames\yt_10_000200.jpg,,yt_10_000200.jpg,Unknown,LOW,0,,,,
data\diverse_training_data\frames\yt_10_000250.jpg,,yt_10_000250.jpg,Unknown,LOW,0,,,,
data\diverse_training_data\frames\yt_10_000300.jpg,,yt_10_000300.jpg,Unknown,LOW,0,,,,
data\diverse_training_data\frames\yt_10_000350.jpg,,yt_10_000350.jpg,Unknown,LOW,0,,,,
data\diverse_training_data\frames\yt_11_000059.jpg,,yt_11_000059.jpg,Unknown,LOW,0,,,,
data\diverse_training_data\frames\yt_11_000118.jpg,,yt_11_000118.jpg,Unknown,LOW,0,,,,
data\diverse_training_data\frames\yt_11_000177.jpg,,yt_11_000177.jpg,Unknown,LOW,0,,,,
data\diverse_training_data\frames\yt_11_000236.jpg,,yt_11_000236.jpg,Unknown,LOW,0,,,,
data\diverse_training_data\frames\yt_11_000295.jpg,,yt_11_000295.jpg,Unknown,LOW,0,,,,
data\diverse_training_data\frames\yt_11_000413.jpg,,yt_11_000413.jpg,Unknown,LOW,0,,,,
data\diverse_training_data\frames\yt_11_000590.jpg,,yt_11_000590.jpg,Unknown,LOW,0,,,,
data\diverse_training_data\frames\yt_11_000649.jpg,,yt_11_000649.jpg,Unknown,LOW,0,,,,
data\diverse_training_data\frames\yt_11_000708.jpg,,yt_11_000708.jpg,Unknown,LOW,0,,,,
data\diverse_training_data\frames\yt_11_000767.jpg,,yt_11_000767.jpg,Unknown,LOW,0,,,,
data\diverse_training_data\frames\yt_11_000826.jpg,,yt_11_000826.jpg,Unknown,LOW,0,,,,
data\diverse_training_data\frames\yt_11_000885.jpg,,yt_11_000885.jpg,Unknown,LOW,0,,,,
data\diverse_training_data\frames\yt_11_001003.jpg,,yt_11_001003.jpg,Unknown,LOW,0,,,,
data\diverse_training_data\frames\yt_11_001062.jpg,,yt_11_001062.jpg,Unknown,LOW,0,,,,
data\diverse_training_data\frames\yt_11_001121.jpg,,yt_11_001121.jpg,Unknown,LOW,0,,,,
data\diverse_training_data\frames\yt_11_001239.jpg,,yt_11_001239.jpg,Unknown,LOW,0,,,,
data\diverse_training_data\frames\yt_11_001475.jpg,,yt_11_001475.jpg,Unknown,LOW,0,,,,
data\diverse_training_data\frames\yt_11_001593.jpg,,yt_11_001593.jpg,Unknown,LOW,0,,,,
data\diverse_training_data\frames\yt_11_001652.jpg,,yt_11_001652.jpg,Unknown,LOW,0,,,,
data\diverse_training_data\frames\yt_11_001711.jpg,,yt_11_001711.jpg,Unknown,LOW,0,,,,
data\diverse_training_data\frames\yt_11_001770.jpg,,yt_11_001770.jpg,Unknown,LOW,0,,,,
data\diverse_training_data\frames\yt_11_001829.jpg,,yt_11_001829.jpg,Unknown,LOW,0,,,,
data\diverse_training_data\frames\yt_11_001888.jpg,,yt_11_001888.jpg,Unknown,LOW,0,,,,
data\diverse_training_data\frames\yt_11_002006.jpg,,yt_11_002006.jpg,Unknown,LOW,0,,,,
data\diverse_training_data\frames\yt_11_002065.jpg,,yt_11_002065.jpg,Unknown,LOW,0,,,,
data\diverse_training_data\frames\yt_11_002183.jpg,,yt_11_002183.jpg,Unknown,LOW,0,,,,
data\diverse_training_data\frames\yt_11_002242.jpg,,yt_11_002242.jpg,Unknown,LOW,0,,,,
data\diverse_training_data\frames\yt_11_002301.jpg,,yt_11_002301.jpg,Unknown,LOW,0,,,,
data\diverse_training_data\frames\yt_11_002360.jpg,,yt_11_002360.jpg,Unknown,LOW,0,,,,
data\diverse_training_data\frames\yt_12_000000.jpg,,yt_12_000000.jpg,Unknown,LOW,0,,,,
data\diverse_training_data\frames\yt_12_000050.jpg,,yt_12_000050.jpg,Unknown,LOW,0,,,,
data\diverse_training_data\frames\yt_12_000100.jpg,,yt_12_000100.jpg,Unknown,LOW,0,,,,
data\diverse_training_data\frames\yt_12_000150.jpg,,yt_12_000150.jpg,Unknown,LOW,0,,,,
data\diverse_training_data\frames\yt_12_000200.jpg,,yt_12_000200.jpg,Unknown,LOW,0,,,,
data\diverse_training_data\frames\yt_12_000250.jpg,,yt_12_000250.jpg,Unknown,LOW,0,,,,
data\diverse_training_data\frames\yt_12_000300.jpg,,yt_12_000300.jpg,Unknown,LOW,0,,,,
data\diverse_training_data\frames\yt_12_000350.jpg,,yt_12_000350.jpg,Unknown,LOW,0,,,,
data\diverse_training_data\frames\yt_13_000000.jpg,,yt_13_000000.jpg,Unknown,LOW,0,,,,
data\diverse_training_data\frames\yt_13_000150.jpg,,yt_13_000150.jpg,Unknown,LOW,0,,,,
data\diverse_training_data\frames\yt_13_000300.jpg,,yt_13_000300.jpg,Unknown,LOW,0,,,,
data\diverse_training_data\frames\yt_13_000350.jpg,,yt_13_000350.jpg,Unknown,LOW,0,,,,
data\diverse_training_data\frames\yt_13_000400.jpg,,yt_13_000400.jpg,Unknown,LOW,0,,,,
data\diverse_training_data\frames\yt_13_000550.jpg,,yt_13_000550.jpg,Unknown,LOW,0,,,,
data\diverse_training_data\frames\yt_13_000800.jpg,,yt_13_000800.jpg,Unknown,LOW,0,,,,
data\diverse_training_data\frames\yt_13_000900.jpg,,yt_13_000900.jpg,Unknown,LOW,0,,,,
data\diverse_training_data\frames\yt_13_001050.jpg,,yt_13_001050.jpg,Unknown,LOW,0,,,,
data\diverse_training_data\frames\yt_13_001150.jpg,,yt_13_001150.jpg,Unknown,LOW,0,,,,
data\diverse_training_data\frames\yt_13_001400.jpg,,yt_13_001400.jpg,Unknown,LOW,0,,,,
data\diverse_training_data\frames\yt_13_001500.jpg,,yt_13_001500.jpg,Unknown,LOW,0,,,,
data\diverse_training_data\frames\yt_13_002050.jpg,,yt_13_002050.jpg,Unknown,LOW,0,,,,
data\diverse_training_data\frames\yt_13_002100.jpg,,yt_13_002100.jpg,Unknown,LOW,0,,,,
data\diverse_training_data\frames\yt_14_000060.jpg,,yt_14_000060.jpg,Unknown,LOW,0,,,,
data\diverse_training_data\frames\yt_14_000072.jpg,,yt_14_000072.jpg,Unknown,LOW,0,,,,
data\diverse_training_data\frames\yt_14_000084.jpg,,yt_14_000084.jpg,Unknown,LOW,0,,,,
data\diverse_training_data\frames\yt_14_000096.jpg,,yt_14_000096.jpg,Unknown,LOW,0,,,,
data\diverse_training_data\frames\yt_15_000060.jpg,,yt_15_000060.jpg,Unknown,LOW,0,,,,
data\diverse_training_data\frames\yt_15_000360.jpg,,yt_15_000360.jpg,Unknown,LOW,0,,,,
data\diverse_training_data\frames\yt_15_000420.jpg,,yt_15_000420.jpg,Unknown,LOW,0,,,,
data\diverse_training_data\frames\yt_16_000000.jpg,,yt_16_000000.jpg,Unknown,LOW,0,,,,
data\diverse_training_data\frames\yt_16_000059.jpg,,yt_16_000059.jpg,Unknown,LOW,0,,,,
data\diverse_training_data\frames\yt_16_000118.jpg,,yt_16_000118.jpg,Unknown,LOW,0,,,,
data\diverse_training_data\frames\yt_16_000177.jpg,,yt_16_000177.jpg,Unknown,LOW,0,,,,
data\diverse_training_data\frames\yt_16_000236.jpg,,yt_16_000236.jpg,Unknown,LOW,0,,,,
data\diverse_training_data\frames\yt_16_000295.jpg,,yt_16_000295.jpg,Unknown,LOW,0,,,,
data\diverse_training_data\frames\yt_16_000354.jpg,,yt_16_000354.jpg,Unknown,LOW,0,,,,
data\diverse_training_data\frames\yt_16_000413.jpg,,yt_16_000413.jpg,Unknown,LOW,0,,,,
data\diverse_training_data\frames\yt_16_000472.jpg,,yt_16_000472.jpg,Unknown,LOW,0,,,,
data\diverse_training_data\frames\yt_17_000059.jpg,,yt_17_000059.jpg,Unknown,LOW,0,,,,
data\diverse_training_data\frames\yt_17_000177.jpg,,yt_17_000177.jpg,Unknown,LOW,0,,,,
data\diverse_training_data\frames\yt_17_000236.jpg,,yt_17_000236.jpg,Unknown,LOW,0,,,,
data\diverse_training_data\frames\yt_17_000295.jpg,,yt_17_000295.jpg,Unknown,LOW,0,,,,
data\diverse_training_data\frames\yt_17_000354.jpg,,yt_17_000354.jpg,Unknown,LOW,0,,,,
data\diverse_training_data\frames\yt_17_000472.jpg,,yt_17_000472.jpg,Unknown,LOW,0,,,,
data\diverse_training_data\frames\yt_17_000590.jpg,,yt_17_000590.jpg,Unknown,LOW,0,,,,
data\diverse_training_data\frames\yt_17_000649.jpg,,yt_17_000649.jpg,Unknown,LOW,0,,,,
data\diverse_training_data\frames\yt_17_000767.jpg,,yt_17_000767.jpg,Unknown,LOW,0,,,,
data\diverse_training_data\frames\yt_17_000826.jpg,,yt_17_000826.jpg,Unknown,LOW,0,,,,
data\diverse_training_data\frames\yt_17_000885.jpg,,yt_17_000885.jpg,Unknown,LOW,0,,,,
data\diverse_training_data\frames\yt_17_000944.jpg,,yt_17_000944.jpg,Unknown,LOW,0,,,,
data\diverse_training_data\frames\yt_17_001003.jpg,,yt_17_001003.jpg,Unknown,LOW,0,,,,
data\diverse_training_data\frames\yt_17_001062.jpg,,yt_17_001062.jpg,Unknown,LOW,0,,,,
data\diverse_training_data\frames\yt_17_001121.jpg,,yt_17_001121.jpg,Unknown,LOW,0,,,,
data\diverse_training_data\frames\yt_17_001180.jpg,,yt_17_001180.jpg,Unknown,LOW,0,,,,
data\diverse_training_data\frames\yt_17_001239.jpg,,yt_17_001239.jpg,Unknown,LOW,0,,,,
data\diverse_training_data\frames\yt_17_001298.jpg,,yt_17_001298.jpg,Unknown,LOW,0,,,,
data\diverse_training_data\frames\yt_17_001357.jpg,,yt_17_001357.jpg,Unknown,LOW,0,,,,
data\diverse_training_data\frames\yt_17_001416.jpg,,yt_17_001416.jpg,Unknown,LOW,0,,,,
data\diverse_training_data\frames\yt_17_001475.jpg,,yt_17_001475.jpg,Unknown,LOW,0,,,,
data\diverse_training_data\frames\yt_17_001534.jpg,,yt_17_001534.jpg,Unknown,LOW,0,,,,
data\diverse_training_data\frames\yt_17_001770.jpg,,yt_17_001770.jpg,Unknown,LOW,0,,,,
data\diverse_training_data\frames\yt_17_001829.jpg,,yt_17_001829.jpg,Unknown,LOW,0,,,,
data\diverse_training_data\frames\yt_17_001888.jpg,,yt_17_001888.jpg,Unknown,LOW,0,,,,
data\diverse_training_data\frames\yt_17_001947.jpg,,yt_17_001947.jpg,Unknown,LOW,0,,,,
data\diverse_training_data\frames\yt_17_002006.jpg,,yt_17_002006.jpg,Unknown,LOW,0,,,,
data\diverse_training_data\frames\yt_17_002065.jpg,,yt_17_002065.jpg,Unknown,LOW,0,,,,
data\diverse_training_data\frames\yt_17_002124.jpg,,yt_17_002124.jpg,Unknown,LOW,0,,,,
data\diverse_training_data\frames\yt_17_002242.jpg,,yt_17_002242.jpg,Unknown,LOW,0,,,,
data\diverse_training_data\frames\yt_17_002301.jpg,,yt_17_002301.jpg,Unknown,LOW,0,,,,
data\diverse_training_data\frames\yt_17_002360.jpg,,yt_17_002360.jpg,Unknown,LOW,0,,,,
data\diverse_training_data\frames\yt_17_002478.jpg,,yt_17_002478.jpg,Unknown,LOW,0,,,,
data\diverse_training_data\frames\yt_17_002537.jpg,,yt_17_002537.jpg,Unknown,LOW,0,,,,
data\diverse_training_data\frames\yt_17_002596.jpg,,yt_17_002596.jpg,Unknown,LOW,0,,,,
data\diverse_training_data\frames\yt_17_002655.jpg,,yt_17_002655.jpg,Unknown,LOW,0,,,,
data\diverse_training_data\frames\yt_17_002714.jpg,,yt_17_002714.jpg,Unknown,LOW,0,,,,
data\diverse_training_data\frames\yt_17_002773.jpg,,yt_17_002773.jpg,Unknown,LOW,0,,,,
data\diverse_training_data\frames\yt_17_002832.jpg,,yt_17_002832.jpg,Unknown,LOW,0,,,,
data\diverse_training_data\frames\yt_17_002891.jpg,,yt_17_002891.jpg,Unknown,LOW,0,,,,
data\diverse_training_data\frames\yt_17_003009.jpg,,yt_17_003009.jpg,Unknown,LOW,0,,,,
data\diverse_training_data\frames\yt_17_003068.jpg,,yt_17_003068.jpg,Unknown,LOW,0,,,,
data\diverse_training_data\frames\yt_17_003127.jpg,,yt_17_003127.jpg,Unknown,LOW,0,,,,
data\diverse_training_data\frames\yt_17_003186.jpg,,yt_17_003186.jpg,Unknown,LOW,0,,,,
data\diverse_training_data\frames\yt_17_003245.jpg,,yt_17_003245.jpg,Unknown,LOW,0,,,,
data\diverse_training_data\frames\yt_17_003304.jpg,,yt_17_003304.jpg,Unknown,LOW,0,,,,
data\diverse_training_data\frames\yt_17_003363.jpg,,yt_17_003363.jpg,Unknown,LOW,0,,,,
data\diverse_training_data\frames\yt_17_003422.jpg,,yt_17_003422.jpg,Unknown,LOW,0,,,,
data\diverse_training_data\frames\yt_17_003481.jpg,,yt_17_003481.jpg,Unknown,LOW,0,,,,
data\diverse_training_data\frames\yt_17_003540.jpg,,yt_17_003540.jpg,Unknown,LOW,0,,,,
data\diverse_training_data\frames\yt_17_003599.jpg,,yt_17_003599.jpg,Unknown,LOW,0,,,,
data\diverse_training_data\frames\yt_17_003658.jpg,,yt_17_003658.jpg,Unknown,LOW,0,,,,
data\diverse_training_data\frames\yt_17_003717.jpg,,yt_17_003717.jpg,Unknown,LOW,0,,,,
data\diverse_training_data\frames\yt_17_003776.jpg,,yt_17_003776.jpg,Unknown,LOW,0,,,,
data\diverse_training_data\frames\yt_17_003835.jpg,,yt_17_003835.jpg,Unknown,LOW,0,,,,
data\diverse_training_data\frames\yt_17_003894.jpg,,yt_17_003894.jpg,Unknown,LOW,0,,,,
data\diverse_training_data\frames\yt_17_003953.jpg,,yt_17_003953.jpg,Unknown,LOW,0,,,,
data\diverse_training_data\frames\yt_17_004012.jpg,,yt_17_004012.jpg,Unknown,LOW,0,,,,
data\diverse_training_data\frames\yt_17_004071.jpg,,yt_17_004071.jpg,Unknown,LOW,0,,,,
data\diverse_training_data\frames\yt_17_004366.jpg,,yt_17_004366.jpg,Unknown,LOW,0,,,,
data\diverse_training_data\frames\yt_17_004425.jpg,,yt_17_004425.jpg,Unknown,LOW,0,,,,
data\diverse_training_data\frames\yt_17_004484.jpg,,yt_17_004484.jpg,Unknown,LOW,0,,,,
data\diverse_training_data\frames\yt_17_004543.jpg,,yt_17_004543.jpg,Unknown,LOW,0,,,,
data\diverse_training_data\frames\yt_17_004602.jpg,,yt_17_004602.jpg,Unknown,LOW,0,,,,
data\diverse_training_data\frames\yt_17_004661.jpg,,yt_17_004661.jpg,Unknown,LOW,0,,,,
data\diverse_training_data\frames\yt_17_004720.jpg,,yt_17_004720.jpg,Unknown,LOW,0,,,,
data\diverse_training_data\frames\yt_17_004779.jpg,,yt_17_004779.jpg,Unknown,LOW,0,,,,
data\diverse_training_data\frames\yt_17_004838.jpg,,yt_17_004838.jpg,Unknown,LOW,0,,,,
data\diverse_training_data\frames\yt_17_004897.jpg,,yt_17_004897.jpg,Unknown,LOW,0,,,,
data\diverse_training_data\frames\yt_17_004956.jpg,,yt_17_004956.jpg,Unknown,LOW,0,,,,
data\diverse_training_data\frames\yt_17_005015.jpg,,yt_17_005015.jpg,Unknown,LOW,0,,,,
data\diverse_training_data\frames\yt_17_005074.jpg,,yt_17_005074.jpg,Unknown,LOW,0,,,,
data\diverse_training_data\frames\yt_17_005369.jpg,,yt_17_005369.jpg,Unknown,LOW,0,,,,
data\diverse_training_data\frames\yt_17_005428.jpg,,yt_17_005428.jpg,Unknown,LOW,0,,,,
data\diverse_training_data\frames\yt_17_005487.jpg,,yt_17_005487.jpg,Unknown,LOW,0,,,,
data\diverse_training_data\frames\yt_17_005546.jpg,,yt_17_005546.jpg,Unknown,LOW,0,,,,
data\diverse_training_data\frames\yt_17_005605.jpg,,yt_17_005605.jpg,Unknown,LOW,0,,,,
data\diverse_training_data\frames\yt_17_005664.jpg,,yt_17_005664.jpg,Unknown,LOW,0,,,,
data\diverse_training_data\frames\yt_17_005723.jpg,,yt_17_005723.jpg,Unknown,LOW,0,,,,
data\diverse_training_data\frames\yt_17_005782.jpg,,yt_17_005782.jpg,Unknown,LOW,0,,,,
data\diverse_training_data\frames\yt_17_005841.jpg,,yt_17_005841.jpg,Unknown,LOW,0,,,,
data\diverse_training_data\frames\yt_17_006195.jpg,,yt_17_006195.jpg,Unknown,LOW,0,,,,
data\diverse_training_data\frames\yt_17_006254.jpg,,yt_17_006254.jpg,Unknown,LOW,0,,,,
data\diverse_training_data\frames\yt_17_006313.jpg,,yt_17_006313.jpg,Unknown,LOW,0,,,,
data\diverse_training_data\frames\yt_17_006372.jpg,,yt_17_006372.jpg,Unknown,LOW,0,,,,
data\diverse_training_data\frames\yt_17_006431.jpg,,yt_17_006431.jpg,Unknown,LOW,0,,,,
data\diverse_training_data\frames\yt_17_006490.jpg,,yt_17_006490.jpg,Unknown,LOW,0,,,,
data\diverse_training_data\frames\yt_17_006549.jpg,,yt_17_006549.jpg,Unknown,LOW,0,,,,
data\diverse_training_data\frames\yt_17_006608.jpg,,yt_17_006608.jpg,Unknown,LOW,0,,,,
data\diverse_training_data\frames\yt_17_006667.jpg,,yt_17_006667.jpg,Unknown,LOW,0,,,,
data\diverse_training_data\frames\yt_17_006726.jpg,,yt_17_006726.jpg,Unknown,LOW,0,,,,
data\diverse_training_data\frames\yt_17_006785.jpg,,yt_17_006785.jpg,Unknown,LOW,0,,,,
data\diverse_training_data\frames\yt_17_006844.jpg,,yt_17_006844.jpg,Unknown,LOW,0,,,,
data\diverse_training_data\frames\yt_17_006903.jpg,,yt_17_006903.jpg,Unknown,LOW,0,,,,
data\diverse_training_data\frames\yt_17_007021.jpg,,yt_17_007021.jpg,Unknown,LOW,0,,,,
data\diverse_training_data\frames\yt_17_007080.jpg,,yt_17_007080.jpg,Unknown,LOW,0,,,,
data\diverse_training_data\frames\yt_17_007139.jpg,,yt_17_007139.jpg,Unknown,LOW,0,,,,
data\diverse_training_data\frames\yt_17_007198.jpg,,yt_17_007198.jpg,Unknown,LOW,0,,,,
data\diverse_training_data\frames\yt_17_007257.jpg,,yt_17_007257.jpg,Unknown,LOW,0,,,,
data\diverse_training_data\frames\yt_17_007316.jpg,,yt_17_007316.jpg,Unknown,LOW,0,,,,
data\diverse_training_data\frames\yt_17_007375.jpg,,yt_17_007375.jpg,Unknown,LOW,0,,,,
data\diverse_training_data\frames\yt_17_007552.jpg,,yt_17_007552.jpg,Unknown,LOW,0,,,,
data\diverse_training_data\frames\yt_17_007611.jpg,,yt_17_007611.jpg,Unknown,LOW,0,,,,
data\diverse_training_data\frames\yt_17_007670.jpg,,yt_17_007670.jpg,Unknown,LOW,0,,,,
data\diverse_training_data\frames\yt_17_007729.jpg,,yt_17_007729.jpg,Unknown,LOW,0,,,,
data\diverse_training_data\frames\yt_17_007788.jpg,,yt_17_007788.jpg,Unknown,LOW,0,,,,
data\diverse_training_data\frames\yt_17_007847.jpg,,yt_17_007847.jpg,Unknown,LOW,0,,,,
data\diverse_training_data\frames\yt_17_007906.jpg,,yt_17_007906.jpg,Unknown,LOW,0,,,,
data\diverse_training_data\frames\yt_17_007965.jpg,,yt_17_007965.jpg,Unknown,LOW,0,,,,
data\diverse_training_data\frames\yt_17_008024.jpg,,yt_17_008024.jpg,Unknown,LOW,0,,,,
data\diverse_training_data\frames\yt_17_008083.jpg,,yt_17_008083.jpg,Unknown,LOW,0,,,,
data\diverse_training_data\frames\yt_17_008142.jpg,,yt_17_008142.jpg,Unknown,LOW,0,,,,
data\diverse_training_data\frames\yt_17_008201.jpg,,yt_17_008201.jpg,Unknown,LOW,0,,,,
data\diverse_training_data\frames\yt_17_008260.jpg,,yt_17_008260.jpg,Unknown,LOW,0,,,,
data\diverse_training_data\frames\yt_17_008319.jpg,,yt_17_008319.jpg,Unknown,LOW,0,,,,
data\diverse_training_data\frames\yt_17_008378.jpg,,yt_17_008378.jpg,Unknown,LOW,0,,,,
data\diverse_training_data\frames\yt_17_008437.jpg,,yt_17_008437.jpg,Unknown,LOW,0,,,,
data\diverse_training_data\frames\yt_17_008496.jpg,,yt_17_008496.jpg,Unknown,LOW,0,,,,
data\diverse_training_data\frames\yt_17_008555.jpg,,yt_17_008555.jpg,Unknown,LOW,0,,,,
data\diverse_training_data\frames\yt_17_008614.jpg,,yt_17_008614.jpg,Unknown,LOW,0,,,,
data\diverse_training_data\frames\yt_17_008673.jpg,,yt_17_008673.jpg,Unknown,LOW,0,,,,
data\diverse_training_data\frames\yt_17_008732.jpg,,yt_17_008732.jpg,Unknown,LOW,0,,,,
data\diverse_training_data\frames\yt_17_008791.jpg,,yt_17_008791.jpg,Unknown,LOW,0,,,,
data\diverse_training_data\frames\yt_17_008909.jpg,,yt_17_008909.jpg,Unknown,LOW,0,,,,
data\diverse_training_data\frames\yt_17_008968.jpg,,yt_17_008968.jpg,Unknown,LOW,0,,,,
data\diverse_training_data\frames\yt_18_000517.jpg,,yt_18_000517.jpg,Unknown,LOW,0,,,,
data\diverse_training_data\frames\yt_18_000564.jpg,,yt_18_000564.jpg,Unknown,LOW,0,,,,
data\diverse_training_data\frames\yt_18_000611.jpg,,yt_18_000611.jpg,Unknown,LOW,0,,,,
data\diverse_training_data\frames\yt_18_000658.jpg,,yt_18_000658.jpg,Unknown,LOW,0,,,,
data\diverse_training_data\frames\yt_18_000705.jpg,,yt_18_000705.jpg,Unknown,LOW,0,,,,
data\diverse_training_data\frames\yt_18_000940.jpg,,yt_18_000940.jpg,Unknown,LOW,0,,,,
data\diverse_training_data\frames\yt_18_000987.jpg,,yt_18_000987.jpg,Unknown,LOW,0,,,,
data\diverse_training_data\frames\yt_18_001034.jpg,,yt_18_001034.jpg,Unknown,LOW,0,,,,
data\diverse_training_data\frames\yt_18_001081.jpg,,yt_18_001081.jpg,Unknown,LOW,0,,,,
data\diverse_training_data\frames\yt_18_001128.jpg,,yt_18_001128.jpg,Unknown,LOW,0,,,,
data\diverse_training_data\frames\yt_18_001175.jpg,,yt_18_001175.jpg,Unknown,LOW,0,,,,
data\diverse_training_data\frames\yt_18_001269.jpg,,yt_18_001269.jpg,Unknown,LOW,0,,,,
data\diverse_training_data\frames\yt_18_001316.jpg,,yt_18_001316.jpg,Unknown,LOW,0,,,,
data\diverse_training_data\frames\yt_18_001363.jpg,,yt_18_001363.jpg,Unknown,LOW,0,,,,
data\diverse_training_data\frames\yt_18_001410.jpg,,yt_18_001410.jpg,Unknown,LOW,0,,,,
data\diverse_training_data\frames\yt_18_001504.jpg,,yt_18_001504.jpg,Unknown,LOW,0,,,,
data\diverse_training_data\frames\yt_18_001551.jpg,,yt_18_001551.jpg,Unknown,LOW,0,,,,
data\diverse_training_data\frames\yt_18_001598.jpg,,yt_18_001598.jpg,Unknown,LOW,0,,,,
data\diverse_training_data\frames\yt_18_001645.jpg,,yt_18_001645.jpg,Unknown,LOW,0,,,,
data\diverse_training_data\frames\yt_18_001692.jpg,,yt_18_001692.jpg,Unknown,LOW,0,,,,
data\diverse_training_data\frames\yt_18_001739.jpg,,yt_18_001739.jpg,Unknown,LOW,0,,,,
data\diverse_training_data\frames\yt_18_001786.jpg,,yt_18_001786.jpg,Unknown,LOW,0,,,,
data\diverse_training_data\frames\yt_18_001833.jpg,,yt_18_001833.jpg,Unknown,LOW,0,,,,
data\diverse_training_data\frames\yt_18_001880.jpg,,yt_18_001880.jpg,Unknown,LOW,0,,,,
data\diverse_training_data\frames\yt_18_001974.jpg,,yt_18_001974.jpg,Unknown,LOW,0,,,,
data\diverse_training_data\frames\yt_18_002021.jpg,,yt_18_002021.jpg,Unknown,LOW,0,,,,
data\diverse_training_data\frames\yt_18_002679.jpg,,yt_18_002679.jpg,Unknown,LOW,0,,,,
data\diverse_training_data\frames\yt_18_003196.jpg,,yt_18_003196.jpg,Unknown,LOW,0,,,,
data\diverse_training_data\frames\yt_18_003243.jpg,,yt_18_003243.jpg,Unknown,LOW,0,,,,
data\diverse_training_data\frames\yt_18_003290.jpg,,yt_18_003290.jpg,Unknown,LOW,0,,,,
data\diverse_training_data\frames\yt_18_003337.jpg,,yt_18_003337.jpg,Unknown,LOW,0,,,,
data\diverse_training_data\frames\yt_18_003384.jpg,,yt_18_003384.jpg,Unknown,LOW,0,,,,
