neck_flexion,trunk_flexion,left_shoulder_elev,right_shoulder_elev,shoulder_symmetry,alignment_deviation,knee_angle,forward_head_posture,head_tilt_angle,wrist_deviation_angle,stance_stability,weight_shift_offset,lower_body_visible,upper_body_visible,body_visibility,frame_name,source_video,frame_idx,task_label,timestamp_sec
137.87,155.65,163.38,171.66,1.61,11.42,164.02,37.52,37.52,33.85,0.7,0.37,True,True,2.0,yt_01_000000.jpg,assembly_worker_E943iVhG9dc.mp4,0,Assembly Work,0.0
119.31,154.53,171.8,162.37,23.35,19.99,131.52,136.32,136.32,42.43,0.7,12.82,True,True,2.0,yt_01_000050.jpg,assembly_worker_E943iVhG9dc.mp4,50,Assembly Work,2.0
89.42,136.61,155.67,162.49,3.83,12.26,174.0,54.91,54.91,80.35,0.7,4.33,True,True,2.0,yt_01_000100.jpg,assembly_worker_E943iVhG9dc.mp4,100,Assembly Work,4.0
61.03,129.7,133.61,129.84,9.73,9.74,167.63,53.43,53.43,57.62,0.7,4.78,True,True,2.0,yt_01_000150.jpg,assembly_worker_E943iVhG9dc.mp4,150,Assembly Work,6.0
59.23,134.76,125.1,132.86,11.72,10.61,175.54,58.84,58.84,60.23,0.7,4.45,True,True,2.0,yt_01_000200.jpg,assembly_worker_E943iVhG9dc.mp4,200,Assembly Work,8.0
43.26,136.08,97.26,136.32,16.58,7.56,174.79,38.52,38.52,20.54,0.7,2.97,True,True,2.0,yt_01_000250.jpg,assembly_worker_E943iVhG9dc.mp4,250,Assembly Work,10.0
49.16,113.77,166.24,156.48,2.58,9.88,173.41,53.72,53.72,66.32,0.7,8.97,True,True,2.0,yt_01_000300.jpg,assembly_worker_E943iVhG9dc.mp4,300,Assembly Work,12.0
78.07,131.27,134.11,134.83,5.97,8.95,107.7,55.75,55.75,46.65,0.7,2.97,True,True,2.0,yt_01_000350.jpg,assembly_worker_E943iVhG9dc.mp4,350,Assembly Work,14.0
85.54,117.22,165.42,106.97,20.56,10.55,89.85,63.85,63.85,77.63,0.7,7.23,True,True,2.0,yt_01_000400.jpg,assembly_worker_E943iVhG9dc.mp4,400,Assembly Work,16.0
59.45,129.75,128.76,135.15,1.2,9.48,149.78,58.76,58.76,53.59,0.7,5.02,True,True,2.0,yt_01_000450.jpg,assembly_worker_E943iVhG9dc.mp4,450,Assembly Work,18.0
74.84,135.08,142.07,147.49,3.76,8.97,77.55,50.04,50.04,51.65,0.7,2.89,True,True,2.0,yt_01_000500.jpg,assembly_worker_E943iVhG9dc.mp4,500,Assembly Work,20.0
63.73,143.59,148.97,147.19,5.2,8.74,139.65,55.76,55.76,46.89,0.7,1.71,True,True,2.0,yt_01_000550.jpg,assembly_worker_E943iVhG9dc.mp4,550,Assembly Work,22.0
53.57,137.13,126.46,144.72,15.69,8.76,166.13,48.88,48.88,37.58,0.7,3.79,True,True,2.0,yt_01_000600.jpg,assembly_worker_E943iVhG9dc.mp4,600,Assembly Work,24.0
59.22,142.65,145.28,143.09,6.52,8.66,156.43,53.86,53.86,42.63,0.7,2.01,True,True,2.0,yt_01_000650.jpg,assembly_worker_E943iVhG9dc.mp4,650,Assembly Work,26.0
50.26,140.2,137.52,144.48,14.26,8.62,164.7,49.03,49.03,37.49,0.7,3.34,True,True,2.0,yt_01_000700.jpg,assembly_worker_E943iVhG9dc.mp4,700,Assembly Work,28.0
60.44,142.12,145.03,141.97,5.67,8.8,154.39,52.74,52.74,45.49,0.7,1.99,True,True,2.0,yt_01_000750.jpg,assembly_worker_E943iVhG9dc.mp4,750,Assembly Work,30.0
52.96,139.03,144.11,145.79,10.27,9.37,163.13,56.15,56.15,45.83,0.7,3.18,True,True,2.0,yt_01_000800.jpg,assembly_worker_E943iVhG9dc.mp4,800,Assembly Work,32.0
59.72,135.94,142.61,140.1,3.1,9.15,160.87,55.45,55.45,47.62,0.7,3.47,True,True,2.0,yt_01_000850.jpg,assembly_worker_E943iVhG9dc.mp4,850,Assembly Work,34.0
57.43,140.08,142.46,142.41,4.47,9.29,170.64,54.11,54.11,49.89,0.7,2.47,True,True,2.0,yt_01_000900.jpg,assembly_worker_E943iVhG9dc.mp4,900,Assembly Work,36.0
57.32,137.17,138.41,140.27,3.83,8.7,157.62,51.87,51.87,44.27,0.7,2.6,True,True,2.0,yt_01_000950.jpg,assembly_worker_E943iVhG9dc.mp4,950,Assembly Work,38.0
54.67,129.82,143.27,144.55,5.7,8.48,146.71,51.11,51.11,46.73,0.7,4.24,True,True,2.0,yt_01_001000.jpg,assembly_worker_E943iVhG9dc.mp4,1000,Assembly Work,40.0
56.81,137.93,138.55,141.07,4.24,9.21,168.95,54.85,54.85,47.3,0.7,2.57,True,True,2.0,yt_01_001050.jpg,assembly_worker_E943iVhG9dc.mp4,1050,Assembly Work,42.0
60.13,134.74,131.58,132.43,4.4,8.91,160.51,55.65,55.65,57.36,0.7,2.95,True,True,2.0,yt_01_001100.jpg,assembly_worker_E943iVhG9dc.mp4,1100,Assembly Work,44.0
67.33,135.43,145.81,149.25,3.43,9.62,155.52,55.71,55.71,55.7,0.7,3.64,True,True,2.0,yt_01_001150.jpg,assembly_worker_E943iVhG9dc.mp4,1150,Assembly Work,46.0
64.71,137.32,138.05,144.07,5.21,8.86,164.74,47.33,47.33,37.6,0.7,2.94,True,True,2.0,yt_01_001200.jpg,assembly_worker_E943iVhG9dc.mp4,1200,Assembly Work,48.0
57.08,142.48,143.05,147.16,6.54,9.65,169.46,58.24,58.24,53.19,0.7,2.76,True,True,2.0,yt_01_001250.jpg,assembly_worker_E943iVhG9dc.mp4,1250,Assembly Work,50.0
67.62,138.81,141.86,146.44,1.43,9.25,166.6,55.23,55.23,50.17,0.7,3.34,True,True,2.0,yt_01_001300.jpg,assembly_worker_E943iVhG9dc.mp4,1300,Assembly Work,52.0
62.77,148.27,155.17,151.26,8.03,9.86,163.02,59.31,59.31,55.17,0.7,2.04,True,True,2.0,yt_01_001350.jpg,assembly_worker_E943iVhG9dc.mp4,1350,Assembly Work,54.0
60.25,147.49,151.71,149.97,7.12,9.75,160.43,60.2,60.2,54.15,0.7,2.01,True,True,2.0,yt_01_001400.jpg,assembly_worker_E943iVhG9dc.mp4,1400,Assembly Work,56.0
56.13,145.69,131.82,146.73,18.63,8.83,177.36,45.39,45.39,36.56,0.7,2.7,True,True,2.0,yt_01_001450.jpg,assembly_worker_E943iVhG9dc.mp4,1450,Assembly Work,58.0
86.81,144.55,158.74,160.6,1.37,9.5,163.46,52.53,52.53,47.7,0.7,1.8,True,True,2.0,yt_01_001500.jpg,assembly_worker_E943iVhG9dc.mp4,1500,Assembly Work,60.0
80.65,149.56,153.45,164.76,42.29,10.59,167.24,63.09,63.09,36.66,0.7,1.85,True,True,2.0,yt_01_001550.jpg,assembly_worker_E943iVhG9dc.mp4,1550,Assembly Work,62.0
64.4,122.56,119.6,99.29,14.57,8.2,159.59,56.52,56.52,38.19,0.7,4.87,True,True,2.0,yt_01_001600.jpg,assembly_worker_E943iVhG9dc.mp4,1600,Assembly Work,64.0
53.55,132.48,129.37,133.15,10.5,7.97,159.64,53.71,53.71,48.24,0.7,3.06,True,True,2.0,yt_01_001650.jpg,assembly_worker_E943iVhG9dc.mp4,1650,Assembly Work,66.0
51.37,130.4,131.11,132.23,8.55,7.97,164.02,49.91,49.91,47.39,0.7,3.16,True,True,2.0,yt_01_001700.jpg,assembly_worker_E943iVhG9dc.mp4,1700,Assembly Work,68.0
52.5,131.88,131.55,135.94,9.61,8.05,165.6,51.55,51.55,49.8,0.7,3.13,True,True,2.0,yt_01_001750.jpg,assembly_worker_E943iVhG9dc.mp4,1750,Assembly Work,70.0
48.1,126.66,121.93,119.36,13.86,6.3,98.28,45.97,45.97,41.74,0.7,3.02,True,True,2.0,yt_01_001800.jpg,assembly_worker_E943iVhG9dc.mp4,1800,Assembly Work,72.0
51.63,128.77,131.99,119.18,12.13,6.63,123.53,47.01,47.01,34.96,0.7,2.91,True,True,2.0,yt_01_001850.jpg,assembly_worker_E943iVhG9dc.mp4,1850,Assembly Work,74.0
51.1,134.02,134.54,133.58,4.59,8.22,155.83,54.25,54.25,48.23,0.7,3.24,True,True,2.0,yt_01_001900.jpg,assembly_worker_E943iVhG9dc.mp4,1900,Assembly Work,76.0
66.64,130.01,137.77,122.47,21.83,7.96,142.97,50.08,50.08,36.5,0.7,3.52,True,True,2.0,yt_01_001950.jpg,assembly_worker_E943iVhG9dc.mp4,1950,Assembly Work,78.0
57.78,133.1,133.88,129.74,11.34,7.92,155.51,50.1,50.1,42.89,0.7,3.04,True,True,2.0,yt_01_002000.jpg,assembly_worker_E943iVhG9dc.mp4,2000,Assembly Work,80.0
69.48,132.42,132.54,141.28,16.73,9.14,169.3,53.12,53.12,60.77,0.7,3.4,True,True,2.0,yt_01_002050.jpg,assembly_worker_E943iVhG9dc.mp4,2050,Assembly Work,82.0
64.69,133.07,134.5,143.98,11.44,8.55,158.39,50.27,50.27,59.01,0.7,2.8,True,True,2.0,yt_01_002100.jpg,assembly_worker_E943iVhG9dc.mp4,2100,Assembly Work,84.0
80.27,138.25,142.82,144.89,2.49,9.59,122.38,57.52,57.52,43.32,0.7,2.97,True,True,2.0,yt_01_002150.jpg,assembly_worker_E943iVhG9dc.mp4,2150,Assembly Work,86.0
83.0,141.97,148.01,147.43,1.99,8.94,120.7,50.75,50.75,50.03,0.7,1.55,True,True,2.0,yt_01_002200.jpg,assembly_worker_E943iVhG9dc.mp4,2200,Assembly Work,88.0
102.12,144.34,153.33,165.27,0.8,10.3,136.06,66.03,66.03,47.45,0.7,1.92,True,True,2.0,yt_01_002250.jpg,assembly_worker_E943iVhG9dc.mp4,2250,Assembly Work,90.0
91.85,153.9,160.17,163.49,1.14,9.11,174.01,50.12,50.12,53.57,0.7,0.94,True,True,2.0,yt_01_002300.jpg,assembly_worker_E943iVhG9dc.mp4,2300,Assembly Work,92.0
104.03,151.97,159.02,170.77,10.26,9.52,171.14,51.03,51.03,59.04,0.7,0.79,True,True,2.0,yt_01_002350.jpg,assembly_worker_E943iVhG9dc.mp4,2350,Assembly Work,94.0
88.96,143.82,157.29,160.1,6.74,8.48,157.98,49.28,49.28,54.05,0.7,0.87,True,True,2.0,yt_01_002400.jpg,assembly_worker_E943iVhG9dc.mp4,2400,Assembly Work,96.0
80.14,143.29,157.97,160.28,7.16,9.07,167.05,50.33,50.33,50.05,0.7,1.68,True,True,2.0,yt_01_002450.jpg,assembly_worker_E943iVhG9dc.mp4,2450,Assembly Work,98.0
84.92,146.27,153.07,149.82,0.11,7.88,132.29,47.52,47.52,48.59,0.7,0.37,True,True,2.0,yt_01_002500.jpg,assembly_worker_E943iVhG9dc.mp4,2500,Assembly Work,100.0
80.95,147.52,151.05,155.36,4.52,8.91,171.1,49.99,49.99,48.18,0.7,0.75,True,True,2.0,yt_01_002550.jpg,assembly_worker_E943iVhG9dc.mp4,2550,Assembly Work,102.0
94.94,142.25,140.76,135.29,5.95,8.95,158.97,46.83,46.83,45.38,0.7,1.86,True,True,2.0,yt_01_002600.jpg,assembly_worker_E943iVhG9dc.mp4,2600,Assembly Work,104.0
81.8,154.09,169.54,165.96,6.8,10.81,173.33,54.79,54.79,58.82,0.7,0.95,True,True,2.0,yt_01_002650.jpg,assembly_worker_E943iVhG9dc.mp4,2650,Assembly Work,106.0
91.73,128.62,142.06,153.2,4.29,8.74,158.73,41.34,41.34,46.8,0.7,4.42,True,True,2.0,yt_01_002700.jpg,assembly_worker_E943iVhG9dc.mp4,2700,Assembly Work,108.0
81.46,149.86,157.53,160.49,5.01,9.5,158.98,51.62,51.62,57.65,0.7,1.27,True,True,2.0,yt_01_002750.jpg,assembly_worker_E943iVhG9dc.mp4,2750,Assembly Work,110.0
80.0,152.12,163.12,161.14,6.27,9.92,169.09,56.64,56.64,58.25,0.7,0.86,True,True,2.0,yt_01_002800.jpg,assembly_worker_E943iVhG9dc.mp4,2800,Assembly Work,112.0
93.69,149.32,161.77,151.04,17.52,9.37,165.02,51.89,51.89,59.42,0.7,0.93,True,True,2.0,yt_01_002850.jpg,assembly_worker_E943iVhG9dc.mp4,2850,Assembly Work,114.0
70.11,155.47,174.37,167.05,8.53,9.78,171.06,50.26,50.26,55.8,0.7,0.81,True,True,2.0,yt_01_002900.jpg,assembly_worker_E943iVhG9dc.mp4,2900,Assembly Work,116.0
91.3,148.85,158.55,145.76,18.43,9.07,164.57,49.02,49.02,55.42,0.7,0.98,True,True,2.0,yt_01_002950.jpg,assembly_worker_E943iVhG9dc.mp4,2950,Assembly Work,118.0
92.44,141.33,147.97,133.85,21.97,8.58,152.07,50.19,50.19,44.08,0.7,1.6,True,True,2.0,yt_01_003000.jpg,assembly_worker_E943iVhG9dc.mp4,3000,Assembly Work,120.0
76.57,145.74,156.4,165.3,11.93,8.66,170.97,48.75,48.75,54.48,0.7,1.15,True,True,2.0,yt_01_003050.jpg,assembly_worker_E943iVhG9dc.mp4,3050,Assembly Work,122.0
91.58,139.82,151.76,135.21,16.27,8.15,153.33,45.79,45.79,46.07,0.7,1.7,True,True,2.0,yt_01_003100.jpg,assembly_worker_E943iVhG9dc.mp4,3100,Assembly Work,124.0
106.37,137.98,159.28,128.17,16.0,8.9,155.82,45.29,45.29,52.38,0.7,1.38,True,True,2.0,yt_01_003150.jpg,assembly_worker_E943iVhG9dc.mp4,3150,Assembly Work,126.0
54.43,137.21,136.51,151.63,14.97,8.28,161.09,51.13,51.13,37.17,0.7,3.61,True,True,2.0,yt_01_003200.jpg,assembly_worker_E943iVhG9dc.mp4,3200,Assembly Work,128.0
97.74,145.45,131.9,114.99,11.29,9.72,155.27,44.8,44.8,43.65,0.7,0.65,True,True,2.0,yt_01_003250.jpg,assembly_worker_E943iVhG9dc.mp4,3250,Assembly Work,130.0
109.97,146.02,174.37,171.41,9.8,9.68,160.56,31.56,31.56,50.07,0.7,0.04,True,True,2.0,yt_01_003300.jpg,assembly_worker_E943iVhG9dc.mp4,3300,Assembly Work,132.0
85.9,135.54,137.26,110.2,8.87,8.77,146.87,44.92,44.92,40.13,0.7,2.18,True,True,2.0,yt_01_003350.jpg,assembly_worker_E943iVhG9dc.mp4,3350,Assembly Work,134.0
61.3,141.37,135.96,140.27,8.01,8.58,165.34,49.58,49.58,28.82,0.7,2.72,True,True,2.0,yt_01_003400.jpg,assembly_worker_E943iVhG9dc.mp4,3400,Assembly Work,136.0
90.31,145.41,158.52,158.06,0.96,9.0,163.32,55.27,55.27,51.72,0.7,1.16,True,True,2.0,yt_01_003450.jpg,assembly_worker_E943iVhG9dc.mp4,3450,Assembly Work,138.0
83.5,160.42,163.83,171.41,2.48,8.75,166.02,32.76,32.76,26.18,0.7,1.03,True,True,2.0,yt_01_003500.jpg,assembly_worker_E943iVhG9dc.mp4,3500,Assembly Work,140.0
89.11,152.94,152.71,153.81,2.31,9.17,162.14,43.3,43.3,53.37,0.7,0.02,True,True,2.0,yt_01_003550.jpg,assembly_worker_E943iVhG9dc.mp4,3550,Assembly Work,142.0
83.0,125.94,138.5,139.48,3.08,6.86,137.09,39.28,39.28,30.66,0.7,2.37,True,True,2.0,yt_01_003600.jpg,assembly_worker_E943iVhG9dc.mp4,3600,Assembly Work,144.0
124.32,92.56,132.8,112.23,3.88,4.08,151.7,4.46,4.46,6.08,0.7,3.21,True,True,2.0,yt_01_003650.jpg,assembly_worker_E943iVhG9dc.mp4,3650,Assembly Work,146.0
162.95,102.72,126.9,114.65,12.33,3.15,169.75,8.6,8.6,13.24,0.7,0.68,True,True,2.0,yt_01_003750.jpg,assembly_worker_E943iVhG9dc.mp4,3750,Assembly Work,150.0
118.67,103.93,108.08,117.02,2.19,4.35,153.95,4.83,4.83,4.49,0.7,2.42,True,True,2.0,yt_01_003800.jpg,assembly_worker_E943iVhG9dc.mp4,3800,Assembly Work,152.0
106.76,101.9,125.43,128.31,2.75,4.3,161.07,18.23,18.23,6.25,0.7,1.87,True,True,2.0,yt_01_003850.jpg,assembly_worker_E943iVhG9dc.mp4,3850,Assembly Work,154.0
175.36,110.25,110.18,111.41,9.38,4.97,163.77,5.67,5.67,16.72,0.7,0.63,True,True,2.0,yt_01_003900.jpg,assembly_worker_E943iVhG9dc.mp4,3900,Assembly Work,156.0
174.18,114.99,117.66,119.23,3.51,4.77,143.94,4.66,4.66,19.25,0.7,0.32,True,True,2.0,yt_01_003950.jpg,assembly_worker_E943iVhG9dc.mp4,3950,Assembly Work,158.0
102.01,113.14,128.16,128.33,5.66,5.26,121.08,34.27,34.27,18.29,0.7,2.34,True,True,2.0,yt_01_004000.jpg,assembly_worker_E943iVhG9dc.mp4,4000,Assembly Work,160.0
155.04,129.62,131.56,129.54,2.11,8.17,168.68,13.75,13.75,20.08,0.7,0.3,True,True,2.0,yt_01_004100.jpg,assembly_worker_E943iVhG9dc.mp4,4100,Assembly Work,164.0
177.58,129.62,128.74,134.56,10.28,7.58,178.15,9.21,9.21,26.95,0.7,0.56,True,True,2.0,yt_01_004150.jpg,assembly_worker_E943iVhG9dc.mp4,4150,Assembly Work,166.0
173.18,131.2,143.76,145.54,18.41,7.61,171.12,14.07,14.07,41.33,0.7,1.62,True,True,2.0,yt_01_004200.jpg,assembly_worker_E943iVhG9dc.mp4,4200,Assembly Work,168.0
124.47,141.01,136.54,149.96,4.16,8.07,175.09,26.71,26.71,42.95,0.7,0.45,True,True,2.0,yt_01_004250.jpg,assembly_worker_E943iVhG9dc.mp4,4250,Assembly Work,170.0
110.83,142.51,138.75,145.0,9.95,8.11,174.07,31.25,31.25,46.11,0.7,0.53,True,True,2.0,yt_01_004300.jpg,assembly_worker_E943iVhG9dc.mp4,4300,Assembly Work,172.0
110.84,129.17,131.59,102.68,18.19,7.91,170.54,36.75,36.75,28.29,0.7,1.4,True,True,2.0,yt_01_004350.jpg,assembly_worker_E943iVhG9dc.mp4,4350,Assembly Work,174.0
138.01,86.88,110.76,98.28,6.7,4.23,154.33,16.84,16.84,9.21,0.7,3.13,True,True,2.0,yt_01_004400.jpg,assembly_worker_E943iVhG9dc.mp4,4400,Assembly Work,176.0
110.99,113.4,117.53,97.72,6.92,5.47,136.37,20.87,20.87,14.42,0.7,1.2,True,True,2.0,yt_01_004450.jpg,assembly_worker_E943iVhG9dc.mp4,4450,Assembly Work,178.0
72.28,111.29,103.17,87.03,0.68,4.64,170.12,21.53,21.53,4.62,0.7,1.61,True,True,2.0,yt_01_004500.jpg,assembly_worker_E943iVhG9dc.mp4,4500,Assembly Work,180.0
163.87,126.65,143.11,104.23,0.18,7.8,178.48,5.79,5.79,21.8,0.7,0.69,True,True,2.0,yt_01_004550.jpg,assembly_worker_E943iVhG9dc.mp4,4550,Assembly Work,182.0
85.47,125.73,131.95,153.6,31.27,9.01,102.68,61.18,61.18,61.42,0.7,4.08,True,True,2.0,yt_01_004600.jpg,assembly_worker_E943iVhG9dc.mp4,4600,Assembly Work,184.0
118.84,157.95,174.66,160.84,5.55,11.02,165.06,37.74,37.74,42.11,0.7,1.06,True,True,2.0,yt_01_004650.jpg,assembly_worker_E943iVhG9dc.mp4,4650,Assembly Work,186.0
57.82,134.19,136.07,140.62,14.82,10.61,167.39,66.85,66.85,50.94,0.7,4.88,True,True,2.0,yt_01_004700.jpg,assembly_worker_E943iVhG9dc.mp4,4700,Assembly Work,188.0
37.68,120.96,150.65,164.87,23.21,11.18,166.75,60.54,60.54,54.34,0.7,10.26,True,True,2.0,yt_01_004750.jpg,assembly_worker_E943iVhG9dc.mp4,4750,Assembly Work,190.0
50.52,128.27,137.64,142.06,18.53,10.77,172.15,60.23,60.23,70.0,0.7,6.9,True,True,2.0,yt_01_004800.jpg,assembly_worker_E943iVhG9dc.mp4,4800,Assembly Work,192.0
61.49,123.63,154.9,166.34,31.2,7.39,146.62,59.66,59.66,58.9,0.7,3.46,True,True,2.0,yt_01_004850.jpg,assembly_worker_E943iVhG9dc.mp4,4850,Assembly Work,194.0
128.35,113.08,153.14,146.43,15.45,5.67,173.72,32.94,32.94,40.86,0.7,3.09,True,True,2.0,yt_01_004900.jpg,assembly_worker_E943iVhG9dc.mp4,4900,Assembly Work,196.0
28.39,113.87,173.54,172.83,34.14,9.83,176.04,36.43,36.43,48.82,0.7,10.83,True,True,2.0,yt_01_004950.jpg,assembly_worker_E943iVhG9dc.mp4,4950,Assembly Work,198.0
52.66,135.3,132.85,134.45,17.86,9.92,177.34,58.32,58.32,58.23,0.7,4.59,True,True,2.0,yt_01_005000.jpg,assembly_worker_E943iVhG9dc.mp4,5000,Assembly Work,200.0
45.49,136.82,133.35,133.22,11.86,8.85,176.13,50.95,50.95,41.79,0.7,3.36,True,True,2.0,yt_01_005050.jpg,assembly_worker_E943iVhG9dc.mp4,5050,Assembly Work,202.0
50.15,137.81,125.6,130.79,14.98,9.14,171.05,50.89,50.89,32.28,0.7,3.36,True,True,2.0,yt_01_005100.jpg,assembly_worker_E943iVhG9dc.mp4,5100,Assembly Work,204.0
52.17,140.1,133.7,130.33,12.55,9.01,178.17,50.54,50.54,36.24,0.7,2.82,True,True,2.0,yt_01_005150.jpg,assembly_worker_E943iVhG9dc.mp4,5150,Assembly Work,206.0
65.41,136.44,135.48,150.93,33.28,8.72,103.29,58.61,58.61,50.69,0.7,2.11,True,True,2.0,yt_01_005200.jpg,assembly_worker_E943iVhG9dc.mp4,5200,Assembly Work,208.0
63.85,127.77,146.81,155.88,19.52,7.18,149.54,47.36,47.36,41.27,0.7,3.17,True,True,2.0,yt_01_005250.jpg,assembly_worker_E943iVhG9dc.mp4,5250,Assembly Work,210.0
49.61,135.92,121.47,154.11,20.01,8.77,163.48,42.57,42.57,33.02,0.7,4.69,True,True,2.0,yt_01_005300.jpg,assembly_worker_E943iVhG9dc.mp4,5300,Assembly Work,212.0
51.22,137.74,133.33,134.88,11.0,8.7,165.2,50.75,50.75,40.49,0.7,2.81,True,True,2.0,yt_01_005350.jpg,assembly_worker_E943iVhG9dc.mp4,5350,Assembly Work,214.0
50.42,137.03,124.92,130.9,12.36,8.77,161.62,51.7,51.7,37.82,0.7,3.25,True,True,2.0,yt_01_005400.jpg,assembly_worker_E943iVhG9dc.mp4,5400,Assembly Work,216.0
43.72,134.01,113.78,132.92,19.14,8.12,173.0,42.67,42.67,26.0,0.7,3.88,True,True,2.0,yt_01_005450.jpg,assembly_worker_E943iVhG9dc.mp4,5450,Assembly Work,218.0
80.61,128.03,151.17,171.23,24.51,6.84,123.29,51.67,51.67,61.82,0.7,1.87,True,True,2.0,yt_01_005500.jpg,assembly_worker_E943iVhG9dc.mp4,5500,Assembly Work,220.0
78.85,135.0,134.39,125.26,4.13,9.6,158.34,55.13,55.13,52.35,0.7,3.03,True,True,2.0,yt_01_005550.jpg,assembly_worker_E943iVhG9dc.mp4,5550,Assembly Work,222.0
81.86,129.64,139.58,165.2,19.6,7.86,133.08,58.51,58.51,63.57,0.7,2.63,True,True,2.0,yt_01_005600.jpg,assembly_worker_E943iVhG9dc.mp4,5600,Assembly Work,224.0
101.9,113.77,138.04,143.47,3.75,7.11,127.06,51.8,51.8,42.9,0.7,4.95,True,True,2.0,yt_01_005650.jpg,assembly_worker_E943iVhG9dc.mp4,5650,Assembly Work,226.0
49.16,138.74,140.32,149.87,7.1,7.21,136.57,42.24,42.24,46.42,0.7,1.98,True,True,2.0,yt_01_005700.jpg,assembly_worker_E943iVhG9dc.mp4,5700,Assembly Work,228.0
43.68,141.49,132.65,151.52,8.35,6.84,171.0,40.07,40.07,38.25,0.7,1.6,True,True,2.0,yt_01_005750.jpg,assembly_worker_E943iVhG9dc.mp4,5750,Assembly Work,230.0
87.52,122.38,135.39,126.68,25.3,8.62,138.52,59.24,59.24,63.48,0.7,4.61,True,True,2.0,yt_01_005800.jpg,assembly_worker_E943iVhG9dc.mp4,5800,Assembly Work,232.0
54.2,122.92,143.51,137.14,6.37,8.57,159.71,56.99,56.99,56.8,0.7,5.69,True,True,2.0,yt_01_005850.jpg,assembly_worker_E943iVhG9dc.mp4,5850,Assembly Work,234.0
75.77,128.19,141.94,137.43,18.33,9.18,140.22,62.16,62.16,64.28,0.7,4.47,True,True,2.0,yt_01_005900.jpg,assembly_worker_E943iVhG9dc.mp4,5900,Assembly Work,236.0
62.76,127.04,133.17,151.87,31.72,7.93,118.15,61.31,61.31,52.25,0.7,3.04,True,True,2.0,yt_01_005950.jpg,assembly_worker_E943iVhG9dc.mp4,5950,Assembly Work,238.0
76.78,146.37,148.99,150.08,2.58,9.69,161.2,50.16,50.16,60.22,0.7,1.55,True,True,2.0,yt_01_006000.jpg,assembly_worker_E943iVhG9dc.mp4,6000,Assembly Work,240.0
55.14,137.08,136.91,139.25,11.33,9.64,128.23,56.17,56.17,55.09,0.7,3.38,True,True,2.0,yt_01_006050.jpg,assembly_worker_E943iVhG9dc.mp4,6050,Assembly Work,242.0
70.2,129.05,130.84,128.98,12.92,8.32,43.16,53.65,53.65,44.48,0.7,2.7,True,True,2.0,yt_01_006100.jpg,assembly_worker_E943iVhG9dc.mp4,6100,Assembly Work,244.0
96.68,149.13,161.12,158.82,16.22,9.54,149.04,60.25,60.25,46.69,0.7,0.83,True,True,2.0,yt_01_006150.jpg,assembly_worker_E943iVhG9dc.mp4,6150,Assembly Work,246.0
84.78,152.45,149.56,160.27,10.98,10.57,170.1,52.79,52.79,56.07,0.7,0.13,True,True,2.0,yt_01_006200.jpg,assembly_worker_E943iVhG9dc.mp4,6200,Assembly Work,248.0
70.4,153.86,159.86,159.54,11.47,10.38,173.84,62.64,62.64,55.18,0.7,0.23,True,True,2.0,yt_01_006250.jpg,assembly_worker_E943iVhG9dc.mp4,6250,Assembly Work,250.0
79.87,144.37,145.23,145.84,0.64,9.96,160.62,58.03,58.03,55.35,0.7,2.03,True,True,2.0,yt_01_006300.jpg,assembly_worker_E943iVhG9dc.mp4,6300,Assembly Work,252.0
112.61,148.94,168.5,157.36,11.4,11.9,168.33,80.39,80.39,81.26,0.7,1.43,True,True,2.0,yt_01_006350.jpg,assembly_worker_E943iVhG9dc.mp4,6350,Assembly Work,254.0
99.66,156.08,169.63,159.99,1.19,9.99,158.62,49.86,49.86,52.2,0.7,0.37,True,True,2.0,yt_01_006400.jpg,assembly_worker_E943iVhG9dc.mp4,6400,Assembly Work,256.0
96.23,151.84,156.43,163.42,1.04,9.71,169.88,53.07,53.07,63.93,0.7,0.08,True,True,2.0,yt_01_006450.jpg,assembly_worker_E943iVhG9dc.mp4,6450,Assembly Work,258.0
93.15,150.02,162.65,150.19,4.18,9.57,131.67,57.57,57.57,58.02,0.7,0.74,True,True,2.0,yt_01_006500.jpg,assembly_worker_E943iVhG9dc.mp4,6500,Assembly Work,260.0
74.03,144.7,157.48,166.41,18.04,8.62,175.12,49.11,49.11,55.54,0.7,1.41,True,True,2.0,yt_01_006550.jpg,assembly_worker_E943iVhG9dc.mp4,6550,Assembly Work,262.0
72.54,145.98,159.65,167.53,10.19,8.93,175.14,49.03,49.03,54.97,0.7,1.67,True,True,2.0,yt_01_006600.jpg,assembly_worker_E943iVhG9dc.mp4,6600,Assembly Work,264.0
69.69,147.89,158.25,161.31,13.48,9.17,173.87,49.73,49.73,53.29,0.7,1.71,True,True,2.0,yt_01_006650.jpg,assembly_worker_E943iVhG9dc.mp4,6650,Assembly Work,266.0
61.31,143.03,145.08,147.6,2.67,9.06,174.11,53.84,53.84,50.37,0.7,2.96,True,True,2.0,yt_01_006700.jpg,assembly_worker_E943iVhG9dc.mp4,6700,Assembly Work,268.0
73.5,147.44,150.71,154.5,8.19,9.29,175.21,53.55,53.55,51.13,0.7,1.54,True,True,2.0,yt_01_006750.jpg,assembly_worker_E943iVhG9dc.mp4,6750,Assembly Work,270.0
60.54,140.93,156.84,161.72,6.37,9.16,166.84,52.39,52.39,40.99,0.7,4.06,True,True,2.0,yt_01_006800.jpg,assembly_worker_E943iVhG9dc.mp4,6800,Assembly Work,272.0
92.15,148.3,166.46,177.17,6.21,9.73,131.33,56.2,56.2,64.11,0.7,1.63,True,True,2.0,yt_01_006850.jpg,assembly_worker_E943iVhG9dc.mp4,6850,Assembly Work,274.0
80.05,152.77,175.38,172.69,11.34,10.68,153.37,61.44,61.44,54.47,0.7,1.74,True,True,2.0,yt_01_006900.jpg,assembly_worker_E943iVhG9dc.mp4,6900,Assembly Work,276.0
102.85,145.58,147.28,141.65,2.53,9.62,171.53,48.61,48.61,49.02,0.7,1.59,True,True,2.0,yt_01_006950.jpg,assembly_worker_E943iVhG9dc.mp4,6950,Assembly Work,278.0
88.48,150.33,167.97,169.89,10.7,10.19,166.26,55.86,55.86,59.25,0.7,1.87,True,True,2.0,yt_01_007000.jpg,assembly_worker_E943iVhG9dc.mp4,7000,Assembly Work,280.0
98.69,151.61,166.73,159.57,2.13,10.21,164.42,59.8,59.8,67.55,0.7,1.39,True,True,2.0,yt_01_007050.jpg,assembly_worker_E943iVhG9dc.mp4,7050,Assembly Work,282.0
85.75,156.2,167.63,174.08,5.41,10.39,168.66,58.0,58.0,62.4,0.7,0.3,True,True,2.0,yt_01_007100.jpg,assembly_worker_E943iVhG9dc.mp4,7100,Assembly Work,284.0
76.35,153.52,167.31,160.12,9.24,9.62,161.03,54.75,54.75,63.17,0.7,0.6,True,True,2.0,yt_01_007150.jpg,assembly_worker_E943iVhG9dc.mp4,7150,Assembly Work,286.0
81.89,148.43,158.22,149.75,8.26,9.46,151.67,58.45,58.45,63.59,0.7,1.77,True,True,2.0,yt_01_007200.jpg,assembly_worker_E943iVhG9dc.mp4,7200,Assembly Work,288.0
76.99,150.09,146.41,146.46,6.13,8.81,167.22,51.14,51.14,55.66,0.7,0.57,True,True,2.0,yt_01_007250.jpg,assembly_worker_E943iVhG9dc.mp4,7250,Assembly Work,290.0
79.69,149.75,162.15,165.41,11.67,9.44,168.24,49.35,49.35,63.47,0.7,0.82,True,True,2.0,yt_01_007300.jpg,assembly_worker_E943iVhG9dc.mp4,7300,Assembly Work,292.0
76.35,148.78,151.44,133.58,6.11,8.79,166.91,51.61,51.61,48.85,0.7,0.81,True,True,2.0,yt_01_007350.jpg,assembly_worker_E943iVhG9dc.mp4,7350,Assembly Work,294.0
93.7,158.96,167.43,162.14,7.2,10.79,171.33,53.69,53.69,68.28,0.7,0.79,True,True,2.0,yt_01_007400.jpg,assembly_worker_E943iVhG9dc.mp4,7400,Assembly Work,296.0
106.94,169.61,114.83,136.87,27.53,11.6,170.41,48.97,48.97,72.54,0.7,3.27,True,True,2.0,yt_01_007450.jpg,assembly_worker_E943iVhG9dc.mp4,7450,Assembly Work,298.0
118.37,157.62,164.75,172.77,14.45,11.34,169.39,42.36,42.36,57.62,0.7,1.41,True,True,2.0,yt_01_007500.jpg,assembly_worker_E943iVhG9dc.mp4,7500,Assembly Work,300.0
99.17,157.56,172.42,168.48,5.45,11.07,164.56,46.87,46.87,55.56,0.7,1.88,True,True,2.0,yt_01_007550.jpg,assembly_worker_E943iVhG9dc.mp4,7550,Assembly Work,302.0
87.34,141.93,153.74,156.14,13.3,9.92,171.18,46.44,46.44,45.28,0.7,1.47,True,True,2.0,yt_01_007600.jpg,assembly_worker_E943iVhG9dc.mp4,7600,Assembly Work,304.0
96.55,142.74,152.55,151.99,3.89,10.26,173.87,47.22,47.22,52.51,0.7,0.78,True,True,2.0,yt_01_007650.jpg,assembly_worker_E943iVhG9dc.mp4,7650,Assembly Work,306.0
78.16,147.98,167.29,164.24,9.33,10.47,173.59,56.34,56.34,57.52,0.7,0.16,True,True,2.0,yt_01_007700.jpg,assembly_worker_E943iVhG9dc.mp4,7700,Assembly Work,308.0
86.79,139.03,147.97,147.29,5.33,10.32,175.05,54.39,54.39,59.94,0.7,1.74,True,True,2.0,yt_01_007750.jpg,assembly_worker_E943iVhG9dc.mp4,7750,Assembly Work,310.0
106.06,139.99,146.81,168.88,9.68,11.4,169.16,53.32,53.32,60.39,0.7,1.57,True,True,2.0,yt_01_007800.jpg,assembly_worker_E943iVhG9dc.mp4,7800,Assembly Work,312.0
98.43,147.45,164.67,161.12,9.21,11.15,177.0,48.31,48.31,48.31,0.7,0.05,True,True,2.0,yt_01_007850.jpg,assembly_worker_E943iVhG9dc.mp4,7850,Assembly Work,314.0
14.56,104.08,166.88,109.15,8.58,7.96,174.66,58.3,58.3,68.02,0.7,7.8,True,True,2.0,yt_01_007900.jpg,assembly_worker_E943iVhG9dc.mp4,7900,Assembly Work,316.0
79.14,142.42,154.61,165.55,24.2,10.81,102.09,69.0,69.0,62.89,0.7,2.94,True,True,2.0,yt_01_007950.jpg,assembly_worker_E943iVhG9dc.mp4,7950,Assembly Work,318.0
84.65,146.7,152.61,160.55,9.53,11.61,169.6,60.38,60.38,65.83,0.7,1.42,True,True,2.0,yt_01_008000.jpg,assembly_worker_E943iVhG9dc.mp4,8000,Assembly Work,320.0
61.45,145.51,150.02,152.14,9.13,11.0,175.64,67.05,67.05,58.28,0.7,2.58,True,True,2.0,yt_01_008050.jpg,assembly_worker_E943iVhG9dc.mp4,8050,Assembly Work,322.0
58.14,145.74,150.23,152.59,11.56,11.02,173.16,67.15,67.15,59.32,0.7,2.61,True,True,2.0,yt_01_008100.jpg,assembly_worker_E943iVhG9dc.mp4,8100,Assembly Work,324.0
54.98,143.99,145.28,151.45,14.36,10.67,170.56,65.34,65.34,54.51,0.7,2.77,True,True,2.0,yt_01_008150.jpg,assembly_worker_E943iVhG9dc.mp4,8150,Assembly Work,326.0
60.93,145.59,145.85,157.86,18.45,11.25,173.49,68.3,68.3,57.86,0.7,2.66,True,True,2.0,yt_01_008200.jpg,assembly_worker_E943iVhG9dc.mp4,8200,Assembly Work,328.0
80.42,139.13,138.03,150.41,0.96,11.17,172.19,63.65,63.65,53.37,0.7,3.41,True,True,2.0,yt_01_008250.jpg,assembly_worker_E943iVhG9dc.mp4,8250,Assembly Work,330.0
82.96,135.64,143.17,147.32,0.54,10.17,155.39,61.38,61.38,61.43,0.7,2.8,True,True,2.0,yt_01_008300.jpg,assembly_worker_E943iVhG9dc.mp4,8300,Assembly Work,332.0
84.56,135.8,148.68,145.98,1.44,10.9,169.08,62.95,62.95,59.6,0.7,3.02,True,True,2.0,yt_01_008350.jpg,assembly_worker_E943iVhG9dc.mp4,8350,Assembly Work,334.0
86.4,144.65,147.38,147.1,0.7,10.18,157.9,55.59,55.59,56.68,0.7,1.79,True,True,2.0,yt_01_008400.jpg,assembly_worker_E943iVhG9dc.mp4,8400,Assembly Work,336.0
59.52,141.63,141.41,142.44,2.33,9.88,173.29,59.9,59.9,53.56,0.7,2.0,True,True,2.0,yt_01_008450.jpg,assembly_worker_E943iVhG9dc.mp4,8450,Assembly Work,338.0
64.0,141.92,141.88,146.11,5.48,10.1,168.36,57.26,57.26,55.03,0.7,1.89,True,True,2.0,yt_01_008500.jpg,assembly_worker_E943iVhG9dc.mp4,8500,Assembly Work,340.0
65.42,139.46,138.16,141.15,2.23,10.13,169.41,52.38,52.38,54.9,0.7,2.51,True,True,2.0,yt_01_008550.jpg,assembly_worker_E943iVhG9dc.mp4,8550,Assembly Work,342.0
64.63,137.96,142.89,141.56,2.22,10.1,171.77,57.32,57.32,55.77,0.7,2.74,True,True,2.0,yt_01_008600.jpg,assembly_worker_E943iVhG9dc.mp4,8600,Assembly Work,344.0
60.02,140.55,143.48,146.5,8.06,9.8,176.89,56.08,56.08,49.71,0.7,2.16,True,True,2.0,yt_01_008650.jpg,assembly_worker_E943iVhG9dc.mp4,8650,Assembly Work,346.0
64.25,140.63,145.41,145.58,5.2,9.83,173.49,55.08,55.08,50.4,0.7,1.98,True,True,2.0,yt_01_008700.jpg,assembly_worker_E943iVhG9dc.mp4,8700,Assembly Work,348.0
106.07,140.61,148.85,141.74,2.58,10.72,149.68,53.06,53.06,68.66,0.7,1.69,True,True,2.0,yt_01_008750.jpg,assembly_worker_E943iVhG9dc.mp4,8750,Assembly Work,350.0
69.69,130.61,138.01,125.84,13.29,10.06,159.78,56.69,56.69,57.17,0.7,4.72,True,True,2.0,yt_01_008800.jpg,assembly_worker_E943iVhG9dc.mp4,8800,Assembly Work,352.0
70.99,141.14,147.28,153.56,8.16,10.72,136.66,63.49,63.49,64.24,0.7,3.08,True,True,2.0,yt_01_008850.jpg,assembly_worker_E943iVhG9dc.mp4,8850,Assembly Work,354.0
78.66,139.77,146.58,136.54,6.66,10.34,156.95,58.12,58.12,58.11,0.7,2.56,True,True,2.0,yt_01_008900.jpg,assembly_worker_E943iVhG9dc.mp4,8900,Assembly Work,356.0
56.39,140.13,137.36,140.41,0.34,9.4,175.8,59.68,59.68,56.55,0.7,2.0,True,True,2.0,yt_01_008950.jpg,assembly_worker_E943iVhG9dc.mp4,8950,Assembly Work,358.0
72.79,135.6,136.8,150.65,17.26,8.14,152.6,47.41,47.41,50.04,0.7,2.32,True,True,2.0,yt_01_009000.jpg,assembly_worker_E943iVhG9dc.mp4,9000,Assembly Work,360.0
62.33,137.57,132.89,135.09,3.88,8.75,162.45,54.22,54.22,52.83,0.7,2.06,True,True,2.0,yt_01_009050.jpg,assembly_worker_E943iVhG9dc.mp4,9050,Assembly Work,362.0
131.98,132.15,156.99,150.3,36.46,8.82,175.63,47.49,47.49,71.27,0.7,0.79,True,True,2.0,yt_01_009100.jpg,assembly_worker_E943iVhG9dc.mp4,9100,Assembly Work,364.0
60.52,95.63,162.3,91.79,6.1,7.68,143.27,54.33,54.33,68.66,0.7,8.84,True,True,2.0,yt_01_009150.jpg,assembly_worker_E943iVhG9dc.mp4,9150,Assembly Work,366.0
93.21,146.72,158.4,162.54,15.69,9.66,164.64,44.96,44.96,34.01,0.7,0.55,True,True,2.0,yt_01_009200.jpg,assembly_worker_E943iVhG9dc.mp4,9200,Assembly Work,368.0
98.91,83.07,163.49,66.42,27.54,8.27,38.2,54.78,54.78,54.71,0.7,10.76,True,True,2.0,yt_01_009250.jpg,assembly_worker_E943iVhG9dc.mp4,9250,Assembly Work,370.0
43.9,122.16,133.07,154.43,24.36,5.39,149.43,47.89,47.89,44.38,0.7,2.2,True,True,2.0,yt_01_009300.jpg,assembly_worker_E943iVhG9dc.mp4,9300,Assembly Work,372.0
131.88,127.12,131.85,146.46,16.84,6.92,139.48,29.84,29.84,53.64,0.7,1.31,True,True,2.0,yt_01_009350.jpg,assembly_worker_E943iVhG9dc.mp4,9350,Assembly Work,374.0
107.77,148.41,161.25,179.66,1.4,11.14,173.93,39.98,39.98,49.54,0.7,0.6,True,True,2.0,yt_01_009400.jpg,assembly_worker_E943iVhG9dc.mp4,9400,Assembly Work,376.0
98.01,147.93,154.12,172.98,0.1,10.41,177.14,44.24,44.24,46.52,0.7,0.41,True,True,2.0,yt_01_009450.jpg,assembly_worker_E943iVhG9dc.mp4,9450,Assembly Work,378.0
91.93,155.14,176.89,171.5,4.76,11.36,169.17,50.06,50.06,44.6,0.7,0.78,True,True,2.0,yt_01_009500.jpg,assembly_worker_E943iVhG9dc.mp4,9500,Assembly Work,380.0
143.07,132.02,147.75,119.24,7.33,10.36,173.13,24.48,24.48,35.75,0.7,1.66,True,True,2.0,yt_01_009550.jpg,assembly_worker_E943iVhG9dc.mp4,9550,Assembly Work,382.0
144.8,134.91,164.87,113.94,2.59,10.22,171.41,22.41,22.41,34.7,0.7,0.86,True,True,2.0,yt_01_009600.jpg,assembly_worker_E943iVhG9dc.mp4,9600,Assembly Work,384.0
67.55,135.55,144.99,145.43,0.75,9.99,160.7,58.24,58.24,60.01,0.7,4.55,True,True,2.0,yt_01_009650.jpg,assembly_worker_E943iVhG9dc.mp4,9650,Assembly Work,386.0
86.94,130.98,138.88,136.74,1.11,8.03,164.97,53.7,53.7,50.29,0.7,1.71,True,True,2.0,yt_01_009700.jpg,assembly_worker_E943iVhG9dc.mp4,9700,Assembly Work,388.0
99.39,130.82,136.26,133.45,0.56,8.13,130.57,49.55,49.55,49.01,0.7,1.55,True,True,2.0,yt_01_009750.jpg,assembly_worker_E943iVhG9dc.mp4,9750,Assembly Work,390.0
98.93,153.76,176.14,157.5,10.68,11.67,171.91,45.41,45.41,71.33,0.7,0.29,True,True,2.0,yt_01_009800.jpg,assembly_worker_E943iVhG9dc.mp4,9800,Assembly Work,392.0
125.17,163.26,158.4,179.93,4.66,11.03,173.34,47.34,47.34,51.08,0.7,0.83,True,True,2.0,yt_01_009850.jpg,assembly_worker_E943iVhG9dc.mp4,9850,Assembly Work,394.0
102.99,154.66,154.35,166.97,4.11,11.06,173.78,51.25,51.25,54.77,0.7,0.25,True,True,2.0,yt_01_009900.jpg,assembly_worker_E943iVhG9dc.mp4,9900,Assembly Work,396.0
177.95,167.92,164.43,168.67,10.06,11.2,174.81,20.86,20.86,27.8,0.7,2.44,True,True,2.0,yt_01_009950.jpg,assembly_worker_E943iVhG9dc.mp4,9950,Assembly Work,398.0
26.42,109.74,114.11,122.85,27.22,7.06,34.77,48.33,48.33,44.59,0.7,2.42,True,True,2.0,yt_02_000060.jpg,assembly_worker_LcKpP5Y7LKY.mp4,60,Assembly Work,2.0
128.91,127.07,128.1,133.16,9.97,6.67,146.74,24.48,24.48,24.53,0.7,1.42,True,True,2.0,yt_02_000120.jpg,assembly_worker_LcKpP5Y7LKY.mp4,120,Assembly Work,4.0
20.77,121.54,127.49,142.2,59.53,11.43,17.64,77.84,77.84,48.23,0.7,5.44,True,True,2.0,yt_02_000180.jpg,assembly_worker_LcKpP5Y7LKY.mp4,180,Assembly Work,6.0
40.16,114.38,128.91,150.99,29.35,11.58,12.65,69.85,69.85,35.88,0.7,6.45,True,True,2.0,yt_02_000240.jpg,assembly_worker_LcKpP5Y7LKY.mp4,240,Assembly Work,8.0
43.81,133.48,147.48,154.27,10.02,6.5,23.84,46.93,46.93,24.83,0.7,0.85,True,True,2.0,yt_02_000300.jpg,assembly_worker_LcKpP5Y7LKY.mp4,300,Assembly Work,10.0
179.39,129.98,130.7,123.06,5.26,4.89,113.14,1.58,1.58,13.12,0.7,1.34,True,True,2.0,yt_02_000360.jpg,assembly_worker_LcKpP5Y7LKY.mp4,360,Assembly Work,12.0
155.61,149.05,173.54,171.09,2.75,7.86,92.49,8.89,8.89,14.08,0.7,3.82,True,True,2.0,yt_02_000420.jpg,assembly_worker_LcKpP5Y7LKY.mp4,420,Assembly Work,14.0
178.38,151.37,175.01,91.12,0.33,7.63,54.19,8.74,8.74,22.58,0.7,5.47,True,True,2.0,yt_02_000480.jpg,assembly_worker_LcKpP5Y7LKY.mp4,480,Assembly Work,16.0
76.26,148.67,133.3,160.7,39.87,15.09,76.62,16.6,16.6,17.26,0.7,2.21,True,True,2.0,yt_02_000540.jpg,assembly_worker_LcKpP5Y7LKY.mp4,540,Assembly Work,18.0
46.06,135.02,94.2,118.22,20.39,9.5,176.88,42.1,42.1,8.78,0.7,2.14,True,True,2.0,yt_02_000600.jpg,assembly_worker_LcKpP5Y7LKY.mp4,600,Assembly Work,20.0
147.04,166.55,178.05,178.46,27.56,3.61,128.62,13.56,13.56,35.28,0.7,4.59,True,True,2.0,yt_02_000660.jpg,assembly_worker_LcKpP5Y7LKY.mp4,660,Assembly Work,22.0
142.01,145.41,152.14,145.99,6.81,6.01,81.97,1.89,1.89,9.0,0.7,2.02,True,True,2.0,yt_02_000720.jpg,assembly_worker_LcKpP5Y7LKY.mp4,720,Assembly Work,24.0
110.32,141.5,99.64,124.41,6.52,4.37,173.18,12.1,12.1,12.42,0.7,0.79,True,True,2.0,yt_02_000780.jpg,assembly_worker_LcKpP5Y7LKY.mp4,780,Assembly Work,26.0
179.21,163.05,167.24,177.81,12.19,7.41,133.55,26.01,26.01,8.67,0.7,8.19,True,True,2.0,yt_02_000840.jpg,assembly_worker_LcKpP5Y7LKY.mp4,840,Assembly Work,28.0
28.93,116.18,112.07,178.44,13.28,6.62,111.14,28.4,28.4,14.2,0.7,3.54,True,True,2.0,yt_02_000900.jpg,assembly_worker_LcKpP5Y7LKY.mp4,900,Assembly Work,30.0
54.95,132.84,146.91,159.78,7.08,3.6,126.94,25.29,25.29,28.04,0.7,0.65,True,True,2.0,yt_02_000960.jpg,assembly_worker_LcKpP5Y7LKY.mp4,960,Assembly Work,32.0
19.11,110.02,109.58,134.9,39.64,9.28,30.65,56.78,56.78,17.59,0.7,4.73,True,True,2.0,yt_02_001020.jpg,assembly_worker_LcKpP5Y7LKY.mp4,1020,Assembly Work,34.0
134.26,91.82,138.32,60.01,17.12,8.56,64.82,9.99,9.99,12.37,0.7,6.37,True,True,2.0,yt_02_001140.jpg,assembly_worker_LcKpP5Y7LKY.mp4,1140,Assembly Work,38.0
52.4,124.18,132.92,151.76,7.33,5.02,77.64,34.96,34.96,25.59,0.7,1.5,True,True,2.0,yt_02_001200.jpg,assembly_worker_LcKpP5Y7LKY.mp4,1200,Assembly Work,40.0
61.56,44.3,27.36,10.07,238.02,30.48,157.92,104.87,104.87,36.89,0.7,47.19,True,True,2.0,yt_03_000420.jpg,Ergonomic Risks in Automotive Assembly Lines.mp4,420,Assembly Work,14.0
66.88,68.71,17.6,4.08,10.32,15.19,170.87,30.9,30.9,9.79,0.7,1.09,True,True,2.0,yt_03_000480.jpg,Ergonomic Risks in Automotive Assembly Lines.mp4,480,Assembly Work,16.0
79.49,51.13,18.38,93.81,68.84,15.73,169.05,66.68,66.68,41.36,0.7,20.6,True,True,2.0,yt_03_000660.jpg,Ergonomic Risks in Automotive Assembly Lines.mp4,660,Assembly Work,22.0
101.88,115.06,158.72,139.09,35.49,2.62,139.71,10.4,10.4,25.89,0.7,1.25,True,True,2.0,yt_03_000720.jpg,Ergonomic Risks in Automotive Assembly Lines.mp4,720,Assembly Work,24.0
106.74,140.37,133.78,130.13,10.14,4.86,129.05,34.3,34.3,26.4,0.7,3.23,True,True,2.0,yt_03_000780.jpg,Ergonomic Risks in Automotive Assembly Lines.mp4,780,Assembly Work,26.0
32.16,36.3,40.44,40.28,4.57,6.48,111.61,11.85,11.85,16.27,0.7,11.09,True,True,2.0,yt_03_000900.jpg,Ergonomic Risks in Automotive Assembly Lines.mp4,900,Assembly Work,30.0
35.14,11.7,32.43,5.45,116.19,16.75,170.84,81.36,81.36,30.98,0.7,21.93,True,True,2.0,yt_03_000960.jpg,Ergonomic Risks in Automotive Assembly Lines.mp4,960,Assembly Work,32.0
177.73,138.69,108.23,136.57,24.19,44.12,177.39,127.06,127.06,168.44,0.7,2.46,True,True,2.0,yt_03_001080.jpg,Ergonomic Risks in Automotive Assembly Lines.mp4,1080,Assembly Work,36.0
168.27,136.45,115.43,130.36,10.85,48.93,178.87,52.99,52.99,91.1,0.7,4.12,True,True,2.0,yt_03_001140.jpg,Ergonomic Risks in Automotive Assembly Lines.mp4,1140,Assembly Work,38.0
40.28,124.28,136.15,144.9,18.87,10.35,147.48,52.37,52.37,116.54,0.7,0.86,True,True,2.0,yt_03_001260.jpg,Ergonomic Risks in Automotive Assembly Lines.mp4,1260,Assembly Work,42.0
97.31,169.97,110.99,143.86,107.46,8.99,167.16,44.36,44.36,9.82,0.7,12.73,True,True,2.0,yt_03_001320.jpg,Ergonomic Risks in Automotive Assembly Lines.mp4,1320,Assembly Work,44.0
85.28,162.96,73.52,130.42,94.73,11.32,166.2,50.03,50.03,65.0,0.7,16.07,True,True,2.0,yt_03_001380.jpg,Ergonomic Risks in Automotive Assembly Lines.mp4,1380,Assembly Work,46.0
86.22,31.88,173.72,178.09,21.33,7.57,82.51,8.88,8.88,23.51,0.7,3.0,True,True,2.0,yt_03_001440.jpg,Ergonomic Risks in Automotive Assembly Lines.mp4,1440,Assembly Work,48.0
147.77,146.3,163.96,173.24,6.14,22.76,82.98,30.48,30.48,120.8,0.7,3.45,True,True,2.0,yt_03_001500.jpg,Ergonomic Risks in Automotive Assembly Lines.mp4,1500,Assembly Work,50.0
151.76,148.64,166.73,172.19,3.73,23.55,109.59,21.86,21.86,102.6,0.7,4.87,True,True,2.0,yt_03_001560.jpg,Ergonomic Risks in Automotive Assembly Lines.mp4,1560,Assembly Work,52.0
162.07,149.58,152.71,165.25,12.98,23.75,103.57,4.72,4.72,101.17,0.7,6.91,True,True,2.0,yt_03_001620.jpg,Ergonomic Risks in Automotive Assembly Lines.mp4,1620,Assembly Work,54.0
134.39,166.76,72.5,91.01,34.97,17.75,118.13,84.6,84.6,73.91,0.7,17.05,True,True,2.0,yt_03_001680.jpg,Ergonomic Risks in Automotive Assembly Lines.mp4,1680,Assembly Work,56.0
122.61,164.59,73.15,72.44,13.03,15.91,131.02,78.37,78.37,109.7,0.7,13.65,True,True,2.0,yt_03_001740.jpg,Ergonomic Risks in Automotive Assembly Lines.mp4,1740,Assembly Work,58.0
144.21,172.95,74.73,86.18,12.87,15.13,156.36,69.22,69.22,71.58,0.7,14.48,True,True,2.0,yt_03_001800.jpg,Ergonomic Risks in Automotive Assembly Lines.mp4,1800,Assembly Work,60.0
121.22,154.39,76.94,153.64,79.97,11.03,145.6,55.57,55.57,54.7,0.7,15.29,True,True,2.0,yt_03_001860.jpg,Ergonomic Risks in Automotive Assembly Lines.mp4,1860,Assembly Work,62.0
5.58,86.36,81.28,104.78,14.46,5.28,110.36,14.65,14.65,22.52,0.7,1.37,True,True,2.0,yt_03_001980.jpg,Ergonomic Risks in Automotive Assembly Lines.mp4,1980,Assembly Work,66.0
72.84,122.35,72.59,26.46,165.51,34.34,14.14,45.96,45.96,63.75,0.7,42.36,True,True,2.0,yt_03_002220.jpg,Ergonomic Risks in Automotive Assembly Lines.mp4,2220,Assembly Work,74.0
89.28,128.03,107.94,109.24,6.09,10.27,36.1,26.27,26.27,18.67,0.7,0.34,True,True,2.0,yt_04_000250.jpg,Ergonomic Risks in Manufacturing Assembly Lines.mp4,250,Assembly Work,10.0
156.64,128.46,128.92,118.48,4.1,19.14,136.19,40.0,40.0,39.01,0.7,0.91,True,True,2.0,yt_04_000300.jpg,Ergonomic Risks in Manufacturing Assembly Lines.mp4,300,Assembly Work,12.0
151.68,129.63,151.44,126.66,2.13,18.91,143.74,60.0,60.0,108.66,0.7,0.28,True,True,2.0,yt_04_000350.jpg,Ergonomic Risks in Manufacturing Assembly Lines.mp4,350,Assembly Work,14.0
20.66,64.82,18.58,36.47,11.32,7.73,94.76,18.61,18.61,18.24,0.7,3.61,True,True,2.0,yt_04_000400.jpg,Ergonomic Risks in Manufacturing Assembly Lines.mp4,400,Assembly Work,16.0
72.36,80.38,30.14,36.96,59.49,14.39,126.8,39.06,39.06,90.22,0.7,0.51,True,True,2.0,yt_04_000450.jpg,Ergonomic Risks in Manufacturing Assembly Lines.mp4,450,Assembly Work,18.0
0.79,4.72,49.62,61.71,15.2,4.03,75.65,11.4,11.4,16.11,0.7,6.19,True,True,2.0,yt_04_000500.jpg,Ergonomic Risks in Manufacturing Assembly Lines.mp4,500,Assembly Work,20.0
69.03,153.62,148.83,161.6,58.68,25.29,170.02,113.09,113.09,170.76,0.7,3.44,True,True,2.0,yt_04_000550.jpg,Ergonomic Risks in Manufacturing Assembly Lines.mp4,550,Assembly Work,22.0
62.82,156.75,178.23,175.69,41.37,26.66,123.44,122.02,122.02,177.31,0.7,2.68,True,True,2.0,yt_04_000600.jpg,Ergonomic Risks in Manufacturing Assembly Lines.mp4,600,Assembly Work,24.0
67.76,133.99,97.44,127.65,10.96,8.65,171.34,1.97,1.97,6.92,0.7,0.32,True,True,2.0,yt_04_000650.jpg,Ergonomic Risks in Manufacturing Assembly Lines.mp4,650,Assembly Work,26.0
146.24,167.42,153.65,114.73,26.51,7.84,118.54,26.5,26.5,12.62,0.7,8.68,True,True,2.0,yt_04_000700.jpg,Ergonomic Risks in Manufacturing Assembly Lines.mp4,700,Assembly Work,28.0
175.38,170.81,122.16,107.85,19.49,17.85,72.33,89.72,89.72,58.26,0.7,13.6,True,True,2.0,yt_04_000750.jpg,Ergonomic Risks in Manufacturing Assembly Lines.mp4,750,Assembly Work,30.0
127.79,160.98,96.16,115.73,49.54,19.44,144.04,71.59,71.59,107.77,0.7,10.36,True,True,2.0,yt_04_000800.jpg,Ergonomic Risks in Manufacturing Assembly Lines.mp4,800,Assembly Work,32.0
117.41,49.88,82.83,15.56,162.53,14.32,97.95,29.85,29.85,84.32,0.7,18.57,True,True,2.0,yt_04_000850.jpg,Ergonomic Risks in Manufacturing Assembly Lines.mp4,850,Assembly Work,34.0
169.92,121.74,119.2,96.24,8.59,19.47,107.9,83.55,83.55,104.47,0.7,3.58,True,True,2.0,yt_04_000900.jpg,Ergonomic Risks in Manufacturing Assembly Lines.mp4,900,Assembly Work,36.0
41.51,6.77,36.3,33.18,0.62,9.79,69.62,14.18,14.18,59.46,0.7,7.92,True,True,2.0,yt_04_000950.jpg,Ergonomic Risks in Manufacturing Assembly Lines.mp4,950,Assembly Work,38.0
172.23,148.32,154.11,156.97,16.91,28.82,178.13,38.25,38.25,109.33,0.7,1.59,True,True,2.0,yt_04_001000.jpg,Ergonomic Risks in Manufacturing Assembly Lines.mp4,1000,Assembly Work,40.0
173.93,148.35,151.94,158.38,23.19,29.16,177.0,34.74,34.74,113.34,0.7,1.61,True,True,2.0,yt_04_001050.jpg,Ergonomic Risks in Manufacturing Assembly Lines.mp4,1050,Assembly Work,42.0
170.6,147.64,159.39,156.03,10.67,28.83,176.9,40.89,40.89,129.43,0.7,0.93,True,True,2.0,yt_04_001100.jpg,Ergonomic Risks in Manufacturing Assembly Lines.mp4,1100,Assembly Work,44.0
176.33,83.91,116.55,62.32,24.72,8.42,114.3,16.5,16.5,13.91,0.7,8.72,True,True,2.0,yt_04_001200.jpg,Ergonomic Risks in Manufacturing Assembly Lines.mp4,1200,Assembly Work,48.0
163.31,70.05,131.89,39.96,54.88,7.48,96.49,8.09,8.09,14.85,0.7,10.7,True,True,2.0,yt_04_001250.jpg,Ergonomic Risks in Manufacturing Assembly Lines.mp4,1250,Assembly Work,50.0
30.46,28.99,9.35,21.66,13.76,16.26,141.74,24.96,24.96,34.94,0.7,5.26,True,True,2.0,yt_04_001300.jpg,Ergonomic Risks in Manufacturing Assembly Lines.mp4,1300,Assembly Work,52.0
79.78,152.35,90.22,163.05,8.21,9.38,29.05,4.31,4.31,28.72,0.7,2.04,True,True,2.0,yt_04_001400.jpg,Ergonomic Risks in Manufacturing Assembly Lines.mp4,1400,Assembly Work,56.0
125.87,139.86,128.63,143.7,11.94,8.44,5.84,7.41,7.41,30.08,0.7,2.51,True,True,2.0,yt_04_001450.jpg,Ergonomic Risks in Manufacturing Assembly Lines.mp4,1450,Assembly Work,58.0
80.24,141.38,113.53,116.14,0.16,12.31,89.99,4.9,4.9,42.09,0.7,0.21,True,True,2.0,yt_04_001500.jpg,Ergonomic Risks in Manufacturing Assembly Lines.mp4,1500,Assembly Work,60.0
73.61,140.37,120.21,137.06,2.66,11.31,169.75,4.79,4.79,6.33,0.7,0.11,True,True,2.0,yt_04_001550.jpg,Ergonomic Risks in Manufacturing Assembly Lines.mp4,1550,Assembly Work,62.0
156.21,145.06,142.44,153.1,15.51,31.21,178.6,44.35,44.35,117.18,0.7,2.81,True,True,2.0,yt_04_001600.jpg,Ergonomic Risks in Manufacturing Assembly Lines.mp4,1600,Assembly Work,64.0
18.83,73.79,58.2,76.61,2.28,12.3,175.46,2.53,2.53,39.64,0.7,0.54,True,True,2.0,yt_04_001650.jpg,Ergonomic Risks in Manufacturing Assembly Lines.mp4,1650,Assembly Work,66.0
177.69,150.69,154.0,145.39,11.97,12.01,81.84,51.42,51.42,7.13,0.7,9.32,True,True,2.0,yt_04_001700.jpg,Ergonomic Risks in Manufacturing Assembly Lines.mp4,1700,Assembly Work,68.0
177.82,150.62,104.03,130.1,3.46,12.21,77.57,65.12,65.12,48.71,0.7,5.61,True,True,2.0,yt_04_001750.jpg,Ergonomic Risks in Manufacturing Assembly Lines.mp4,1750,Assembly Work,70.0
173.49,155.57,96.91,98.49,12.68,12.42,73.67,64.66,64.66,84.12,0.7,6.78,True,True,2.0,yt_04_001800.jpg,Ergonomic Risks in Manufacturing Assembly Lines.mp4,1800,Assembly Work,72.0
175.7,154.61,98.03,98.62,11.23,12.14,74.46,63.05,63.05,85.07,0.7,6.37,True,True,2.0,yt_04_001850.jpg,Ergonomic Risks in Manufacturing Assembly Lines.mp4,1850,Assembly Work,74.0
175.14,153.91,96.89,95.33,6.55,12.27,76.58,62.01,62.01,85.0,0.7,6.29,True,True,2.0,yt_04_001900.jpg,Ergonomic Risks in Manufacturing Assembly Lines.mp4,1900,Assembly Work,76.0
149.44,118.3,56.1,55.61,0.24,13.88,164.87,50.45,50.45,97.12,0.7,1.85,True,True,2.0,yt_04_001950.jpg,Ergonomic Risks in Manufacturing Assembly Lines.mp4,1950,Assembly Work,78.0
149.01,118.39,58.68,60.19,1.21,14.06,163.94,51.9,51.9,93.58,0.7,1.81,True,True,2.0,yt_04_002000.jpg,Ergonomic Risks in Manufacturing Assembly Lines.mp4,2000,Assembly Work,80.0
143.09,118.84,60.14,54.81,0.11,13.54,169.71,50.08,50.08,95.54,0.7,2.0,True,True,2.0,yt_04_002050.jpg,Ergonomic Risks in Manufacturing Assembly Lines.mp4,2050,Assembly Work,82.0
140.7,119.82,59.32,59.9,0.42,13.14,171.33,47.5,47.5,83.84,0.7,1.39,True,True,2.0,yt_04_002100.jpg,Ergonomic Risks in Manufacturing Assembly Lines.mp4,2100,Assembly Work,84.0
170.07,157.03,100.84,99.0,12.62,13.13,71.78,61.57,61.57,88.42,0.7,7.4,True,True,2.0,yt_04_002200.jpg,Ergonomic Risks in Manufacturing Assembly Lines.mp4,2200,Assembly Work,88.0
174.96,154.65,101.17,99.6,11.73,12.39,73.81,60.98,60.98,90.74,0.7,6.52,True,True,2.0,yt_04_002250.jpg,Ergonomic Risks in Manufacturing Assembly Lines.mp4,2250,Assembly Work,90.0
173.89,152.34,99.35,100.58,12.31,12.19,77.18,63.51,63.51,87.28,0.7,5.63,True,True,2.0,yt_04_002300.jpg,Ergonomic Risks in Manufacturing Assembly Lines.mp4,2300,Assembly Work,92.0
173.87,153.63,100.22,97.48,4.9,12.31,78.32,61.84,61.84,87.83,0.7,6.21,True,True,2.0,yt_04_002350.jpg,Ergonomic Risks in Manufacturing Assembly Lines.mp4,2350,Assembly Work,94.0
150.6,118.54,56.87,57.67,1.96,13.98,163.03,51.74,51.74,95.94,0.7,1.65,True,True,2.0,yt_04_002400.jpg,Ergonomic Risks in Manufacturing Assembly Lines.mp4,2400,Assembly Work,96.0
175.91,135.09,112.2,117.46,19.98,19.52,94.63,115.25,115.25,115.36,0.7,6.25,True,True,2.0,yt_04_002450.jpg,Ergonomic Risks in Manufacturing Assembly Lines.mp4,2450,Assembly Work,98.0
153.73,140.89,98.87,93.09,27.76,11.48,60.88,91.06,91.06,104.87,0.7,5.15,True,True,2.0,yt_04_002500.jpg,Ergonomic Risks in Manufacturing Assembly Lines.mp4,2500,Assembly Work,100.0
179.03,146.8,156.76,152.91,17.68,27.01,178.23,9.43,9.43,122.82,0.7,1.12,True,True,2.0,yt_04_002550.jpg,Ergonomic Risks in Manufacturing Assembly Lines.mp4,2550,Assembly Work,102.0
175.6,146.36,148.88,155.78,8.76,29.19,176.68,16.68,16.68,117.75,0.7,0.92,True,True,2.0,yt_04_002600.jpg,Ergonomic Risks in Manufacturing Assembly Lines.mp4,2600,Assembly Work,104.0
140.33,80.48,110.96,78.18,26.0,2.42,29.18,10.63,10.63,36.32,0.7,0.98,True,True,2.0,yt_04_002650.jpg,Ergonomic Risks in Manufacturing Assembly Lines.mp4,2650,Assembly Work,106.0
99.57,133.67,124.98,146.66,0.36,8.8,166.02,24.81,24.81,59.37,0.7,0.47,True,True,2.0,yt_04_002700.jpg,Ergonomic Risks in Manufacturing Assembly Lines.mp4,2700,Assembly Work,108.0
106.8,132.51,141.71,148.11,9.65,9.98,178.1,23.71,23.71,67.58,0.7,0.41,True,True,2.0,yt_04_002750.jpg,Ergonomic Risks in Manufacturing Assembly Lines.mp4,2750,Assembly Work,110.0
3.31,100.87,159.73,173.59,0.17,10.51,92.81,63.75,63.75,16.07,0.7,4.91,True,True,2.0,yt_04_002800.jpg,Ergonomic Risks in Manufacturing Assembly Lines.mp4,2800,Assembly Work,112.0
102.99,145.58,119.79,123.05,137.12,21.59,58.18,82.39,82.39,28.02,0.7,31.79,True,True,2.0,yt_04_002900.jpg,Ergonomic Risks in Manufacturing Assembly Lines.mp4,2900,Assembly Work,116.0
67.88,159.58,63.23,67.72,17.09,11.1,166.56,13.99,13.99,40.99,0.7,18.29,True,True,2.0,yt_04_002950.jpg,Ergonomic Risks in Manufacturing Assembly Lines.mp4,2950,Assembly Work,118.0
178.98,152.34,104.92,110.54,1.88,12.14,71.23,61.33,61.33,79.71,0.7,5.94,True,True,2.0,yt_04_003050.jpg,Ergonomic Risks in Manufacturing Assembly Lines.mp4,3050,Assembly Work,122.0
179.36,130.11,88.3,91.36,1.92,11.48,62.31,48.36,48.36,66.06,0.7,2.35,True,True,2.0,yt_04_003100.jpg,Ergonomic Risks in Manufacturing Assembly Lines.mp4,3100,Assembly Work,124.0
179.45,131.44,89.67,91.08,2.36,11.48,67.08,51.9,51.9,68.36,0.7,2.59,True,True,2.0,yt_04_003150.jpg,Ergonomic Risks in Manufacturing Assembly Lines.mp4,3150,Assembly Work,126.0
177.81,110.15,88.24,55.52,65.67,17.98,119.99,102.9,102.9,149.45,0.7,2.7,True,True,2.0,yt_04_003250.jpg,Ergonomic Risks in Manufacturing Assembly Lines.mp4,3250,Assembly Work,130.0
162.9,144.1,111.46,104.69,30.11,18.21,120.95,79.18,79.18,51.77,0.7,9.01,True,True,2.0,yt_04_003300.jpg,Ergonomic Risks in Manufacturing Assembly Lines.mp4,3300,Assembly Work,132.0
164.16,146.69,118.84,28.76,17.4,20.24,92.19,81.04,81.04,126.54,0.7,13.34,True,True,2.0,yt_04_003350.jpg,Ergonomic Risks in Manufacturing Assembly Lines.mp4,3350,Assembly Work,134.0
93.27,45.26,20.03,18.61,6.14,4.15,16.59,6.79,6.79,18.27,0.7,2.51,True,True,2.0,yt_04_003450.jpg,Ergonomic Risks in Manufacturing Assembly Lines.mp4,3450,Assembly Work,138.0
18.86,56.31,40.41,156.97,5.14,4.23,65.24,8.17,8.17,11.39,0.7,2.09,True,True,2.0,yt_04_003500.jpg,Ergonomic Risks in Manufacturing Assembly Lines.mp4,3500,Assembly Work,140.0
172.76,153.06,97.95,93.71,11.43,12.53,71.02,63.44,63.44,87.94,0.7,6.1,True,True,2.0,yt_04_003550.jpg,Ergonomic Risks in Manufacturing Assembly Lines.mp4,3550,Assembly Work,142.0
178.57,137.65,55.62,59.28,0.16,8.34,172.51,41.9,41.9,66.01,0.7,3.05,True,True,2.0,yt_04_003600.jpg,Ergonomic Risks in Manufacturing Assembly Lines.mp4,3600,Assembly Work,144.0
160.72,145.93,57.42,59.87,11.77,9.43,161.89,34.74,34.74,44.26,0.7,4.18,True,True,2.0,yt_04_003650.jpg,Ergonomic Risks in Manufacturing Assembly Lines.mp4,3650,Assembly Work,146.0
176.96,143.07,69.05,69.27,14.82,8.43,158.66,31.95,31.95,56.06,0.7,4.51,True,True,2.0,yt_04_003700.jpg,Ergonomic Risks in Manufacturing Assembly Lines.mp4,3700,Assembly Work,148.0
33.5,132.17,41.38,78.81,13.62,11.81,172.67,53.37,53.37,33.21,0.7,3.17,True,True,2.0,yt_04_003750.jpg,Ergonomic Risks in Manufacturing Assembly Lines.mp4,3750,Assembly Work,150.0
104.01,142.83,108.49,80.47,19.24,14.56,169.63,17.09,17.09,16.92,0.7,2.6,True,True,2.0,yt_04_003800.jpg,Ergonomic Risks in Manufacturing Assembly Lines.mp4,3800,Assembly Work,152.0
88.84,48.79,73.31,4.04,87.03,11.43,134.8,56.83,56.83,52.9,0.7,14.73,True,True,2.0,yt_04_003850.jpg,Ergonomic Risks in Manufacturing Assembly Lines.mp4,3850,Assembly Work,154.0
168.69,153.01,118.74,97.58,48.6,20.87,67.86,117.13,117.13,113.64,0.7,11.98,True,True,2.0,yt_04_003900.jpg,Ergonomic Risks in Manufacturing Assembly Lines.mp4,3900,Assembly Work,156.0
158.87,138.23,114.05,107.26,17.37,11.95,104.09,48.79,48.79,55.18,0.7,0.95,True,True,2.0,yt_05_000150.jpg,Ergonomic workplace analysis - Tutorial Video.mp4,150,Neutral Standing,6.0
167.94,145.48,78.24,88.37,9.01,11.61,35.77,51.96,51.96,38.26,0.7,3.51,True,True,2.0,yt_05_000200.jpg,Ergonomic workplace analysis - Tutorial Video.mp4,200,Neutral Standing,8.0
147.48,138.06,111.62,114.17,5.77,10.82,67.47,40.64,40.64,40.44,0.7,0.78,True,True,2.0,yt_05_000250.jpg,Ergonomic workplace analysis - Tutorial Video.mp4,250,Neutral Standing,10.0
120.26,145.97,130.74,139.49,6.36,9.87,106.65,24.1,24.1,2.67,0.7,4.51,True,True,2.0,yt_05_000300.jpg,Ergonomic workplace analysis - Tutorial Video.mp4,300,Neutral Standing,12.0
142.16,132.39,111.39,81.05,11.89,10.44,160.82,6.68,6.68,23.12,0.7,1.76,True,True,2.0,yt_05_000350.jpg,Ergonomic workplace analysis - Tutorial Video.mp4,350,Neutral Standing,14.0
82.99,122.57,109.41,101.98,10.95,11.3,177.15,35.18,35.18,33.84,0.7,0.68,True,True,2.0,yt_05_000400.jpg,Ergonomic workplace analysis - Tutorial Video.mp4,400,Neutral Standing,16.0
73.64,131.21,112.99,105.21,12.22,12.66,179.7,4.7,4.7,25.96,0.7,0.65,True,True,2.0,yt_05_000450.jpg,Ergonomic workplace analysis - Tutorial Video.mp4,450,Neutral Standing,18.0
167.77,120.36,53.77,9.89,1.36,10.12,171.23,3.1,3.1,50.64,0.7,0.38,True,True,2.0,yt_05_000500.jpg,Ergonomic workplace analysis - Tutorial Video.mp4,500,Neutral Standing,20.0
149.66,174.29,165.42,160.41,21.15,10.18,168.6,62.51,62.51,26.19,0.7,9.72,True,True,2.0,yt_05_000550.jpg,Ergonomic workplace analysis - Tutorial Video.mp4,550,Neutral Standing,22.0
162.5,168.25,140.23,143.16,32.92,11.66,39.44,50.84,50.84,15.74,0.7,7.56,True,True,2.0,yt_05_000600.jpg,Ergonomic workplace analysis - Tutorial Video.mp4,600,Neutral Standing,24.0
154.68,150.99,96.05,92.82,23.94,10.96,68.35,46.24,46.24,53.57,0.7,4.93,True,True,2.0,yt_05_000650.jpg,Ergonomic workplace analysis - Tutorial Video.mp4,650,Neutral Standing,26.0
170.26,139.67,78.96,81.31,8.75,11.88,97.41,59.26,59.26,61.32,0.7,3.15,True,True,2.0,yt_05_000700.jpg,Ergonomic workplace analysis - Tutorial Video.mp4,700,Neutral Standing,28.0
165.45,139.94,118.41,109.48,16.45,11.21,114.78,59.49,59.49,60.77,0.7,0.86,True,True,2.0,yt_05_002200.jpg,Ergonomic workplace analysis - Tutorial Video.mp4,2200,Neutral Standing,88.0
172.58,149.51,93.35,92.83,4.77,11.58,56.96,53.37,53.37,54.81,0.7,3.98,True,True,2.0,yt_05_002250.jpg,Ergonomic workplace analysis - Tutorial Video.mp4,2250,Neutral Standing,90.0
152.45,138.07,110.44,119.07,6.8,11.39,133.77,50.28,50.28,35.75,0.7,1.3,True,True,2.0,yt_05_002300.jpg,Ergonomic workplace analysis - Tutorial Video.mp4,2300,Neutral Standing,92.0
72.07,139.71,115.06,136.81,9.04,10.26,157.43,3.02,3.02,28.98,0.7,1.12,True,True,2.0,yt_05_002350.jpg,Ergonomic workplace analysis - Tutorial Video.mp4,2350,Neutral Standing,94.0
152.51,124.74,97.76,71.44,8.59,9.31,155.58,9.39,9.39,18.09,0.7,0.52,True,True,2.0,yt_05_002400.jpg,Ergonomic workplace analysis - Tutorial Video.mp4,2400,Neutral Standing,96.0
114.25,120.15,125.15,113.56,0.11,10.58,167.26,14.72,14.72,36.1,0.7,1.02,True,True,2.0,yt_05_002450.jpg,Ergonomic workplace analysis - Tutorial Video.mp4,2450,Neutral Standing,98.0
100.24,119.69,121.97,109.86,8.62,10.69,165.56,21.26,21.26,40.01,0.7,1.23,True,True,2.0,yt_05_002500.jpg,Ergonomic workplace analysis - Tutorial Video.mp4,2500,Neutral Standing,100.0
110.11,120.17,151.16,113.09,13.38,10.79,165.3,16.58,16.58,39.67,0.7,1.09,True,True,2.0,yt_05_002550.jpg,Ergonomic workplace analysis - Tutorial Video.mp4,2550,Neutral Standing,102.0
70.71,119.31,119.08,111.35,7.06,10.48,164.02,37.55,37.55,40.44,0.7,1.49,True,True,2.0,yt_05_002600.jpg,Ergonomic workplace analysis - Tutorial Video.mp4,2600,Neutral Standing,104.0
108.75,129.58,110.1,108.98,2.55,11.35,174.11,21.26,21.26,38.51,0.7,1.72,True,True,2.0,yt_05_002650.jpg,Ergonomic workplace analysis - Tutorial Video.mp4,2650,Neutral Standing,106.0
101.6,127.37,105.78,107.14,1.23,11.96,160.73,14.33,14.33,44.36,0.7,0.85,True,True,2.0,yt_05_002700.jpg,Ergonomic workplace analysis - Tutorial Video.mp4,2700,Neutral Standing,108.0
106.44,127.99,108.75,106.13,0.82,11.89,171.28,11.06,11.06,43.76,0.7,1.08,True,True,2.0,yt_05_002750.jpg,Ergonomic workplace analysis - Tutorial Video.mp4,2750,Neutral Standing,110.0
172.47,122.05,98.13,50.91,14.2,12.44,177.1,8.44,8.44,6.13,0.7,1.38,True,True,2.0,yt_05_002800.jpg,Ergonomic workplace analysis - Tutorial Video.mp4,2800,Neutral Standing,112.0
176.32,120.25,77.66,25.08,12.1,11.68,170.99,14.1,14.1,12.78,0.7,0.81,True,True,2.0,yt_05_002850.jpg,Ergonomic workplace analysis - Tutorial Video.mp4,2850,Neutral Standing,114.0
176.46,120.26,77.62,25.05,12.16,11.66,170.88,14.13,14.13,12.74,0.7,0.82,True,True,2.0,yt_05_002900.jpg,Ergonomic workplace analysis - Tutorial Video.mp4,2900,Neutral Standing,116.0
171.26,122.53,81.31,28.76,12.56,12.09,170.0,17.13,17.13,16.44,0.7,1.36,True,True,2.0,yt_05_002950.jpg,Ergonomic workplace analysis - Tutorial Video.mp4,2950,Neutral Standing,118.0
176.1,149.22,105.73,138.75,25.88,10.03,167.95,59.77,59.77,30.91,0.7,4.56,True,True,2.0,yt_05_003000.jpg,Ergonomic workplace analysis - Tutorial Video.mp4,3000,Neutral Standing,120.0
168.97,172.68,131.58,138.23,25.16,9.93,153.27,51.15,51.15,34.28,0.7,11.26,True,True,2.0,yt_05_003050.jpg,Ergonomic workplace analysis - Tutorial Video.mp4,3050,Neutral Standing,122.0
169.72,171.64,132.89,139.5,29.12,9.99,148.21,57.38,57.38,31.21,0.7,10.93,True,True,2.0,yt_05_003100.jpg,Ergonomic workplace analysis - Tutorial Video.mp4,3100,Neutral Standing,124.0
171.75,171.25,129.82,138.38,30.62,9.85,149.52,57.21,57.21,34.49,0.7,10.59,True,True,2.0,yt_05_003150.jpg,Ergonomic workplace analysis - Tutorial Video.mp4,3150,Neutral Standing,126.0
140.84,148.78,157.9,133.21,13.58,9.72,153.86,55.98,55.98,24.67,0.7,5.18,True,True,2.0,yt_05_003200.jpg,Ergonomic workplace analysis - Tutorial Video.mp4,3200,Neutral Standing,128.0
163.01,160.6,133.72,130.88,13.17,11.33,58.56,40.7,40.7,31.96,0.7,5.37,True,True,2.0,yt_05_003250.jpg,Ergonomic workplace analysis - Tutorial Video.mp4,3250,Neutral Standing,130.0
163.45,140.43,114.34,115.45,13.44,11.13,123.83,51.34,51.34,33.32,0.7,2.15,True,True,2.0,yt_05_003300.jpg,Ergonomic workplace analysis - Tutorial Video.mp4,3300,Neutral Standing,132.0
149.29,134.03,106.69,91.34,23.76,12.4,110.79,51.83,51.83,62.8,0.7,0.58,True,True,2.0,yt_05_003350.jpg,Ergonomic workplace analysis - Tutorial Video.mp4,3350,Neutral Standing,134.0
165.85,138.04,102.52,99.92,12.8,11.45,87.01,50.86,50.86,58.34,0.7,1.68,True,True,2.0,yt_05_003400.jpg,Ergonomic workplace analysis - Tutorial Video.mp4,3400,Neutral Standing,136.0
162.21,138.69,92.65,98.47,15.56,11.59,125.27,50.63,50.63,52.21,0.7,2.14,True,True,2.0,yt_05_003450.jpg,Ergonomic workplace analysis - Tutorial Video.mp4,3450,Neutral Standing,138.0
174.72,129.43,97.12,75.89,9.24,10.25,119.11,71.83,71.83,57.24,0.7,0.86,True,True,2.0,yt_05_003500.jpg,Ergonomic workplace analysis - Tutorial Video.mp4,3500,Neutral Standing,140.0
176.43,145.27,71.66,87.02,6.77,10.67,130.35,53.74,53.74,57.22,0.7,3.63,True,True,2.0,yt_05_003600.jpg,Ergonomic workplace analysis - Tutorial Video.mp4,3600,Neutral Standing,144.0
170.81,141.7,101.01,105.52,14.83,11.57,70.88,57.95,57.95,56.7,0.7,2.88,True,True,2.0,yt_05_003650.jpg,Ergonomic workplace analysis - Tutorial Video.mp4,3650,Neutral Standing,146.0
164.77,136.38,114.55,79.87,23.18,12.34,125.07,59.36,59.36,60.06,0.7,1.38,True,True,2.0,yt_05_003700.jpg,Ergonomic workplace analysis - Tutorial Video.mp4,3700,Neutral Standing,148.0
166.62,134.32,117.3,83.46,23.12,11.94,95.75,65.89,65.89,59.19,0.7,0.81,True,True,2.0,yt_05_003750.jpg,Ergonomic workplace analysis - Tutorial Video.mp4,3750,Neutral Standing,150.0
165.26,134.11,117.38,84.91,26.98,11.97,105.05,64.16,64.16,63.05,0.7,0.55,True,True,2.0,yt_05_003800.jpg,Ergonomic workplace analysis - Tutorial Video.mp4,3800,Neutral Standing,152.0
165.05,136.53,104.51,105.18,21.56,12.22,117.03,59.87,59.87,68.13,0.7,1.45,True,True,2.0,yt_05_003850.jpg,Ergonomic workplace analysis - Tutorial Video.mp4,3850,Neutral Standing,154.0
165.28,139.97,105.23,98.82,10.73,11.89,96.44,53.7,53.7,63.07,0.7,2.13,True,True,2.0,yt_05_003900.jpg,Ergonomic workplace analysis - Tutorial Video.mp4,3900,Neutral Standing,156.0
113.2,161.05,48.72,80.7,1.17,0.6,168.45,0.19,0.19,3.03,0.7,0.16,True,True,2.0,yt_05_004250.jpg,Ergonomic workplace analysis - Tutorial Video.mp4,4250,Neutral Standing,170.0
112.1,161.44,48.08,74.6,1.26,0.6,169.9,0.25,0.25,3.05,0.7,0.16,True,True,2.0,yt_05_004300.jpg,Ergonomic workplace analysis - Tutorial Video.mp4,4300,Neutral Standing,172.0
114.13,173.41,9.14,47.3,27.13,4.68,161.21,15.67,15.67,20.81,0.7,1.61,True,True,2.0,yt_06_000177.jpg,Five Steps For Ergonomic Workstation Design.mp4,177,Neutral Standing,5.91
14.47,18.3,24.17,33.56,26.24,8.4,164.0,50.27,50.27,19.42,0.7,11.23,True,True,2.0,yt_06_000236.jpg,Five Steps For Ergonomic Workstation Design.mp4,236,Neutral Standing,7.87
92.87,159.55,16.78,146.26,21.95,15.45,170.0,41.39,41.39,91.16,0.7,7.52,True,True,2.0,yt_06_000354.jpg,Five Steps For Ergonomic Workstation Design.mp4,354,Neutral Standing,11.81
33.42,22.63,0.99,5.2,5.16,5.33,25.67,1.59,1.59,9.25,0.7,0.78,True,True,2.0,yt_06_000472.jpg,Five Steps For Ergonomic Workstation Design.mp4,472,Neutral Standing,15.75
105.58,158.38,113.02,141.47,169.48,22.76,173.06,57.39,57.39,51.46,0.7,32.31,True,True,2.0,yt_06_000649.jpg,Five Steps For Ergonomic Workstation Design.mp4,649,Neutral Standing,21.65
96.73,178.9,121.54,135.67,2.79,13.05,76.56,57.44,57.44,46.86,0.7,3.43,True,True,2.0,yt_06_000708.jpg,Five Steps For Ergonomic Workstation Design.mp4,708,Neutral Standing,23.62
100.39,179.35,126.6,125.11,5.24,12.63,106.01,51.92,51.92,42.33,0.7,3.65,True,True,2.0,yt_06_000767.jpg,Five Steps For Ergonomic Workstation Design.mp4,767,Neutral Standing,25.59
65.48,143.58,132.85,141.13,5.84,16.14,173.76,32.9,32.9,68.46,0.7,2.35,True,True,2.0,yt_06_000826.jpg,Five Steps For Ergonomic Workstation Design.mp4,826,Neutral Standing,27.56
70.73,132.55,122.16,116.82,25.51,14.42,163.26,77.1,77.1,85.53,0.7,1.64,True,True,2.0,yt_06_000885.jpg,Five Steps For Ergonomic Workstation Design.mp4,885,Neutral Standing,29.53
112.47,151.53,158.66,158.62,6.06,12.74,107.5,26.64,26.64,29.47,0.7,0.22,True,True,2.0,yt_06_000944.jpg,Five Steps For Ergonomic Workstation Design.mp4,944,Neutral Standing,31.5
127.7,90.02,0.02,1.78,25.47,11.18,116.18,3.43,3.43,26.25,0.7,7.39,True,True,2.0,yt_06_001062.jpg,Five Steps For Ergonomic Workstation Design.mp4,1062,Neutral Standing,35.44
149.36,115.02,112.97,82.63,4.49,15.32,147.01,2.95,2.95,32.39,0.7,2.71,True,True,2.0,yt_06_001121.jpg,Five Steps For Ergonomic Workstation Design.mp4,1121,Neutral Standing,37.4
95.12,176.56,174.29,178.16,7.79,11.95,165.75,54.38,54.38,31.64,0.7,2.55,True,True,2.0,yt_06_001239.jpg,Five Steps For Ergonomic Workstation Design.mp4,1239,Neutral Standing,41.34
95.25,176.73,174.59,177.5,7.65,11.98,165.51,54.45,54.45,32.7,0.7,2.6,True,True,2.0,yt_06_001298.jpg,Five Steps For Ergonomic Workstation Design.mp4,1298,Neutral Standing,43.31
125.8,165.37,156.12,154.75,8.87,12.75,161.41,6.78,6.78,12.18,0.7,0.92,True,True,2.0,yt_06_001357.jpg,Five Steps For Ergonomic Workstation Design.mp4,1357,Neutral Standing,45.28
73.39,134.85,152.08,159.01,6.96,9.25,71.52,40.03,40.03,42.94,0.7,0.29,True,True,2.0,yt_06_001416.jpg,Five Steps For Ergonomic Workstation Design.mp4,1416,Neutral Standing,47.25
72.21,134.24,158.39,159.75,3.59,9.55,62.64,42.99,42.99,42.68,0.7,0.6,True,True,2.0,yt_06_001475.jpg,Five Steps For Ergonomic Workstation Design.mp4,1475,Neutral Standing,49.22
72.09,128.2,144.27,130.87,16.89,8.44,98.35,39.28,39.28,33.68,0.7,0.8,True,True,2.0,yt_06_001534.jpg,Five Steps For Ergonomic Workstation Design.mp4,1534,Neutral Standing,51.18
178.32,123.47,141.43,79.67,5.07,11.77,142.57,51.68,51.68,21.87,0.7,3.04,True,True,2.0,yt_06_001947.jpg,Five Steps For Ergonomic Workstation Design.mp4,1947,Neutral Standing,64.96
164.58,117.02,116.3,94.14,11.16,15.26,41.78,14.83,14.83,8.11,0.7,0.4,True,True,2.0,yt_06_002006.jpg,Five Steps For Ergonomic Workstation Design.mp4,2006,Neutral Standing,66.93
141.11,171.82,91.87,126.63,4.88,6.26,150.33,17.35,17.35,5.96,0.7,8.14,True,True,2.0,yt_06_002301.jpg,Five Steps For Ergonomic Workstation Design.mp4,2301,Neutral Standing,76.78
98.55,143.34,142.26,137.03,6.77,15.7,119.99,52.14,52.14,81.04,0.7,0.86,True,True,2.0,yt_06_002537.jpg,Five Steps For Ergonomic Workstation Design.mp4,2537,Neutral Standing,84.65
101.66,142.28,145.79,140.48,5.88,15.39,67.33,47.96,47.96,89.12,0.7,0.63,True,True,2.0,yt_06_002596.jpg,Five Steps For Ergonomic Workstation Design.mp4,2596,Neutral Standing,86.62
94.83,145.46,153.21,141.92,2.96,15.56,144.64,48.63,48.63,82.4,0.7,0.29,True,True,2.0,yt_06_002655.jpg,Five Steps For Ergonomic Workstation Design.mp4,2655,Neutral Standing,88.59
159.97,158.57,161.13,56.1,16.68,17.39,153.98,52.2,52.2,122.51,0.7,6.78,True,True,2.0,yt_06_002714.jpg,Five Steps For Ergonomic Workstation Design.mp4,2714,Neutral Standing,90.56
29.48,77.12,131.29,128.32,7.93,10.31,158.62,1.05,1.05,40.48,0.7,9.7,True,True,2.0,yt_06_002773.jpg,Five Steps For Ergonomic Workstation Design.mp4,2773,Neutral Standing,92.53
69.64,19.56,89.94,92.41,14.35,13.15,174.5,10.81,10.81,15.5,0.7,25.01,True,True,2.0,yt_06_002832.jpg,Five Steps For Ergonomic Workstation Design.mp4,2832,Neutral Standing,94.49
94.02,163.61,94.56,84.64,16.14,11.38,166.55,31.84,31.84,27.04,0.7,18.48,True,True,2.0,yt_06_002950.jpg,Five Steps For Ergonomic Workstation Design.mp4,2950,Neutral Standing,98.43
23.02,25.7,116.94,111.65,18.69,13.47,178.16,61.78,61.78,11.09,0.7,20.79,True,True,2.0,yt_06_003009.jpg,Five Steps For Ergonomic Workstation Design.mp4,3009,Neutral Standing,100.4
107.43,171.65,57.19,168.19,12.94,9.92,178.82,29.9,29.9,51.52,0.7,15.74,True,True,2.0,yt_06_003068.jpg,Five Steps For Ergonomic Workstation Design.mp4,3068,Neutral Standing,102.37
65.6,106.62,104.36,89.26,15.84,12.94,64.41,12.43,12.43,49.42,0.7,15.36,True,True,2.0,yt_06_003245.jpg,Five Steps For Ergonomic Workstation Design.mp4,3245,Neutral Standing,108.27
173.71,158.04,131.2,139.71,80.77,15.08,108.73,36.45,36.45,51.55,0.7,23.32,True,True,2.0,yt_06_003304.jpg,Five Steps For Ergonomic Workstation Design.mp4,3304,Neutral Standing,110.24
82.14,47.7,52.31,0.07,118.9,19.89,167.4,69.86,69.86,54.76,0.7,29.16,True,True,2.0,yt_06_003363.jpg,Five Steps For Ergonomic Workstation Design.mp4,3363,Neutral Standing,112.21
0.23,75.88,56.55,148.35,30.25,11.54,133.08,46.16,46.16,32.83,0.7,0.18,True,True,2.0,yt_06_003422.jpg,Five Steps For Ergonomic Workstation Design.mp4,3422,Neutral Standing,114.18
153.07,79.94,74.5,52.8,77.74,24.65,145.95,51.83,51.83,195.3,0.7,22.36,True,True,2.0,yt_06_003540.jpg,Five Steps For Ergonomic Workstation Design.mp4,3540,Neutral Standing,118.12
71.96,50.32,10.24,3.52,13.8,9.0,164.97,1.33,1.33,12.03,0.7,1.89,True,True,2.0,yt_06_003599.jpg,Five Steps For Ergonomic Workstation Design.mp4,3599,Neutral Standing,120.09
121.0,122.54,167.39,134.68,0.9,6.93,51.01,22.36,22.36,4.73,0.7,8.85,True,True,2.0,yt_06_003658.jpg,Five Steps For Ergonomic Workstation Design.mp4,3658,Neutral Standing,122.06
8.39,57.92,82.72,91.71,28.14,13.29,94.22,62.01,62.01,24.58,0.7,17.45,True,True,2.0,yt_06_003717.jpg,Five Steps For Ergonomic Workstation Design.mp4,3717,Neutral Standing,124.02
93.31,51.58,14.54,25.08,23.93,12.59,73.55,50.8,50.8,74.81,0.7,8.73,True,True,2.0,yt_06_003776.jpg,Five Steps For Ergonomic Workstation Design.mp4,3776,Neutral Standing,125.99
98.75,100.54,74.57,92.8,15.9,6.36,153.44,26.31,26.31,24.73,0.7,4.35,True,True,2.0,yt_06_003835.jpg,Five Steps For Ergonomic Workstation Design.mp4,3835,Neutral Standing,127.96
91.19,170.61,115.82,152.94,89.22,9.58,136.62,55.36,55.36,57.19,0.7,6.41,True,True,2.0,yt_06_004071.jpg,Five Steps For Ergonomic Workstation Design.mp4,4071,Neutral Standing,135.84
118.12,161.5,97.59,112.49,55.39,9.31,166.66,26.56,26.56,18.67,0.7,8.89,True,True,2.0,yt_06_004130.jpg,Five Steps For Ergonomic Workstation Design.mp4,4130,Neutral Standing,137.8
108.56,175.11,129.13,130.13,89.11,9.22,160.02,27.79,27.79,24.1,0.7,7.92,True,True,2.0,yt_06_004189.jpg,Five Steps For Ergonomic Workstation Design.mp4,4189,Neutral Standing,139.77
164.3,171.49,158.71,162.94,27.94,13.32,119.23,28.61,28.61,68.78,0.7,0.69,True,True,2.0,yt_06_004248.jpg,Five Steps For Ergonomic Workstation Design.mp4,4248,Neutral Standing,141.74
144.35,167.52,110.14,176.4,31.72,14.09,150.97,50.59,50.59,108.08,0.7,0.75,True,True,2.0,yt_06_004307.jpg,Five Steps For Ergonomic Workstation Design.mp4,4307,Neutral Standing,143.71
136.31,158.94,152.22,145.78,50.17,8.01,125.85,30.22,30.22,40.97,0.7,2.91,True,True,2.0,yt_06_004366.jpg,Five Steps For Ergonomic Workstation Design.mp4,4366,Neutral Standing,145.68
178.43,122.04,94.83,111.44,8.02,16.66,102.16,80.5,80.5,58.57,0.7,2.63,True,True,2.0,yt_06_004425.jpg,Five Steps For Ergonomic Workstation Design.mp4,4425,Neutral Standing,147.65
103.87,158.72,112.42,128.98,28.96,12.65,175.69,16.25,16.25,23.89,0.7,2.93,True,True,2.0,yt_06_004543.jpg,Five Steps For Ergonomic Workstation Design.mp4,4543,Neutral Standing,151.58
94.92,165.05,130.0,143.59,26.15,13.26,163.43,12.31,12.31,32.35,0.7,3.06,True,True,2.0,yt_06_004602.jpg,Five Steps For Ergonomic Workstation Design.mp4,4602,Neutral Standing,153.55
94.34,162.06,122.28,138.89,26.03,13.32,163.29,6.88,6.88,26.6,0.7,3.45,True,True,2.0,yt_06_004661.jpg,Five Steps For Ergonomic Workstation Design.mp4,4661,Neutral Standing,155.52
75.44,144.26,159.6,174.14,92.49,17.82,126.92,102.4,102.4,70.53,0.7,0.44,True,True,2.0,yt_06_005074.jpg,Five Steps For Ergonomic Workstation Design.mp4,5074,Neutral Standing,169.3
87.97,147.96,171.59,159.13,34.51,22.32,66.21,118.28,118.28,115.01,0.7,2.88,True,True,2.0,yt_06_005133.jpg,Five Steps For Ergonomic Workstation Design.mp4,5133,Neutral Standing,171.27
159.74,178.64,175.08,155.6,0.47,12.87,135.16,48.82,48.82,23.04,0.7,16.38,True,True,2.0,yt_06_005369.jpg,Five Steps For Ergonomic Workstation Design.mp4,5369,Neutral Standing,179.15
142.15,104.91,125.55,85.3,1.15,15.64,101.84,17.7,17.7,46.56,0.7,0.1,True,True,2.0,yt_06_005428.jpg,Five Steps For Ergonomic Workstation Design.mp4,5428,Neutral Standing,181.11
