neck_flexion,trunk_flexion,left_shoulder_elev,right_shoulder_elev,shoulder_symmetry,alignment_deviation,knee_angle,forward_head_posture,head_tilt_angle,wrist_deviation_angle,stance_stability,weight_shift_offset,lower_body_visible,upper_body_visible,body_visibility,frame_name,source_video,task_label
48.18,46.91,25.3,6.8,240.89,32.69,127.98,120.7,120.7,80.77,0.7,51.6,True,True,2.0,yt00_000420.jpg,yt00,Neutral Standing
99.56,117.84,163.23,146.98,43.03,2.49,136.98,6.42,6.42,28.46,0.7,1.32,True,True,2.0,yt00_000720.jpg,yt00,Neutral Standing
179.05,139.54,109.99,135.11,11.15,43.63,176.23,123.42,123.42,160.89,0.7,2.29,True,True,2.0,yt00_001080.jpg,yt00,Neutral Standing
168.01,136.59,115.3,130.04,11.39,49.07,178.87,48.38,48.38,98.8,0.7,4.28,True,True,2.0,yt00_001140.jpg,yt00,Neutral Standing
37.94,123.3,132.98,145.16,32.63,10.44,145.4,54.65,54.65,116.64,0.7,0.63,True,True,2.0,yt00_001260.jpg,yt00,Neutral Standing
121.45,173.49,137.29,136.84,112.05,12.27,171.97,56.59,56.59,14.62,0.7,17.24,True,True,2.0,yt00_001320.jpg,yt00,Neutral Standing
80.61,166.71,9.85,110.2,100.0,9.69,151.01,43.27,43.27,79.93,0.7,13.6,True,True,2.0,yt00_001380.jpg,yt00,Neutral Standing
96.96,38.79,162.73,155.84,3.84,9.25,127.37,1.93,1.93,24.47,0.7,2.71,True,True,2.0,yt00_001440.jpg,yt00,Neutral Standing
145.95,146.83,166.58,173.18,0.3,22.81,82.19,33.03,33.03,130.35,0.7,3.47,True,True,2.0,yt00_001500.jpg,yt00,Neutral Standing
158.09,147.79,166.12,170.48,17.81,23.27,107.8,10.52,10.52,90.29,0.7,5.42,True,True,2.0,yt00_001560.jpg,yt00,Neutral Standing
162.14,149.75,150.04,164.18,13.22,23.5,107.01,4.1,4.1,88.62,0.7,6.72,True,True,2.0,yt00_001620.jpg,yt00,Neutral Standing
131.16,168.05,70.55,84.26,4.85,17.27,95.8,86.69,86.69,73.81,0.7,16.36,True,True,2.0,yt00_001680.jpg,yt00,Neutral Standing
124.1,165.48,74.04,75.13,26.74,16.01,137.8,74.93,74.93,93.29,0.7,14.23,True,True,2.0,yt00_001740.jpg,yt00,Neutral Standing
140.31,174.87,72.11,85.69,13.95,14.48,166.1,67.53,67.53,74.0,0.7,14.85,True,True,2.0,yt00_001800.jpg,yt00,Neutral Standing
121.28,150.5,65.09,134.37,75.75,10.84,70.71,45.14,45.14,51.39,0.7,15.57,True,True,2.0,yt00_001860.jpg,yt00,Neutral Standing
17.84,89.15,60.54,104.51,9.68,4.32,35.82,5.28,5.28,23.76,0.7,1.34,True,True,2.0,yt00_001980.jpg,yt00,Neutral Standing
55.42,127.87,65.73,17.39,149.14,35.16,38.12,34.65,34.65,72.3,0.7,42.72,True,True,2.0,yt00_002220.jpg,yt00,Neutral Standing
84.85,128.61,107.67,118.07,6.34,10.01,35.49,29.92,29.92,15.67,0.7,0.36,True,True,2.0,yt01_000250.jpg,yt01,Neutral Standing
150.83,129.49,146.62,125.19,1.98,18.17,151.05,59.48,59.48,95.03,0.7,0.06,True,True,2.0,yt01_000350.jpg,yt01,Neutral Standing
10.52,71.31,36.7,148.73,34.32,9.39,95.2,8.74,8.74,14.39,0.7,4.5,True,True,2.0,yt01_000400.jpg,yt01,Neutral Standing
81.75,77.42,26.51,33.55,51.2,15.57,123.59,45.33,45.33,75.49,0.7,1.15,True,True,2.0,yt01_000450.jpg,yt01,Neutral Standing
71.15,147.42,161.02,163.8,62.47,25.8,174.69,106.21,106.21,197.59,0.7,5.03,True,True,2.0,yt01_000550.jpg,yt01,Neutral Standing
67.24,158.7,174.21,172.03,31.31,26.3,144.7,125.18,125.18,159.89,0.7,1.36,True,True,2.0,yt01_000600.jpg,yt01,Neutral Standing
65.49,134.02,98.1,126.29,13.32,8.74,170.06,2.63,2.63,6.63,0.7,0.25,True,True,2.0,yt01_000650.jpg,yt01,Neutral Standing
125.16,163.41,139.54,114.85,21.9,5.05,109.44,7.43,7.43,11.28,0.7,6.02,True,True,2.0,yt01_000700.jpg,yt01,Neutral Standing
123.38,160.3,98.16,116.76,46.57,19.01,149.61,67.81,67.81,103.33,0.7,9.7,True,True,2.0,yt01_000800.jpg,yt01,Neutral Standing
104.84,51.42,87.35,22.96,120.35,15.75,47.92,51.35,51.35,52.31,0.7,21.37,True,True,2.0,yt01_000850.jpg,yt01,Neutral Standing
166.58,121.4,124.96,90.92,11.7,18.65,114.84,90.01,90.01,92.38,0.7,3.58,True,True,2.0,yt01_000900.jpg,yt01,Neutral Standing
47.57,12.09,39.32,37.12,5.25,9.85,75.89,22.46,22.46,53.33,0.7,7.92,True,True,2.0,yt01_000950.jpg,yt01,Neutral Standing
174.18,147.97,154.66,157.3,24.03,29.19,176.95,33.45,33.45,119.18,0.7,1.23,True,True,2.0,yt01_001050.jpg,yt01,Neutral Standing
170.58,147.75,157.09,157.61,13.63,29.24,177.04,39.99,39.99,130.81,0.7,1.18,True,True,2.0,yt01_001100.jpg,yt01,Neutral Standing
161.23,76.9,140.42,61.4,32.67,8.98,60.63,15.25,15.25,44.19,0.7,12.11,True,True,2.0,yt01_001250.jpg,yt01,Neutral Standing
32.29,27.58,30.56,17.58,0.88,15.19,147.61,13.83,13.83,22.51,0.7,5.02,True,True,2.0,yt01_001300.jpg,yt01,Neutral Standing
83.57,151.81,95.83,164.53,12.48,9.84,31.84,7.12,7.12,23.23,0.7,1.73,True,True,2.0,yt01_001450.jpg,yt01,Neutral Standing
78.62,144.36,132.28,121.03,0.32,12.22,16.91,0.25,0.25,26.53,0.7,0.2,True,True,2.0,yt01_001500.jpg,yt01,Neutral Standing
75.16,140.21,112.57,130.57,2.77,11.09,169.55,4.75,4.75,6.04,0.7,0.31,True,True,2.0,yt01_001550.jpg,yt01,Neutral Standing
156.42,143.94,141.36,158.89,16.47,31.38,177.48,43.01,43.01,97.57,0.7,0.78,True,True,2.0,yt01_001600.jpg,yt01,Neutral Standing
179.44,151.02,172.47,159.62,49.14,11.66,160.68,39.15,39.15,24.66,0.7,9.75,True,True,2.0,yt01_001700.jpg,yt01,Neutral Standing
179.67,151.35,109.11,131.99,2.02,12.1,77.02,61.7,61.7,44.27,0.7,5.92,True,True,2.0,yt01_001750.jpg,yt01,Neutral Standing
172.85,155.54,96.76,98.19,10.7,12.54,75.3,64.44,64.44,84.81,0.7,6.8,True,True,2.0,yt01_001800.jpg,yt01,Neutral Standing
171.92,154.53,96.66,100.51,11.04,12.38,76.22,61.67,61.67,82.05,0.7,6.36,True,True,2.0,yt01_001850.jpg,yt01,Neutral Standing
171.78,154.79,99.04,98.76,12.63,12.36,77.5,61.5,61.5,85.04,0.7,6.25,True,True,2.0,yt01_001900.jpg,yt01,Neutral Standing
150.36,118.42,58.84,59.49,0.97,14.17,165.36,53.11,53.11,93.47,0.7,1.92,True,True,2.0,yt01_002000.jpg,yt01,Neutral Standing
146.91,117.75,57.66,54.59,1.18,13.59,170.23,51.17,51.17,98.66,0.7,2.27,True,True,2.0,yt01_002050.jpg,yt01,Neutral Standing
142.77,118.95,59.21,58.47,2.36,13.25,168.25,48.82,48.82,84.84,0.7,1.61,True,True,2.0,yt01_002100.jpg,yt01,Neutral Standing
171.35,156.77,101.64,96.16,11.05,12.71,67.4,59.72,59.72,88.28,0.7,7.47,True,True,2.0,yt01_002200.jpg,yt01,Neutral Standing
176.64,153.88,98.48,94.28,13.85,12.29,74.79,63.78,63.78,88.92,0.7,6.21,True,True,2.0,yt01_002250.jpg,yt01,Neutral Standing
176.73,151.97,104.18,104.45,4.32,12.18,80.24,62.66,62.66,90.08,0.7,5.8,True,True,2.0,yt01_002300.jpg,yt01,Neutral Standing
176.93,153.68,100.74,99.28,6.96,12.17,77.91,63.59,63.59,86.8,0.7,6.16,True,True,2.0,yt01_002350.jpg,yt01,Neutral Standing
150.73,118.73,57.52,60.15,0.43,13.93,162.91,51.17,51.17,98.02,0.7,1.53,True,True,2.0,yt01_002400.jpg,yt01,Neutral Standing
175.34,135.33,113.52,120.03,20.12,19.94,110.89,118.28,118.28,118.95,0.7,6.06,True,True,2.0,yt01_002450.jpg,yt01,Neutral Standing
146.66,141.53,97.94,94.0,34.07,11.19,62.76,77.22,77.22,97.9,0.7,5.55,True,True,2.0,yt01_002500.jpg,yt01,Neutral Standing
175.04,146.8,150.07,156.07,10.87,28.95,176.83,20.14,20.14,119.81,0.7,1.3,True,True,2.0,yt01_002600.jpg,yt01,Neutral Standing
122.83,74.46,119.06,72.0,19.42,1.63,43.04,16.68,16.68,34.15,0.7,1.13,True,True,2.0,yt01_002650.jpg,yt01,Neutral Standing
107.32,132.81,145.57,150.33,12.1,9.96,176.51,23.33,23.33,71.41,0.7,0.42,True,True,2.0,yt01_002750.jpg,yt01,Neutral Standing
0.46,106.21,165.98,159.55,9.85,10.04,46.71,62.79,62.79,26.06,0.7,2.51,True,True,2.0,yt01_002800.jpg,yt01,Neutral Standing
84.56,160.28,153.58,175.95,12.56,11.82,164.12,26.18,26.18,16.88,0.7,18.48,True,True,2.0,yt01_002950.jpg,yt01,Neutral Standing
179.06,153.19,105.94,110.47,2.03,12.4,70.85,64.46,64.46,81.39,0.7,6.17,True,True,2.0,yt01_003050.jpg,yt01,Neutral Standing
179.92,130.23,90.32,92.91,1.78,11.73,55.56,49.01,49.01,68.72,0.7,2.52,True,True,2.0,yt01_003100.jpg,yt01,Neutral Standing
179.51,129.73,89.09,93.39,0.49,11.41,70.05,48.79,48.79,67.61,0.7,2.5,True,True,2.0,yt01_003150.jpg,yt01,Neutral Standing
165.93,141.48,114.05,102.74,27.54,17.67,130.86,77.14,77.14,68.56,0.7,8.18,True,True,2.0,yt01_003300.jpg,yt01,Neutral Standing
168.84,140.33,105.46,65.18,13.4,21.11,84.03,107.83,107.83,126.09,0.7,11.61,True,True,2.0,yt01_003350.jpg,yt01,Neutral Standing
170.57,152.59,99.34,95.33,11.33,12.19,83.01,57.86,57.86,85.78,0.7,5.78,True,True,2.0,yt01_003550.jpg,yt01,Neutral Standing
178.0,136.6,57.52,57.41,2.0,8.46,172.73,41.31,41.31,62.08,0.7,3.06,True,True,2.0,yt01_003600.jpg,yt01,Neutral Standing
162.56,146.61,55.44,74.16,14.03,9.54,160.99,35.73,35.73,39.51,0.7,4.35,True,True,2.0,yt01_003650.jpg,yt01,Neutral Standing
176.9,144.74,69.53,70.02,8.29,8.57,162.18,35.35,35.35,52.01,0.7,4.36,True,True,2.0,yt01_003700.jpg,yt01,Neutral Standing
132.94,134.8,110.31,74.2,4.95,14.53,167.01,22.02,22.02,30.73,0.7,3.18,True,True,2.0,yt01_003800.jpg,yt01,Neutral Standing
143.3,101.78,164.86,101.48,42.39,6.2,163.79,13.57,13.57,36.99,0.7,1.4,True,True,2.0,yt01_003850.jpg,yt01,Neutral Standing
169.68,151.2,115.22,97.91,66.9,20.19,96.97,128.83,128.83,111.74,0.7,10.94,True,True,2.0,yt01_003900.jpg,yt01,Neutral Standing
158.41,138.83,112.61,106.17,16.65,12.12,67.73,48.94,48.94,56.05,0.7,1.11,True,True,2.0,yt02_000150.jpg,yt02,Neutral Standing
166.27,146.64,80.45,88.1,9.44,11.7,32.89,50.8,50.8,42.03,0.7,3.77,True,True,2.0,yt02_000200.jpg,yt02,Neutral Standing
150.35,137.67,112.39,110.2,4.85,10.75,75.9,41.62,41.62,39.36,0.7,0.91,True,True,2.0,yt02_000250.jpg,yt02,Neutral Standing
85.51,155.26,128.66,137.91,0.86,10.84,26.79,2.83,2.83,12.56,0.7,3.43,True,True,2.0,yt02_000300.jpg,yt02,Neutral Standing
135.61,131.16,123.02,83.61,16.14,10.19,164.46,11.7,11.7,19.7,0.7,1.53,True,True,2.0,yt02_000350.jpg,yt02,Neutral Standing
78.56,122.87,110.0,99.97,6.45,11.17,169.23,36.78,36.78,33.04,0.7,0.71,True,True,2.0,yt02_000400.jpg,yt02,Neutral Standing
119.41,126.05,117.21,115.24,3.91,12.53,178.48,12.42,12.42,21.28,0.7,1.33,True,True,2.0,yt02_000450.jpg,yt02,Neutral Standing
167.48,120.35,46.14,10.15,1.0,10.0,171.95,1.76,1.76,37.51,0.7,0.41,True,True,2.0,yt02_000500.jpg,yt02,Neutral Standing
163.72,167.86,138.76,138.75,24.75,11.55,35.79,51.48,51.48,12.78,0.7,7.35,True,True,2.0,yt02_000600.jpg,yt02,Neutral Standing
157.44,151.32,101.41,95.21,24.12,11.1,59.74,49.29,49.29,56.25,0.7,4.84,True,True,2.0,yt02_000650.jpg,yt02,Neutral Standing
168.47,140.02,76.72,78.06,14.5,12.1,98.86,60.74,60.74,63.32,0.7,2.85,True,True,2.0,yt02_000700.jpg,yt02,Neutral Standing
167.39,139.67,117.88,115.82,20.45,11.12,103.65,55.18,55.18,58.75,0.7,1.25,True,True,2.0,yt02_002200.jpg,yt02,Neutral Standing
172.65,150.43,91.99,102.99,8.99,11.23,62.92,52.16,52.16,59.81,0.7,4.38,True,True,2.0,yt02_002250.jpg,yt02,Neutral Standing
149.21,138.26,110.45,115.87,5.83,11.41,127.6,48.72,48.72,28.14,0.7,1.27,True,True,2.0,yt02_002300.jpg,yt02,Neutral Standing
74.26,139.71,114.22,136.19,7.37,10.13,157.58,0.61,0.61,25.73,0.7,0.96,True,True,2.0,yt02_002350.jpg,yt02,Neutral Standing
156.2,124.61,98.05,70.2,6.08,9.56,165.23,5.5,5.5,17.12,0.7,0.46,True,True,2.0,yt02_002400.jpg,yt02,Neutral Standing
124.95,121.33,126.5,109.76,2.02,10.59,166.48,5.22,5.22,41.12,0.7,0.78,True,True,2.0,yt02_002450.jpg,yt02,Neutral Standing
95.82,121.21,115.49,114.34,7.8,10.59,165.07,23.2,23.2,33.16,0.7,0.87,True,True,2.0,yt02_002500.jpg,yt02,Neutral Standing
88.31,120.18,108.24,111.7,7.98,10.85,164.48,32.26,32.26,35.86,0.7,1.06,True,True,2.0,yt02_002550.jpg,yt02,Neutral Standing
96.3,122.2,121.36,109.95,7.25,10.67,161.99,22.16,22.16,34.62,0.7,0.65,True,True,2.0,yt02_002600.jpg,yt02,Neutral Standing
105.78,128.16,123.88,108.22,3.5,11.68,176.21,22.19,22.19,45.45,0.7,1.58,True,True,2.0,yt02_002650.jpg,yt02,Neutral Standing
108.02,129.1,105.73,106.95,1.43,11.93,168.38,12.65,12.65,48.31,0.7,1.28,True,True,2.0,yt02_002700.jpg,yt02,Neutral Standing
108.87,127.86,107.39,109.13,3.0,12.09,172.9,10.68,10.68,45.99,0.7,1.04,True,True,2.0,yt02_002750.jpg,yt02,Neutral Standing
169.65,122.18,97.92,53.95,12.46,12.59,179.08,7.83,7.83,3.0,0.7,1.19,True,True,2.0,yt02_002800.jpg,yt02,Neutral Standing
177.53,120.38,76.93,26.35,12.39,11.65,170.84,14.77,14.77,12.9,0.7,0.83,True,True,2.0,yt02_002850.jpg,yt02,Neutral Standing
177.33,120.38,76.93,26.31,12.24,11.65,170.43,14.65,14.65,12.83,0.7,0.74,True,True,2.0,yt02_002900.jpg,yt02,Neutral Standing
169.34,121.48,82.22,26.56,14.11,11.91,171.04,14.89,14.89,18.07,0.7,1.3,True,True,2.0,yt02_002950.jpg,yt02,Neutral Standing
175.98,149.9,106.94,137.32,23.42,9.85,166.91,56.65,56.65,23.76,0.7,4.69,True,True,2.0,yt02_003000.jpg,yt02,Neutral Standing
169.6,172.35,130.49,131.75,24.15,10.15,160.31,55.59,55.59,30.41,0.7,11.06,True,True,2.0,yt02_003050.jpg,yt02,Neutral Standing
169.88,171.59,132.45,138.11,27.55,9.94,152.23,56.22,56.22,33.15,0.7,10.99,True,True,2.0,yt02_003100.jpg,yt02,Neutral Standing
175.17,171.7,129.47,130.64,21.8,9.91,137.81,48.57,48.57,31.01,0.7,10.92,True,True,2.0,yt02_003150.jpg,yt02,Neutral Standing
144.61,149.02,159.75,132.55,10.25,9.88,155.11,55.72,55.72,25.48,0.7,5.14,True,True,2.0,yt02_003200.jpg,yt02,Neutral Standing
162.27,160.9,133.66,130.67,15.1,11.27,62.71,40.62,40.62,35.36,0.7,5.46,True,True,2.0,yt02_003250.jpg,yt02,Neutral Standing
165.22,141.49,114.25,118.38,12.1,11.15,112.21,52.62,52.62,38.63,0.7,2.33,True,True,2.0,yt02_003300.jpg,yt02,Neutral Standing
151.17,132.24,108.81,93.99,19.35,12.27,133.14,50.68,50.68,66.37,0.7,0.4,True,True,2.0,yt02_003350.jpg,yt02,Neutral Standing
163.27,137.83,106.05,96.52,13.91,11.66,81.82,49.79,49.79,62.25,0.7,1.67,True,True,2.0,yt02_003400.jpg,yt02,Neutral Standing
160.19,138.37,92.01,100.04,15.45,11.66,132.93,49.92,49.92,55.81,0.7,2.06,True,True,2.0,yt02_003450.jpg,yt02,Neutral Standing
172.28,130.07,85.79,89.37,0.81,10.28,105.5,67.92,67.92,58.18,0.7,0.76,True,True,2.0,yt02_003500.jpg,yt02,Neutral Standing
177.04,129.96,80.49,76.83,3.15,10.3,139.11,62.49,62.49,47.06,0.7,1.03,True,True,2.0,yt02_003550.jpg,yt02,Neutral Standing
178.18,145.27,74.91,103.32,9.05,10.65,122.23,54.74,54.74,50.88,0.7,3.63,True,True,2.0,yt02_003600.jpg,yt02,Neutral Standing
170.02,141.9,100.89,107.18,16.12,11.35,80.29,57.41,57.41,56.99,0.7,2.89,True,True,2.0,yt02_003650.jpg,yt02,Neutral Standing
163.03,135.34,113.32,79.0,22.79,12.09,111.58,55.16,55.16,58.98,0.7,1.0,True,True,2.0,yt02_003700.jpg,yt02,Neutral Standing
161.15,135.29,120.58,116.28,20.22,12.07,125.49,61.21,61.21,75.07,0.7,0.84,True,True,2.0,yt02_003750.jpg,yt02,Neutral Standing
161.67,136.54,119.16,89.27,24.11,12.19,139.91,59.62,59.62,62.79,0.7,1.29,True,True,2.0,yt02_003800.jpg,yt02,Neutral Standing
164.43,136.73,105.08,105.51,21.48,12.35,127.54,60.57,60.57,69.51,0.7,1.48,True,True,2.0,yt02_003850.jpg,yt02,Neutral Standing
163.52,140.26,103.4,98.98,6.74,11.91,122.09,51.3,51.3,59.13,0.7,2.35,True,True,2.0,yt02_003900.jpg,yt02,Neutral Standing
73.78,161.98,87.74,162.41,23.05,5.15,157.37,23.94,23.94,8.77,0.7,4.4,True,True,2.0,yt03_000177.jpg,yt03,Neutral Standing
89.6,156.64,17.53,148.92,12.79,15.71,63.85,39.65,39.65,93.14,0.7,6.79,True,True,2.0,yt03_000354.jpg,yt03,Neutral Standing
113.44,159.16,112.26,137.34,159.57,23.77,170.21,66.89,66.89,53.21,0.7,33.09,True,True,2.0,yt03_000649.jpg,yt03,Neutral Standing
94.07,177.97,126.13,134.42,8.01,12.89,83.88,56.43,56.43,50.53,0.7,3.09,True,True,2.0,yt03_000708.jpg,yt03,Neutral Standing
98.68,178.2,118.37,124.26,7.98,12.5,99.76,58.61,58.61,49.23,0.7,3.99,True,True,2.0,yt03_000767.jpg,yt03,Neutral Standing
61.02,145.84,133.01,136.6,32.58,17.14,168.73,55.05,55.05,67.74,0.7,3.01,True,True,2.0,yt03_000826.jpg,yt03,Neutral Standing
67.55,133.08,123.38,117.21,24.43,14.62,165.91,78.73,78.73,82.44,0.7,1.86,True,True,2.0,yt03_000885.jpg,yt03,Neutral Standing
129.71,150.6,168.36,154.44,0.97,13.0,80.42,1.48,1.48,3.94,0.7,0.98,True,True,2.0,yt03_000944.jpg,yt03,Neutral Standing
132.41,89.11,11.7,5.78,34.31,11.14,99.69,11.16,11.16,28.59,0.7,6.92,True,True,2.0,yt03_001062.jpg,yt03,Neutral Standing
97.32,177.32,175.07,177.2,5.75,12.3,166.74,56.11,56.11,33.57,0.7,2.82,True,True,2.0,yt03_001239.jpg,yt03,Neutral Standing
97.7,177.22,175.65,177.25,5.31,12.27,163.48,54.81,54.81,33.39,0.7,2.79,True,True,2.0,yt03_001298.jpg,yt03,Neutral Standing
115.05,161.55,152.43,166.2,10.32,12.31,166.15,25.82,25.82,11.94,0.7,1.49,True,True,2.0,yt03_001357.jpg,yt03,Neutral Standing
73.39,133.33,154.23,133.46,13.3,9.41,79.46,44.24,44.24,34.68,0.7,0.41,True,True,2.0,yt03_001475.jpg,yt03,Neutral Standing
101.87,128.87,149.96,137.18,10.9,9.17,76.42,35.13,35.13,31.82,0.7,0.75,True,True,2.0,yt03_001534.jpg,yt03,Neutral Standing
177.4,121.42,142.3,79.23,8.35,11.51,139.06,50.1,50.1,19.52,0.7,2.79,True,True,2.0,yt03_001947.jpg,yt03,Neutral Standing
163.72,116.85,119.03,92.31,11.07,15.11,53.78,13.51,13.51,6.92,0.7,0.3,True,True,2.0,yt03_002006.jpg,yt03,Neutral Standing
96.44,143.79,140.12,137.93,3.31,15.42,161.12,52.44,52.44,78.53,0.7,0.54,True,True,2.0,yt03_002537.jpg,yt03,Neutral Standing
102.35,142.69,151.24,140.54,6.68,15.79,170.56,47.15,47.15,88.82,0.7,0.65,True,True,2.0,yt03_002596.jpg,yt03,Neutral Standing
95.81,144.83,151.97,141.79,2.85,15.7,137.84,48.03,48.03,84.12,0.7,0.53,True,True,2.0,yt03_002655.jpg,yt03,Neutral Standing
87.45,164.36,101.98,107.43,20.47,11.84,166.43,32.75,32.75,24.86,0.7,19.07,True,True,2.0,yt03_002950.jpg,yt03,Neutral Standing
14.13,26.09,114.81,112.7,26.49,13.65,177.23,57.7,57.7,16.07,0.7,21.11,True,True,2.0,yt03_003009.jpg,yt03,Neutral Standing
104.43,171.91,57.75,169.36,10.19,9.62,179.53,26.7,26.7,49.43,0.7,15.4,True,True,2.0,yt03_003068.jpg,yt03,Neutral Standing
70.98,111.12,105.33,102.65,0.68,16.3,54.58,33.57,33.57,69.37,0.7,20.91,True,True,2.0,yt03_003245.jpg,yt03,Neutral Standing
81.14,46.65,63.5,4.02,147.78,22.38,165.02,82.18,82.18,33.14,0.7,32.59,True,True,2.0,yt03_003363.jpg,yt03,Neutral Standing
139.78,85.57,74.99,53.87,85.65,28.72,115.65,59.11,59.11,201.89,0.7,26.6,True,True,2.0,yt03_003540.jpg,yt03,Neutral Standing
52.81,54.24,30.61,37.97,11.24,9.11,164.6,4.08,4.08,7.12,0.7,1.6,True,True,2.0,yt03_003599.jpg,yt03,Neutral Standing
17.28,54.06,91.89,90.14,7.61,13.69,134.13,63.01,63.01,15.2,0.7,18.43,True,True,2.0,yt03_003717.jpg,yt03,Neutral Standing
99.0,95.1,34.54,37.97,7.54,5.22,157.46,21.25,21.25,24.25,0.7,3.49,True,True,2.0,yt03_003835.jpg,yt03,Neutral Standing
87.32,169.67,106.5,152.89,91.75,9.48,142.1,61.44,61.44,53.88,0.7,6.94,True,True,2.0,yt03_004071.jpg,yt03,Neutral Standing
111.2,162.14,98.34,112.14,57.17,9.17,176.42,36.5,36.5,21.4,0.7,9.14,True,True,2.0,yt03_004130.jpg,yt03,Neutral Standing
87.97,174.79,110.76,124.38,99.89,8.6,158.88,37.41,37.41,28.28,0.7,8.18,True,True,2.0,yt03_004189.jpg,yt03,Neutral Standing
162.23,172.81,155.11,160.14,23.85,14.7,167.44,30.95,30.95,66.01,0.7,0.89,True,True,2.0,yt03_004248.jpg,yt03,Neutral Standing
145.26,167.7,110.65,176.91,34.91,13.86,137.78,49.92,49.92,105.08,0.7,1.02,True,True,2.0,yt03_004307.jpg,yt03,Neutral Standing
152.71,155.92,156.58,140.95,28.87,7.85,169.65,15.89,15.89,16.94,0.7,3.8,True,True,2.0,yt03_004366.jpg,yt03,Neutral Standing
179.38,121.68,95.17,110.48,6.52,16.5,110.91,79.18,79.18,61.92,0.7,2.49,True,True,2.0,yt03_004425.jpg,yt03,Neutral Standing
98.7,159.58,115.75,128.27,28.23,12.91,174.25,8.76,8.76,18.83,0.7,2.92,True,True,2.0,yt03_004543.jpg,yt03,Neutral Standing
95.44,165.31,128.85,143.12,24.56,13.21,161.81,10.48,10.48,30.9,0.7,3.03,True,True,2.0,yt03_004602.jpg,yt03,Neutral Standing
94.78,162.17,121.78,140.34,26.65,13.58,144.01,7.18,7.18,33.2,0.7,3.53,True,True,2.0,yt03_004661.jpg,yt03,Neutral Standing
69.75,158.83,167.52,163.02,83.08,20.17,143.23,108.13,108.13,74.9,0.7,0.19,True,True,2.0,yt03_005074.jpg,yt03,Neutral Standing
81.5,165.02,167.27,178.35,27.33,24.77,71.54,98.27,98.27,92.87,0.7,1.46,True,True,2.0,yt03_005133.jpg,yt03,Neutral Standing
142.86,127.41,147.44,107.02,2.21,13.73,28.17,13.32,13.32,24.31,0.7,6.26,True,True,2.0,yt03_005310.jpg,yt03,Neutral Standing
152.27,177.69,166.77,162.64,14.28,12.7,120.03,46.46,46.46,12.89,0.7,16.26,True,True,2.0,yt03_005369.jpg,yt03,Neutral Standing
136.26,106.59,133.21,95.54,0.42,16.09,94.14,21.62,21.62,37.26,0.7,0.18,True,True,2.0,yt03_005428.jpg,yt03,Neutral Standing
