alignment_deviation,body_visibility,forward_head_posture,frame_idx,frame_name,head_tilt_angle,knee_angle,left_shoulder_elev,lower_body_visible,neck_flexion,right_shoulder_elev,shoulder_symmetry,source_video,stance_stability,task_label,timestamp_sec,trunk_flexion,upper_body_visible,weight_shift_offset,wrist_deviation_angle
32.69,2.0,120.7,,yt00_000420.jpg,120.7,127.98,25.3,True,48.18,6.8,240.89,yt00,0.7,Neutral Standing,,46.91,True,51.6,80.77
2.49,2.0,6.42,,yt00_000720.jpg,6.42,136.98,163.23,True,99.56,146.98,43.03,yt00,0.7,Neutral Standing,,117.84,True,1.32,28.46
43.63,2.0,123.42,,yt00_001080.jpg,123.42,176.23,109.99,True,179.05,135.11,11.15,yt00,0.7,Neutral Standing,,139.54,True,2.29,160.89
49.07,2.0,48.38,,yt00_001140.jpg,48.38,178.87,115.3,True,168.01,130.04,11.39,yt00,0.7,Neutral Standing,,136.59,True,4.28,98.8
10.44,2.0,54.65,,yt00_001260.jpg,54.65,145.4,132.98,True,37.94,145.16,32.63,yt00,0.7,Neutral Standing,,123.3,True,0.63,116.64
12.27,2.0,56.59,,yt00_001320.jpg,56.59,171.97,137.29,True,121.45,136.84,112.05,yt00,0.7,Neutral Standing,,173.49,True,17.24,14.62
9.69,2.0,43.27,,yt00_001380.jpg,43.27,151.01,9.85,True,80.61,110.2,100.0,yt00,0.7,Neutral Standing,,166.71,True,13.6,79.93
9.25,2.0,1.93,,yt00_001440.jpg,1.93,127.37,162.73,True,96.96,155.84,3.84,yt00,0.7,Neutral Standing,,38.79,True,2.71,24.47
22.81,2.0,33.03,,yt00_001500.jpg,33.03,82.19,166.58,True,145.95,173.18,0.3,yt00,0.7,Neutral Standing,,146.83,True,3.47,130.35
23.27,2.0,10.52,,yt00_001560.jpg,10.52,107.8,166.12,True,158.09,170.48,17.81,yt00,0.7,Neutral Standing,,147.79,True,5.42,90.29
23.5,2.0,4.1,,yt00_001620.jpg,4.1,107.01,150.04,True,162.14,164.18,13.22,yt00,0.7,Neutral Standing,,149.75,True,6.72,88.62
17.27,2.0,86.69,,yt00_001680.jpg,86.69,95.8,70.55,True,131.16,84.26,4.85,yt00,0.7,Neutral Standing,,168.05,True,16.36,73.81
16.01,2.0,74.93,,yt00_001740.jpg,74.93,137.8,74.04,True,124.1,75.13,26.74,yt00,0.7,Neutral Standing,,165.48,True,14.23,93.29
14.48,2.0,67.53,,yt00_001800.jpg,67.53,166.1,72.11,True,140.31,85.69,13.95,yt00,0.7,Neutral Standing,,174.87,True,14.85,74.0
10.84,2.0,45.14,,yt00_001860.jpg,45.14,70.71,65.09,True,121.28,134.37,75.75,yt00,0.7,Neutral Standing,,150.5,True,15.57,51.39
4.32,2.0,5.28,,yt00_001980.jpg,5.28,35.82,60.54,True,17.84,104.51,9.68,yt00,0.7,Neutral Standing,,89.15,True,1.34,23.76
35.16,2.0,34.65,,yt00_002220.jpg,34.65,38.12,65.73,True,55.42,17.39,149.14,yt00,0.7,Neutral Standing,,127.87,True,42.72,72.3
10.01,2.0,29.92,,yt01_000250.jpg,29.92,35.49,107.67,True,84.85,118.07,6.34,yt01,0.7,Neutral Standing,,128.61,True,0.36,15.67
18.17,2.0,59.48,,yt01_000350.jpg,59.48,151.05,146.62,True,150.83,125.19,1.98,yt01,0.7,Neutral Standing,,129.49,True,0.06,95.03
9.39,2.0,8.74,,yt01_000400.jpg,8.74,95.2,36.7,True,10.52,148.73,34.32,yt01,0.7,Neutral Standing,,71.31,True,4.5,14.39
15.57,2.0,45.33,,yt01_000450.jpg,45.33,123.59,26.51,True,81.75,33.55,51.2,yt01,0.7,Neutral Standing,,77.42,True,1.15,75.49
25.8,2.0,106.21,,yt01_000550.jpg,106.21,174.69,161.02,True,71.15,163.8,62.47,yt01,0.7,Neutral Standing,,147.42,True,5.03,197.59
26.3,2.0,125.18,,yt01_000600.jpg,125.18,144.7,174.21,True,67.24,172.03,31.31,yt01,0.7,Neutral Standing,,158.7,True,1.36,159.89
8.74,2.0,2.63,,yt01_000650.jpg,2.63,170.06,98.1,True,65.49,126.29,13.32,yt01,0.7,Neutral Standing,,134.02,True,0.25,6.63
5.05,2.0,7.43,,yt01_000700.jpg,7.43,109.44,139.54,True,125.16,114.85,21.9,yt01,0.7,Neutral Standing,,163.41,True,6.02,11.28
19.01,2.0,67.81,,yt01_000800.jpg,67.81,149.61,98.16,True,123.38,116.76,46.57,yt01,0.7,Neutral Standing,,160.3,True,9.7,103.33
15.75,2.0,51.35,,yt01_000850.jpg,51.35,47.92,87.35,True,104.84,22.96,120.35,yt01,0.7,Neutral Standing,,51.42,True,21.37,52.31
18.65,2.0,90.01,,yt01_000900.jpg,90.01,114.84,124.96,True,166.58,90.92,11.7,yt01,0.7,Neutral Standing,,121.4,True,3.58,92.38
9.85,2.0,22.46,,yt01_000950.jpg,22.46,75.89,39.32,True,47.57,37.12,5.25,yt01,0.7,Neutral Standing,,12.09,True,7.92,53.33
29.19,2.0,33.45,,yt01_001050.jpg,33.45,176.95,154.66,True,174.18,157.3,24.03,yt01,0.7,Neutral Standing,,147.97,True,1.23,119.18
29.24,2.0,39.99,,yt01_001100.jpg,39.99,177.04,157.09,True,170.58,157.61,13.63,yt01,0.7,Neutral Standing,,147.75,True,1.18,130.81
8.98,2.0,15.25,,yt01_001250.jpg,15.25,60.63,140.42,True,161.23,61.4,32.67,yt01,0.7,Neutral Standing,,76.9,True,12.11,44.19
15.19,2.0,13.83,,yt01_001300.jpg,13.83,147.61,30.56,True,32.29,17.58,0.88,yt01,0.7,Neutral Standing,,27.58,True,5.02,22.51
9.84,2.0,7.12,,yt01_001450.jpg,7.12,31.84,95.83,True,83.57,164.53,12.48,yt01,0.7,Neutral Standing,,151.81,True,1.73,23.23
12.22,2.0,0.25,,yt01_001500.jpg,0.25,16.91,132.28,True,78.62,121.03,0.32,yt01,0.7,Neutral Standing,,144.36,True,0.2,26.53
11.09,2.0,4.75,,yt01_001550.jpg,4.75,169.55,112.57,True,75.16,130.57,2.77,yt01,0.7,Neutral Standing,,140.21,True,0.31,6.04
31.38,2.0,43.01,,yt01_001600.jpg,43.01,177.48,141.36,True,156.42,158.89,16.47,yt01,0.7,Neutral Standing,,143.94,True,0.78,97.57
11.66,2.0,39.15,,yt01_001700.jpg,39.15,160.68,172.47,True,179.44,159.62,49.14,yt01,0.7,Neutral Standing,,151.02,True,9.75,24.66
12.1,2.0,61.7,,yt01_001750.jpg,61.7,77.02,109.11,True,179.67,131.99,2.02,yt01,0.7,Neutral Standing,,151.35,True,5.92,44.27
12.54,2.0,64.44,,yt01_001800.jpg,64.44,75.3,96.76,True,172.85,98.19,10.7,yt01,0.7,Neutral Standing,,155.54,True,6.8,84.81
12.38,2.0,61.67,,yt01_001850.jpg,61.67,76.22,96.66,True,171.92,100.51,11.04,yt01,0.7,Neutral Standing,,154.53,True,6.36,82.05
12.36,2.0,61.5,,yt01_001900.jpg,61.5,77.5,99.04,True,171.78,98.76,12.63,yt01,0.7,Neutral Standing,,154.79,True,6.25,85.04
14.17,2.0,53.11,,yt01_002000.jpg,53.11,165.36,58.84,True,150.36,59.49,0.97,yt01,0.7,Neutral Standing,,118.42,True,1.92,93.47
13.59,2.0,51.17,,yt01_002050.jpg,51.17,170.23,57.66,True,146.91,54.59,1.18,yt01,0.7,Neutral Standing,,117.75,True,2.27,98.66
13.25,2.0,48.82,,yt01_002100.jpg,48.82,168.25,59.21,True,142.77,58.47,2.36,yt01,0.7,Neutral Standing,,118.95,True,1.61,84.84
12.71,2.0,59.72,,yt01_002200.jpg,59.72,67.4,101.64,True,171.35,96.16,11.05,yt01,0.7,Neutral Standing,,156.77,True,7.47,88.28
12.29,2.0,63.78,,yt01_002250.jpg,63.78,74.79,98.48,True,176.64,94.28,13.85,yt01,0.7,Neutral Standing,,153.88,True,6.21,88.92
12.18,2.0,62.66,,yt01_002300.jpg,62.66,80.24,104.18,True,176.73,104.45,4.32,yt01,0.7,Neutral Standing,,151.97,True,5.8,90.08
12.17,2.0,63.59,,yt01_002350.jpg,63.59,77.91,100.74,True,176.93,99.28,6.96,yt01,0.7,Neutral Standing,,153.68,True,6.16,86.8
13.93,2.0,51.17,,yt01_002400.jpg,51.17,162.91,57.52,True,150.73,60.15,0.43,yt01,0.7,Neutral Standing,,118.73,True,1.53,98.02
19.94,2.0,118.28,,yt01_002450.jpg,118.28,110.89,113.52,True,175.34,120.03,20.12,yt01,0.7,Neutral Standing,,135.33,True,6.06,118.95
11.19,2.0,77.22,,yt01_002500.jpg,77.22,62.76,97.94,True,146.66,94.0,34.07,yt01,0.7,Neutral Standing,,141.53,True,5.55,97.9
28.95,2.0,20.14,,yt01_002600.jpg,20.14,176.83,150.07,True,175.04,156.07,10.87,yt01,0.7,Neutral Standing,,146.8,True,1.3,119.81
1.63,2.0,16.68,,yt01_002650.jpg,16.68,43.04,119.06,True,122.83,72.0,19.42,yt01,0.7,Neutral Standing,,74.46,True,1.13,34.15
9.96,2.0,23.33,,yt01_002750.jpg,23.33,176.51,145.57,True,107.32,150.33,12.1,yt01,0.7,Neutral Standing,,132.81,True,0.42,71.41
10.04,2.0,62.79,,yt01_002800.jpg,62.79,46.71,165.98,True,0.46,159.55,9.85,yt01,0.7,Neutral Standing,,106.21,True,2.51,26.06
11.82,2.0,26.18,,yt01_002950.jpg,26.18,164.12,153.58,True,84.56,175.95,12.56,yt01,0.7,Neutral Standing,,160.28,True,18.48,16.88
12.4,2.0,64.46,,yt01_003050.jpg,64.46,70.85,105.94,True,179.06,110.47,2.03,yt01,0.7,Neutral Standing,,153.19,True,6.17,81.39
11.73,2.0,49.01,,yt01_003100.jpg,49.01,55.56,90.32,True,179.92,92.91,1.78,yt01,0.7,Neutral Standing,,130.23,True,2.52,68.72
11.41,2.0,48.79,,yt01_003150.jpg,48.79,70.05,89.09,True,179.51,93.39,0.49,yt01,0.7,Neutral Standing,,129.73,True,2.5,67.61
17.67,2.0,77.14,,yt01_003300.jpg,77.14,130.86,114.05,True,165.93,102.74,27.54,yt01,0.7,Neutral Standing,,141.48,True,8.18,68.56
21.11,2.0,107.83,,yt01_003350.jpg,107.83,84.03,105.46,True,168.84,65.18,13.4,yt01,0.7,Neutral Standing,,140.33,True,11.61,126.09
12.19,2.0,57.86,,yt01_003550.jpg,57.86,83.01,99.34,True,170.57,95.33,11.33,yt01,0.7,Neutral Standing,,152.59,True,5.78,85.78
8.46,2.0,41.31,,yt01_003600.jpg,41.31,172.73,57.52,True,178.0,57.41,2.0,yt01,0.7,Neutral Standing,,136.6,True,3.06,62.08
9.54,2.0,35.73,,yt01_003650.jpg,35.73,160.99,55.44,True,162.56,74.16,14.03,yt01,0.7,Neutral Standing,,146.61,True,4.35,39.51
8.57,2.0,35.35,,yt01_003700.jpg,35.35,162.18,69.53,True,176.9,70.02,8.29,yt01,0.7,Neutral Standing,,144.74,True,4.36,52.01
14.53,2.0,22.02,,yt01_003800.jpg,22.02,167.01,110.31,True,132.94,74.2,4.95,yt01,0.7,Neutral Standing,,134.8,True,3.18,30.73
6.2,2.0,13.57,,yt01_003850.jpg,13.57,163.79,164.86,True,143.3,101.48,42.39,yt01,0.7,Neutral Standing,,101.78,True,1.4,36.99
20.19,2.0,128.83,,yt01_003900.jpg,128.83,96.97,115.22,True,169.68,97.91,66.9,yt01,0.7,Neutral Standing,,151.2,True,10.94,111.74
12.12,2.0,48.94,,yt02_000150.jpg,48.94,67.73,112.61,True,158.41,106.17,16.65,yt02,0.7,Neutral Standing,,138.83,True,1.11,56.05
11.7,2.0,50.8,,yt02_000200.jpg,50.8,32.89,80.45,True,166.27,88.1,9.44,yt02,0.7,Neutral Standing,,146.64,True,3.77,42.03
10.75,2.0,41.62,,yt02_000250.jpg,41.62,75.9,112.39,True,150.35,110.2,4.85,yt02,0.7,Neutral Standing,,137.67,True,0.91,39.36
10.84,2.0,2.83,,yt02_000300.jpg,2.83,26.79,128.66,True,85.51,137.91,0.86,yt02,0.7,Neutral Standing,,155.26,True,3.43,12.56
10.19,2.0,11.7,,yt02_000350.jpg,11.7,164.46,123.02,True,135.61,83.61,16.14,yt02,0.7,Neutral Standing,,131.16,True,1.53,19.7
11.17,2.0,36.78,,yt02_000400.jpg,36.78,169.23,110.0,True,78.56,99.97,6.45,yt02,0.7,Neutral Standing,,122.87,True,0.71,33.04
12.53,2.0,12.42,,yt02_000450.jpg,12.42,178.48,117.21,True,119.41,115.24,3.91,yt02,0.7,Neutral Standing,,126.05,True,1.33,21.28
10.0,2.0,1.76,,yt02_000500.jpg,1.76,171.95,46.14,True,167.48,10.15,1.0,yt02,0.7,Neutral Standing,,120.35,True,0.41,37.51
11.55,2.0,51.48,,yt02_000600.jpg,51.48,35.79,138.76,True,163.72,138.75,24.75,yt02,0.7,Neutral Standing,,167.86,True,7.35,12.78
11.1,2.0,49.29,,yt02_000650.jpg,49.29,59.74,101.41,True,157.44,95.21,24.12,yt02,0.7,Neutral Standing,,151.32,True,4.84,56.25
12.1,2.0,60.74,,yt02_000700.jpg,60.74,98.86,76.72,True,168.47,78.06,14.5,yt02,0.7,Neutral Standing,,140.02,True,2.85,63.32
11.12,2.0,55.18,,yt02_002200.jpg,55.18,103.65,117.88,True,167.39,115.82,20.45,yt02,0.7,Neutral Standing,,139.67,True,1.25,58.75
11.23,2.0,52.16,,yt02_002250.jpg,52.16,62.92,91.99,True,172.65,102.99,8.99,yt02,0.7,Neutral Standing,,150.43,True,4.38,59.81
11.41,2.0,48.72,,yt02_002300.jpg,48.72,127.6,110.45,True,149.21,115.87,5.83,yt02,0.7,Neutral Standing,,138.26,True,1.27,28.14
10.13,2.0,0.61,,yt02_002350.jpg,0.61,157.58,114.22,True,74.26,136.19,7.37,yt02,0.7,Neutral Standing,,139.71,True,0.96,25.73
9.56,2.0,5.5,,yt02_002400.jpg,5.5,165.23,98.05,True,156.2,70.2,6.08,yt02,0.7,Neutral Standing,,124.61,True,0.46,17.12
10.59,2.0,5.22,,yt02_002450.jpg,5.22,166.48,126.5,True,124.95,109.76,2.02,yt02,0.7,Neutral Standing,,121.33,True,0.78,41.12
10.59,2.0,23.2,,yt02_002500.jpg,23.2,165.07,115.49,True,95.82,114.34,7.8,yt02,0.7,Neutral Standing,,121.21,True,0.87,33.16
10.85,2.0,32.26,,yt02_002550.jpg,32.26,164.48,108.24,True,88.31,111.7,7.98,yt02,0.7,Neutral Standing,,120.18,True,1.06,35.86
10.67,2.0,22.16,,yt02_002600.jpg,22.16,161.99,121.36,True,96.3,109.95,7.25,yt02,0.7,Neutral Standing,,122.2,True,0.65,34.62
11.68,2.0,22.19,,yt02_002650.jpg,22.19,176.21,123.88,True,105.78,108.22,3.5,yt02,0.7,Neutral Standing,,128.16,True,1.58,45.45
11.93,2.0,12.65,,yt02_002700.jpg,12.65,168.38,105.73,True,108.02,106.95,1.43,yt02,0.7,Neutral Standing,,129.1,True,1.28,48.31
12.09,2.0,10.68,,yt02_002750.jpg,10.68,172.9,107.39,True,108.87,109.13,3.0,yt02,0.7,Neutral Standing,,127.86,True,1.04,45.99
12.59,2.0,7.83,,yt02_002800.jpg,7.83,179.08,97.92,True,169.65,53.95,12.46,yt02,0.7,Neutral Standing,,122.18,True,1.19,3.0
11.65,2.0,14.77,,yt02_002850.jpg,14.77,170.84,76.93,True,177.53,26.35,12.39,yt02,0.7,Neutral Standing,,120.38,True,0.83,12.9
11.65,2.0,14.65,,yt02_002900.jpg,14.65,170.43,76.93,True,177.33,26.31,12.24,yt02,0.7,Neutral Standing,,120.38,True,0.74,12.83
11.91,2.0,14.89,,yt02_002950.jpg,14.89,171.04,82.22,True,169.34,26.56,14.11,yt02,0.7,Neutral Standing,,121.48,True,1.3,18.07
9.85,2.0,56.65,,yt02_003000.jpg,56.65,166.91,106.94,True,175.98,137.32,23.42,yt02,0.7,Neutral Standing,,149.9,True,4.69,23.76
10.15,2.0,55.59,,yt02_003050.jpg,55.59,160.31,130.49,True,169.6,131.75,24.15,yt02,0.7,Neutral Standing,,172.35,True,11.06,30.41
9.94,2.0,56.22,,yt02_003100.jpg,56.22,152.23,132.45,True,169.88,138.11,27.55,yt02,0.7,Neutral Standing,,171.59,True,10.99,33.15
9.91,2.0,48.57,,yt02_003150.jpg,48.57,137.81,129.47,True,175.17,130.64,21.8,yt02,0.7,Neutral Standing,,171.7,True,10.92,31.01
9.88,2.0,55.72,,yt02_003200.jpg,55.72,155.11,159.75,True,144.61,132.55,10.25,yt02,0.7,Neutral Standing,,149.02,True,5.14,25.48
11.27,2.0,40.62,,yt02_003250.jpg,40.62,62.71,133.66,True,162.27,130.67,15.1,yt02,0.7,Neutral Standing,,160.9,True,5.46,35.36
11.15,2.0,52.62,,yt02_003300.jpg,52.62,112.21,114.25,True,165.22,118.38,12.1,yt02,0.7,Neutral Standing,,141.49,True,2.33,38.63
12.27,2.0,50.68,,yt02_003350.jpg,50.68,133.14,108.81,True,151.17,93.99,19.35,yt02,0.7,Neutral Standing,,132.24,True,0.4,66.37
11.66,2.0,49.79,,yt02_003400.jpg,49.79,81.82,106.05,True,163.27,96.52,13.91,yt02,0.7,Neutral Standing,,137.83,True,1.67,62.25
11.66,2.0,49.92,,yt02_003450.jpg,49.92,132.93,92.01,True,160.19,100.04,15.45,yt02,0.7,Neutral Standing,,138.37,True,2.06,55.81
10.28,2.0,67.92,,yt02_003500.jpg,67.92,105.5,85.79,True,172.28,89.37,0.81,yt02,0.7,Neutral Standing,,130.07,True,0.76,58.18
10.3,2.0,62.49,,yt02_003550.jpg,62.49,139.11,80.49,True,177.04,76.83,3.15,yt02,0.7,Neutral Standing,,129.96,True,1.03,47.06
10.65,2.0,54.74,,yt02_003600.jpg,54.74,122.23,74.91,True,178.18,103.32,9.05,yt02,0.7,Neutral Standing,,145.27,True,3.63,50.88
11.35,2.0,57.41,,yt02_003650.jpg,57.41,80.29,100.89,True,170.02,107.18,16.12,yt02,0.7,Neutral Standing,,141.9,True,2.89,56.99
12.09,2.0,55.16,,yt02_003700.jpg,55.16,111.58,113.32,True,163.03,79.0,22.79,yt02,0.7,Neutral Standing,,135.34,True,1.0,58.98
12.07,2.0,61.21,,yt02_003750.jpg,61.21,125.49,120.58,True,161.15,116.28,20.22,yt02,0.7,Neutral Standing,,135.29,True,0.84,75.07
12.19,2.0,59.62,,yt02_003800.jpg,59.62,139.91,119.16,True,161.67,89.27,24.11,yt02,0.7,Neutral Standing,,136.54,True,1.29,62.79
12.35,2.0,60.57,,yt02_003850.jpg,60.57,127.54,105.08,True,164.43,105.51,21.48,yt02,0.7,Neutral Standing,,136.73,True,1.48,69.51
11.91,2.0,51.3,,yt02_003900.jpg,51.3,122.09,103.4,True,163.52,98.98,6.74,yt02,0.7,Neutral Standing,,140.26,True,2.35,59.13
5.15,2.0,23.94,,yt03_000177.jpg,23.94,157.37,87.74,True,73.78,162.41,23.05,yt03,0.7,Neutral Standing,,161.98,True,4.4,8.77
15.71,2.0,39.65,,yt03_000354.jpg,39.65,63.85,17.53,True,89.6,148.92,12.79,yt03,0.7,Neutral Standing,,156.64,True,6.79,93.14
23.77,2.0,66.89,,yt03_000649.jpg,66.89,170.21,112.26,True,113.44,137.34,159.57,yt03,0.7,Neutral Standing,,159.16,True,33.09,53.21
12.89,2.0,56.43,,yt03_000708.jpg,56.43,83.88,126.13,True,94.07,134.42,8.01,yt03,0.7,Neutral Standing,,177.97,True,3.09,50.53
12.5,2.0,58.61,,yt03_000767.jpg,58.61,99.76,118.37,True,98.68,124.26,7.98,yt03,0.7,Neutral Standing,,178.2,True,3.99,49.23
17.14,2.0,55.05,,yt03_000826.jpg,55.05,168.73,133.01,True,61.02,136.6,32.58,yt03,0.7,Neutral Standing,,145.84,True,3.01,67.74
14.62,2.0,78.73,,yt03_000885.jpg,78.73,165.91,123.38,True,67.55,117.21,24.43,yt03,0.7,Neutral Standing,,133.08,True,1.86,82.44
13.0,2.0,1.48,,yt03_000944.jpg,1.48,80.42,168.36,True,129.71,154.44,0.97,yt03,0.7,Neutral Standing,,150.6,True,0.98,3.94
11.14,2.0,11.16,,yt03_001062.jpg,11.16,99.69,11.7,True,132.41,5.78,34.31,yt03,0.7,Neutral Standing,,89.11,True,6.92,28.59
12.3,2.0,56.11,,yt03_001239.jpg,56.11,166.74,175.07,True,97.32,177.2,5.75,yt03,0.7,Neutral Standing,,177.32,True,2.82,33.57
12.27,2.0,54.81,,yt03_001298.jpg,54.81,163.48,175.65,True,97.7,177.25,5.31,yt03,0.7,Neutral Standing,,177.22,True,2.79,33.39
12.31,2.0,25.82,,yt03_001357.jpg,25.82,166.15,152.43,True,115.05,166.2,10.32,yt03,0.7,Neutral Standing,,161.55,True,1.49,11.94
9.41,2.0,44.24,,yt03_001475.jpg,44.24,79.46,154.23,True,73.39,133.46,13.3,yt03,0.7,Neutral Standing,,133.33,True,0.41,34.68
9.17,2.0,35.13,,yt03_001534.jpg,35.13,76.42,149.96,True,101.87,137.18,10.9,yt03,0.7,Neutral Standing,,128.87,True,0.75,31.82
11.51,2.0,50.1,,yt03_001947.jpg,50.1,139.06,142.3,True,177.4,79.23,8.35,yt03,0.7,Neutral Standing,,121.42,True,2.79,19.52
15.11,2.0,13.51,,yt03_002006.jpg,13.51,53.78,119.03,True,163.72,92.31,11.07,yt03,0.7,Neutral Standing,,116.85,True,0.3,6.92
15.42,2.0,52.44,,yt03_002537.jpg,52.44,161.12,140.12,True,96.44,137.93,3.31,yt03,0.7,Neutral Standing,,143.79,True,0.54,78.53
15.79,2.0,47.15,,yt03_002596.jpg,47.15,170.56,151.24,True,102.35,140.54,6.68,yt03,0.7,Neutral Standing,,142.69,True,0.65,88.82
15.7,2.0,48.03,,yt03_002655.jpg,48.03,137.84,151.97,True,95.81,141.79,2.85,yt03,0.7,Neutral Standing,,144.83,True,0.53,84.12
11.84,2.0,32.75,,yt03_002950.jpg,32.75,166.43,101.98,True,87.45,107.43,20.47,yt03,0.7,Neutral Standing,,164.36,True,19.07,24.86
13.65,2.0,57.7,,yt03_003009.jpg,57.7,177.23,114.81,True,14.13,112.7,26.49,yt03,0.7,Neutral Standing,,26.09,True,21.11,16.07
9.62,2.0,26.7,,yt03_003068.jpg,26.7,179.53,57.75,True,104.43,169.36,10.19,yt03,0.7,Neutral Standing,,171.91,True,15.4,49.43
16.3,2.0,33.57,,yt03_003245.jpg,33.57,54.58,105.33,True,70.98,102.65,0.68,yt03,0.7,Neutral Standing,,111.12,True,20.91,69.37
22.38,2.0,82.18,,yt03_003363.jpg,82.18,165.02,63.5,True,81.14,4.02,147.78,yt03,0.7,Neutral Standing,,46.65,True,32.59,33.14
28.72,2.0,59.11,,yt03_003540.jpg,59.11,115.65,74.99,True,139.78,53.87,85.65,yt03,0.7,Neutral Standing,,85.57,True,26.6,201.89
9.11,2.0,4.08,,yt03_003599.jpg,4.08,164.6,30.61,True,52.81,37.97,11.24,yt03,0.7,Neutral Standing,,54.24,True,1.6,7.12
13.69,2.0,63.01,,yt03_003717.jpg,63.01,134.13,91.89,True,17.28,90.14,7.61,yt03,0.7,Neutral Standing,,54.06,True,18.43,15.2
5.22,2.0,21.25,,yt03_003835.jpg,21.25,157.46,34.54,True,99.0,37.97,7.54,yt03,0.7,Neutral Standing,,95.1,True,3.49,24.25
9.48,2.0,61.44,,yt03_004071.jpg,61.44,142.1,106.5,True,87.32,152.89,91.75,yt03,0.7,Neutral Standing,,169.67,True,6.94,53.88
9.17,2.0,36.5,,yt03_004130.jpg,36.5,176.42,98.34,True,111.2,112.14,57.17,yt03,0.7,Neutral Standing,,162.14,True,9.14,21.4
8.6,2.0,37.41,,yt03_004189.jpg,37.41,158.88,110.76,True,87.97,124.38,99.89,yt03,0.7,Neutral Standing,,174.79,True,8.18,28.28
14.7,2.0,30.95,,yt03_004248.jpg,30.95,167.44,155.11,True,162.23,160.14,23.85,yt03,0.7,Neutral Standing,,172.81,True,0.89,66.01
13.86,2.0,49.92,,yt03_004307.jpg,49.92,137.78,110.65,True,145.26,176.91,34.91,yt03,0.7,Neutral Standing,,167.7,True,1.02,105.08
7.85,2.0,15.89,,yt03_004366.jpg,15.89,169.65,156.58,True,152.71,140.95,28.87,yt03,0.7,Neutral Standing,,155.92,True,3.8,16.94
16.5,2.0,79.18,,yt03_004425.jpg,79.18,110.91,95.17,True,179.38,110.48,6.52,yt03,0.7,Neutral Standing,,121.68,True,2.49,61.92
12.91,2.0,8.76,,yt03_004543.jpg,8.76,174.25,115.75,True,98.7,128.27,28.23,yt03,0.7,Neutral Standing,,159.58,True,2.92,18.83
13.21,2.0,10.48,,yt03_004602.jpg,10.48,161.81,128.85,True,95.44,143.12,24.56,yt03,0.7,Neutral Standing,,165.31,True,3.03,30.9
13.58,2.0,7.18,,yt03_004661.jpg,7.18,144.01,121.78,True,94.78,140.34,26.65,yt03,0.7,Neutral Standing,,162.17,True,3.53,33.2
20.17,2.0,108.13,,yt03_005074.jpg,108.13,143.23,167.52,True,69.75,163.02,83.08,yt03,0.7,Neutral Standing,,158.83,True,0.19,74.9
24.77,2.0,98.27,,yt03_005133.jpg,98.27,71.54,167.27,True,81.5,178.35,27.33,yt03,0.7,Neutral Standing,,165.02,True,1.46,92.87
13.73,2.0,13.32,,yt03_005310.jpg,13.32,28.17,147.44,True,142.86,107.02,2.21,yt03,0.7,Neutral Standing,,127.41,True,6.26,24.31
12.7,2.0,46.46,,yt03_005369.jpg,46.46,120.03,166.77,True,152.27,162.64,14.28,yt03,0.7,Neutral Standing,,177.69,True,16.26,12.89
16.09,2.0,21.62,,yt03_005428.jpg,21.62,94.14,133.21,True,136.26,95.54,0.42,yt03,0.7,Neutral Standing,,106.59,True,0.18,37.26
11.4,2.0,36.7,0,yt_01_000000.jpg,36.7,162.48,161.8,True,139.26,172.61,2.63,video_1,0.7,Assembly Work,0.0,155.84,True,0.51,34.15
19.67,2.0,132.67,50,yt_01_000050.jpg,132.67,133.23,170.07,True,112.68,159.5,7.89,video_1,0.7,Assembly Work,0.0,152.72,True,14.59,40.48
12.14,2.0,54.17,100,yt_01_000100.jpg,54.17,176.08,158.85,True,89.17,162.07,5.11,video_1,0.7,Assembly Work,0.0,136.33,True,4.36,79.92
9.74,2.0,53.31,150,yt_01_000150.jpg,53.31,162.59,136.17,True,60.55,130.15,10.25,video_1,0.7,Assembly Work,0.0,129.66,True,4.79,56.24
10.43,2.0,58.95,200,yt_01_000200.jpg,58.95,176.88,127.05,True,59.34,131.68,11.28,video_1,0.7,Assembly Work,0.0,134.67,True,4.27,57.42
7.73,2.0,41.05,250,yt_01_000250.jpg,41.05,176.06,106.76,True,42.76,142.18,18.87,video_1,0.7,Assembly Work,0.0,138.17,True,2.85,18.06
9.78,2.0,54.15,300,yt_01_000300.jpg,54.15,171.32,157.43,True,46.33,154.85,0.37,video_1,0.7,Assembly Work,0.0,113.79,True,8.88,65.64
8.92,2.0,56.67,350,yt_01_000350.jpg,56.67,125.26,131.4,True,77.18,135.67,8.96,video_1,0.7,Assembly Work,0.0,130.91,True,3.02,45.41
10.52,2.0,64.4,400,yt_01_000400.jpg,64.4,104.55,162.92,True,82.9,110.98,21.11,video_1,0.7,Assembly Work,0.0,115.48,True,7.6,72.84
9.41,2.0,58.38,450,yt_01_000450.jpg,58.38,152.7,127.67,True,57.0,134.69,3.2,video_1,0.7,Assembly Work,0.0,130.58,True,4.94,53.62
8.75,2.0,47.83,500,yt_01_000500.jpg,47.83,128.67,141.68,True,75.72,145.57,3.26,video_1,0.7,Assembly Work,0.0,134.43,True,2.91,50.59
8.67,2.0,54.54,550,yt_01_000550.jpg,54.54,158.94,146.61,True,61.77,147.66,7.8,video_1,0.7,Assembly Work,0.0,142.81,True,1.79,46.37
8.65,2.0,46.99,600,yt_01_000600.jpg,46.99,158.45,128.19,True,55.35,145.03,14.19,video_1,0.7,Assembly Work,0.0,136.2,True,3.97,37.37
8.62,2.0,53.95,650,yt_01_000650.jpg,53.95,143.81,144.82,True,59.63,142.78,5.48,video_1,0.7,Assembly Work,0.0,142.94,True,1.94,42.84
8.63,2.0,48.22,700,yt_01_000700.jpg,48.22,163.13,139.09,True,53.82,146.15,10.1,video_1,0.7,Assembly Work,0.0,139.45,True,3.34,40.11
8.78,2.0,52.7,750,yt_01_000750.jpg,52.7,149.29,139.14,True,59.2,143.49,7.32,video_1,0.7,Assembly Work,0.0,142.13,True,1.98,49.48
9.39,2.0,56.1,800,yt_01_000800.jpg,56.1,164.16,141.62,True,54.2,145.64,9.35,video_1,0.7,Assembly Work,0.0,138.29,True,3.3,47.79
9.14,2.0,55.58,850,yt_01_000850.jpg,55.58,145.77,142.59,True,60.09,141.08,3.0,video_1,0.7,Assembly Work,0.0,136.53,True,3.32,47.62
9.26,2.0,53.24,900,yt_01_000900.jpg,53.24,172.77,142.13,True,57.54,142.03,5.13,video_1,0.7,Assembly Work,0.0,139.83,True,2.54,49.32
8.67,2.0,51.89,950,yt_01_000950.jpg,51.89,169.66,142.01,True,57.35,139.97,3.41,video_1,0.7,Assembly Work,0.0,136.76,True,2.61,43.85
8.48,2.0,51.41,1000,yt_01_001000.jpg,51.41,148.38,143.25,True,55.51,141.78,4.96,video_1,0.7,Assembly Work,0.0,129.67,True,4.32,45.49
9.21,2.0,54.54,1050,yt_01_001050.jpg,54.54,168.79,135.09,True,55.55,141.17,3.73,video_1,0.7,Assembly Work,0.0,137.43,True,2.65,47.91
8.64,2.0,55.63,1100,yt_01_001100.jpg,55.63,147.23,129.72,True,61.55,132.15,2.08,video_1,0.7,Assembly Work,0.0,133.73,True,2.87,55.0
9.64,2.0,54.73,1150,yt_01_001150.jpg,54.73,159.56,144.92,True,67.69,148.9,3.1,video_1,0.7,Assembly Work,0.0,135.71,True,3.6,56.04
8.98,2.0,47.91,1200,yt_01_001200.jpg,47.91,163.94,139.16,True,64.25,144.18,5.39,video_1,0.7,Assembly Work,0.0,137.24,True,3.06,38.15
9.76,2.0,59.57,1250,yt_01_001250.jpg,59.57,164.84,143.84,True,58.96,146.89,6.6,video_1,0.7,Assembly Work,0.0,143.21,True,2.68,56.36
9.24,2.0,55.68,1300,yt_01_001300.jpg,55.68,164.23,141.48,True,67.45,144.56,0.62,video_1,0.7,Assembly Work,0.0,138.8,True,3.33,49.58
9.75,2.0,60.87,1350,yt_01_001350.jpg,60.87,155.84,153.79,True,59.67,150.4,6.77,video_1,0.7,Assembly Work,0.0,148.46,True,1.99,56.37
9.76,2.0,61.04,1400,yt_01_001400.jpg,61.04,155.85,150.95,True,60.58,149.29,6.26,video_1,0.7,Assembly Work,0.0,147.18,True,2.04,53.82
8.76,2.0,48.12,1450,yt_01_001450.jpg,48.12,177.24,135.81,True,56.82,145.0,20.67,video_1,0.7,Assembly Work,0.0,148.66,True,2.22,31.39
9.63,2.0,51.38,1500,yt_01_001500.jpg,51.38,168.85,162.89,True,90.11,160.27,0.99,video_1,0.7,Assembly Work,0.0,145.1,True,1.78,48.84
10.5,2.0,63.09,1550,yt_01_001550.jpg,63.09,164.1,151.77,True,79.71,164.63,44.21,video_1,0.7,Assembly Work,0.0,149.46,True,1.85,39.43
8.24,2.0,56.56,1600,yt_01_001600.jpg,56.56,142.33,123.41,True,66.87,100.63,16.11,video_1,0.7,Assembly Work,0.0,122.33,True,4.86,38.82
7.92,2.0,53.51,1650,yt_01_001650.jpg,53.51,158.23,130.82,True,52.3,133.94,10.03,video_1,0.7,Assembly Work,0.0,133.16,True,2.98,48.63
8.06,2.0,50.76,1700,yt_01_001700.jpg,50.76,165.78,130.31,True,51.91,132.1,8.07,video_1,0.7,Assembly Work,0.0,130.27,True,3.19,46.85
7.8,2.0,51.2,1750,yt_01_001750.jpg,51.2,163.71,132.55,True,52.51,136.09,11.71,video_1,0.7,Assembly Work,0.0,130.87,True,3.11,47.31
6.6,2.0,47.35,1800,yt_01_001800.jpg,47.35,127.46,128.81,True,49.58,120.16,13.75,video_1,0.7,Assembly Work,0.0,128.1,True,2.91,42.01
6.53,2.0,46.91,1850,yt_01_001850.jpg,46.91,108.86,131.48,True,51.26,119.84,12.55,video_1,0.7,Assembly Work,0.0,129.52,True,2.7,31.69
7.95,2.0,52.0,1900,yt_01_001900.jpg,52.0,149.51,138.28,True,50.03,134.87,3.06,video_1,0.7,Assembly Work,0.0,133.37,True,3.16,44.18
7.91,2.0,50.55,1950,yt_01_001950.jpg,50.55,120.77,138.67,True,69.74,120.82,24.2,video_1,0.7,Assembly Work,0.0,129.62,True,3.51,36.94
7.88,2.0,50.14,2000,yt_01_002000.jpg,50.14,145.58,135.91,True,59.21,129.84,10.32,video_1,0.7,Assembly Work,0.0,132.27,True,3.13,40.28
9.18,2.0,52.15,2050,yt_01_002050.jpg,52.15,168.18,133.31,True,71.6,143.56,18.14,video_1,0.7,Assembly Work,0.0,132.44,True,3.4,58.12
8.62,2.0,50.11,2100,yt_01_002100.jpg,50.11,161.58,135.85,True,64.95,144.55,12.62,video_1,0.7,Assembly Work,0.0,132.98,True,3.07,59.02
9.7,2.0,57.01,2150,yt_01_002150.jpg,57.01,122.9,140.99,True,81.36,138.73,1.52,video_1,0.7,Assembly Work,0.0,139.19,True,2.78,49.86
8.94,2.0,50.62,2200,yt_01_002200.jpg,50.62,120.38,147.88,True,83.29,147.91,1.36,video_1,0.7,Assembly Work,0.0,141.91,True,1.56,49.55
10.43,2.0,66.49,2250,yt_01_002250.jpg,66.49,147.72,150.08,True,101.67,164.33,2.19,video_1,0.7,Assembly Work,0.0,144.5,True,1.93,44.91
9.08,2.0,49.92,2300,yt_01_002300.jpg,49.92,174.23,161.38,True,92.66,165.19,1.38,video_1,0.7,Assembly Work,0.0,153.96,True,1.01,53.8
9.49,2.0,51.26,2350,yt_01_002350.jpg,51.26,170.41,159.09,True,103.5,171.6,9.79,video_1,0.7,Assembly Work,0.0,152.13,True,0.73,59.16
8.44,2.0,49.27,2400,yt_01_002400.jpg,49.27,156.09,156.49,True,89.77,159.66,5.66,video_1,0.7,Assembly Work,0.0,143.3,True,0.91,53.82
9.08,2.0,51.22,2450,yt_01_002450.jpg,51.22,169.0,154.39,True,80.36,161.9,7.07,video_1,0.7,Assembly Work,0.0,143.4,True,1.6,51.51
8.7,2.0,47.87,2500,yt_01_002500.jpg,47.87,160.05,151.81,True,87.04,151.35,1.03,video_1,0.7,Assembly Work,0.0,145.84,True,0.66,49.97
8.8,2.0,49.19,2550,yt_01_002550.jpg,49.19,165.82,150.53,True,76.62,155.21,6.4,video_1,0.7,Assembly Work,0.0,145.66,True,1.07,46.46
9.14,2.0,47.77,2600,yt_01_002600.jpg,47.77,157.7,139.99,True,94.51,135.16,5.7,video_1,0.7,Assembly Work,0.0,142.95,True,1.76,45.87
10.65,2.0,55.09,2650,yt_01_002650.jpg,55.09,174.05,168.15,True,80.94,165.38,7.81,video_1,0.7,Assembly Work,0.0,154.05,True,0.84,59.81
8.68,2.0,39.74,2700,yt_01_002700.jpg,39.74,159.41,151.27,True,94.47,154.67,5.43,video_1,0.7,Assembly Work,0.0,128.53,True,4.43,40.87
9.84,2.0,53.62,2750,yt_01_002750.jpg,53.62,165.66,158.59,True,80.88,159.77,5.35,video_1,0.7,Assembly Work,0.0,149.83,True,1.37,56.24
9.73,2.0,56.27,2800,yt_01_002800.jpg,56.27,170.64,162.92,True,78.8,160.32,4.99,video_1,0.7,Assembly Work,0.0,152.27,True,0.85,58.37
9.47,2.0,51.9,2850,yt_01_002850.jpg,51.9,164.87,161.17,True,92.76,151.84,17.57,video_1,0.7,Assembly Work,0.0,149.45,True,0.96,59.94
9.96,2.0,55.29,2900,yt_01_002900.jpg,55.29,173.65,172.38,True,70.28,171.73,3.67,video_1,0.7,Assembly Work,0.0,155.3,True,0.52,54.18
9.08,2.0,49.73,2950,yt_01_002950.jpg,49.73,165.94,158.78,True,86.69,147.91,16.89,video_1,0.7,Assembly Work,0.0,149.06,True,0.99,49.2
8.71,2.0,49.73,3000,yt_01_003000.jpg,49.73,162.84,145.37,True,92.38,134.79,20.87,video_1,0.7,Assembly Work,0.0,140.56,True,1.75,47.39
8.34,2.0,47.92,3050,yt_01_003050.jpg,47.92,165.07,156.47,True,77.17,163.65,13.13,video_1,0.7,Assembly Work,0.0,146.32,True,0.93,55.01
8.17,2.0,45.14,3100,yt_01_003100.jpg,45.14,149.61,150.3,True,90.75,134.51,15.08,video_1,0.7,Assembly Work,0.0,137.8,True,1.98,44.51
9.0,2.0,46.71,3150,yt_01_003150.jpg,46.71,155.52,156.29,True,104.59,125.37,15.28,video_1,0.7,Assembly Work,0.0,137.78,True,1.46,54.8
8.28,2.0,51.96,3200,yt_01_003200.jpg,51.96,157.75,130.19,True,56.27,154.24,13.62,video_1,0.7,Assembly Work,0.0,137.62,True,3.49,34.24
9.66,2.0,45.19,3250,yt_01_003250.jpg,45.19,155.45,134.16,True,99.54,116.19,13.01,video_1,0.7,Assembly Work,0.0,145.7,True,0.51,43.43
9.7,2.0,30.7,3300,yt_01_003300.jpg,30.7,162.71,174.71,True,111.92,172.76,11.47,video_1,0.7,Assembly Work,0.0,145.96,True,0.06,52.47
8.75,2.0,41.51,3350,yt_01_003350.jpg,41.51,154.99,128.48,True,90.42,110.28,8.85,video_1,0.7,Assembly Work,0.0,132.53,True,2.52,39.94
8.56,2.0,49.96,3400,yt_01_003400.jpg,49.96,165.41,138.07,True,63.72,138.17,5.7,video_1,0.7,Assembly Work,0.0,141.32,True,2.66,29.21
9.29,2.0,55.79,3450,yt_01_003450.jpg,55.79,162.3,158.24,True,91.82,159.09,0.53,video_1,0.7,Assembly Work,0.0,147.04,True,0.87,52.38
8.49,2.0,32.67,3500,yt_01_003500.jpg,32.67,170.15,171.23,True,82.36,171.5,4.36,video_1,0.7,Assembly Work,0.0,160.03,True,0.98,27.65
9.28,2.0,43.52,3550,yt_01_003550.jpg,43.52,159.85,152.15,True,90.04,154.09,2.9,video_1,0.7,Assembly Work,0.0,152.94,True,0.0,55.98
6.6,2.0,39.9,3600,yt_01_003600.jpg,39.9,113.55,141.15,True,80.01,136.46,1.78,video_1,0.7,Assembly Work,0.0,128.13,True,2.1,33.05
2.65,2.0,9.48,3650,yt_01_003650.jpg,9.48,136.81,120.34,True,65.06,125.8,6.99,video_1,0.7,Assembly Work,0.0,93.32,True,2.1,6.25
3.54,2.0,11.55,3750,yt_01_003750.jpg,11.55,167.41,125.36,True,177.22,118.9,4.5,video_1,0.7,Assembly Work,0.0,103.92,True,0.4,12.92
4.35,2.0,1.65,3800,yt_01_003800.jpg,1.65,161.4,110.1,True,113.11,113.76,4.54,video_1,0.7,Assembly Work,0.0,106.25,True,2.16,4.8
4.19,2.0,23.06,3850,yt_01_003850.jpg,23.06,162.69,123.15,True,104.14,114.64,4.97,video_1,0.7,Assembly Work,0.0,102.89,True,1.6,16.39
4.79,2.0,5.71,3900,yt_01_003900.jpg,5.71,158.91,111.81,True,176.11,109.57,9.95,video_1,0.7,Assembly Work,0.0,109.14,True,0.75,17.54
4.77,2.0,4.2,3950,yt_01_003950.jpg,4.2,148.88,118.65,True,178.66,117.84,3.23,video_1,0.7,Assembly Work,0.0,116.27,True,0.2,19.7
5.14,2.0,32.62,4000,yt_01_004000.jpg,32.62,108.24,127.58,True,110.19,128.84,2.81,video_1,0.7,Assembly Work,0.0,111.46,True,2.41,19.22
8.02,2.0,14.83,4100,yt_01_004100.jpg,14.83,161.22,131.16,True,156.39,130.07,5.8,video_1,0.7,Assembly Work,0.0,131.12,True,0.04,19.87
7.54,2.0,9.2,4150,yt_01_004150.jpg,9.2,178.18,129.07,True,174.62,134.65,11.7,video_1,0.7,Assembly Work,0.0,129.7,True,0.54,26.99
7.57,2.0,15.23,4200,yt_01_004200.jpg,15.23,172.02,146.37,True,169.27,146.95,17.62,video_1,0.7,Assembly Work,0.0,132.15,True,1.43,40.88
8.06,2.0,26.34,4250,yt_01_004250.jpg,26.34,174.26,136.31,True,124.65,152.37,4.72,video_1,0.7,Assembly Work,0.0,141.06,True,0.5,39.13
8.07,2.0,33.25,4300,yt_01_004300.jpg,33.25,174.42,138.01,True,105.97,144.1,7.63,video_1,0.7,Assembly Work,0.0,142.56,True,0.54,48.31
7.93,2.0,36.66,4350,yt_01_004350.jpg,36.66,168.4,130.16,True,113.51,102.93,20.51,video_1,0.7,Assembly Work,0.0,128.59,True,1.49,28.73
4.4,2.0,20.92,4400,yt_01_004400.jpg,20.92,150.39,118.09,True,136.04,104.22,9.36,video_1,0.7,Assembly Work,0.0,91.43,True,2.41,10.55
3.87,2.0,10.84,4500,yt_01_004500.jpg,10.84,165.76,110.78,True,97.46,108.48,2.93,video_1,0.7,Assembly Work,0.0,110.07,True,1.46,12.04
7.84,2.0,5.41,4550,yt_01_004550.jpg,5.41,178.09,142.75,True,164.22,104.54,0.5,video_1,0.7,Assembly Work,0.0,126.15,True,0.76,21.92
9.77,2.0,65.39,4600,yt_01_004600.jpg,65.39,104.78,138.75,True,80.75,154.55,36.64,video_1,0.7,Assembly Work,0.0,128.32,True,4.12,59.53
11.05,2.0,40.36,4650,yt_01_004650.jpg,40.36,167.35,177.89,True,115.02,165.66,2.56,video_1,0.7,Assembly Work,0.0,158.7,True,1.17,38.71
10.56,2.0,66.03,4700,yt_01_004700.jpg,66.03,165.52,135.72,True,58.16,140.62,15.4,video_1,0.7,Assembly Work,0.0,134.27,True,4.78,52.02
11.24,2.0,59.37,4750,yt_01_004750.jpg,59.37,165.56,155.32,True,41.43,163.73,17.44,video_1,0.7,Assembly Work,0.0,119.59,True,10.54,55.79
10.66,2.0,58.27,4800,yt_01_004800.jpg,58.27,173.55,131.66,True,49.69,137.46,19.97,video_1,0.7,Assembly Work,0.0,127.88,True,6.95,70.24
7.23,2.0,60.74,4850,yt_01_004850.jpg,60.74,151.46,156.13,True,51.43,165.56,31.11,video_1,0.7,Assembly Work,0.0,123.22,True,3.35,61.67
5.74,2.0,34.34,4900,yt_01_004900.jpg,34.34,173.03,152.14,True,128.22,146.38,15.86,video_1,0.7,Assembly Work,0.0,113.07,True,3.09,42.38
9.37,2.0,31.78,4950,yt_01_004950.jpg,31.78,176.66,178.08,True,122.77,87.31,23.61,video_1,0.7,Assembly Work,0.0,104.17,True,9.83,44.22
9.85,2.0,57.85,5000,yt_01_005000.jpg,57.85,178.45,134.58,True,52.14,133.86,17.04,video_1,0.7,Assembly Work,0.0,135.29,True,4.6,55.5
9.0,2.0,50.89,5050,yt_01_005050.jpg,50.89,176.15,132.77,True,49.01,130.82,10.03,video_1,0.7,Assembly Work,0.0,135.88,True,3.69,46.89
9.26,2.0,51.09,5100,yt_01_005100.jpg,51.09,173.0,119.18,True,49.8,130.03,16.36,video_1,0.7,Assembly Work,0.0,136.21,True,3.77,28.84
9.13,2.0,50.99,5150,yt_01_005150.jpg,50.99,175.27,130.79,True,52.95,134.07,11.82,video_1,0.7,Assembly Work,0.0,139.29,True,2.79,44.3
8.44,2.0,55.57,5200,yt_01_005200.jpg,55.57,129.07,134.47,True,68.93,150.84,32.96,video_1,0.7,Assembly Work,0.0,133.67,True,2.32,52.09
7.09,2.0,46.4,5250,yt_01_005250.jpg,46.4,162.7,142.38,True,69.01,152.76,13.88,video_1,0.7,Assembly Work,0.0,126.37,True,3.16,39.2
8.39,2.0,42.05,5300,yt_01_005300.jpg,42.05,163.95,122.11,True,49.39,154.22,18.54,video_1,0.7,Assembly Work,0.0,136.65,True,4.1,34.09
8.67,2.0,49.92,5350,yt_01_005350.jpg,49.92,162.17,134.85,True,52.38,136.15,11.71,video_1,0.7,Assembly Work,0.0,138.04,True,2.81,41.75
8.63,2.0,51.48,5400,yt_01_005400.jpg,51.48,166.27,124.66,True,49.4,131.21,12.78,video_1,0.7,Assembly Work,0.0,137.32,True,3.17,37.5
8.22,2.0,42.95,5450,yt_01_005450.jpg,42.95,166.48,121.69,True,46.91,132.76,15.21,video_1,0.7,Assembly Work,0.0,135.42,True,3.71,27.81
7.13,2.0,52.08,5500,yt_01_005500.jpg,52.08,123.97,147.91,True,82.99,171.34,24.87,video_1,0.7,Assembly Work,0.0,127.64,True,2.09,62.66
9.4,2.0,55.54,5550,yt_01_005550.jpg,55.54,141.97,135.05,True,78.51,125.12,5.4,video_1,0.7,Assembly Work,0.0,135.5,True,3.01,55.16
8.06,2.0,58.28,5600,yt_01_005600.jpg,58.28,136.66,140.85,True,83.79,166.67,16.06,video_1,0.7,Assembly Work,0.0,130.22,True,2.71,62.05
6.96,2.0,51.1,5650,yt_01_005650.jpg,51.1,110.73,137.38,True,110.07,142.97,3.72,video_1,0.7,Assembly Work,0.0,112.38,True,4.85,43.65
6.94,2.0,40.48,5700,yt_01_005700.jpg,40.48,115.7,136.18,True,47.22,148.41,0.52,video_1,0.7,Assembly Work,0.0,136.42,True,2.04,44.74
6.81,2.0,38.27,5750,yt_01_005750.jpg,38.27,175.15,134.29,True,43.98,150.67,9.6,video_1,0.7,Assembly Work,0.0,141.06,True,1.64,38.99
8.96,2.0,60.9,5800,yt_01_005800.jpg,60.9,140.49,134.81,True,86.82,127.65,25.5,video_1,0.7,Assembly Work,0.0,123.61,True,4.6,65.31
8.86,2.0,60.89,5850,yt_01_005850.jpg,60.89,152.3,147.53,True,56.49,143.53,4.01,video_1,0.7,Assembly Work,0.0,123.81,True,5.55,55.03
9.23,2.0,63.08,5900,yt_01_005900.jpg,63.08,127.05,142.08,True,76.16,137.39,20.64,video_1,0.7,Assembly Work,0.0,127.44,True,4.54,64.51
7.96,2.0,62.56,5950,yt_01_005950.jpg,62.56,122.22,134.56,True,67.86,153.5,32.64,video_1,0.7,Assembly Work,0.0,126.5,True,3.08,52.12
9.61,2.0,49.82,6000,yt_01_006000.jpg,49.82,158.51,146.82,True,78.02,149.9,0.29,video_1,0.7,Assembly Work,0.0,145.96,True,1.76,55.99
9.61,2.0,56.23,6050,yt_01_006050.jpg,56.23,107.43,139.41,True,55.71,138.79,11.61,video_1,0.7,Assembly Work,0.0,136.82,True,3.44,52.66
8.46,2.0,55.21,6100,yt_01_006100.jpg,55.21,44.95,133.27,True,70.67,129.15,9.25,video_1,0.7,Assembly Work,0.0,128.98,True,2.85,43.81
9.75,2.0,60.0,6150,yt_01_006150.jpg,60.0,137.33,154.65,True,96.83,158.87,16.01,video_1,0.7,Assembly Work,0.0,147.51,True,1.19,53.06
10.63,2.0,53.7,6200,yt_01_006200.jpg,53.7,173.9,148.94,True,85.18,160.56,9.74,video_1,0.7,Assembly Work,0.0,152.12,True,0.21,59.41
10.41,2.0,66.41,6250,yt_01_006250.jpg,66.41,165.93,161.52,True,66.82,158.86,14.22,video_1,0.7,Assembly Work,0.0,154.93,True,0.1,55.56
10.04,2.0,58.71,6300,yt_01_006300.jpg,58.71,161.74,144.87,True,78.11,146.08,1.14,video_1,0.7,Assembly Work,0.0,144.18,True,2.13,57.17
11.94,2.0,79.98,6350,yt_01_006350.jpg,79.98,175.15,168.8,True,113.74,155.88,13.25,video_1,0.7,Assembly Work,0.0,148.49,True,1.72,82.12
10.03,2.0,51.62,6400,yt_01_006400.jpg,51.62,155.93,169.89,True,97.89,162.07,0.38,video_1,0.7,Assembly Work,0.0,156.45,True,0.54,51.03
9.73,2.0,52.39,6450,yt_01_006450.jpg,52.39,169.9,158.44,True,96.6,162.91,1.49,video_1,0.7,Assembly Work,0.0,151.74,True,0.12,62.51
9.77,2.0,57.0,6500,yt_01_006500.jpg,57.0,129.17,159.38,True,101.9,155.0,7.9,video_1,0.7,Assembly Work,0.0,150.03,True,0.23,56.14
8.63,2.0,49.37,6550,yt_01_006550.jpg,49.37,176.6,158.14,True,71.84,165.21,19.44,video_1,0.7,Assembly Work,0.0,145.03,True,1.45,49.34
8.89,2.0,48.61,6600,yt_01_006600.jpg,48.61,174.94,156.54,True,71.75,165.2,13.02,video_1,0.7,Assembly Work,0.0,145.59,True,1.77,57.49
8.86,2.0,49.11,6650,yt_01_006650.jpg,49.11,174.94,158.76,True,69.57,162.48,12.17,video_1,0.7,Assembly Work,0.0,147.29,True,1.76,51.66
9.04,2.0,53.32,6700,yt_01_006700.jpg,53.32,173.07,143.04,True,59.19,146.77,3.62,video_1,0.7,Assembly Work,0.0,143.35,True,2.91,50.08
9.19,2.0,52.21,6750,yt_01_006750.jpg,52.21,175.07,149.23,True,76.4,155.49,5.58,video_1,0.7,Assembly Work,0.0,146.29,True,1.59,50.17
9.19,2.0,54.13,6800,yt_01_006800.jpg,54.13,166.18,156.57,True,60.47,161.47,6.57,video_1,0.7,Assembly Work,0.0,140.9,True,4.05,43.74
9.6,2.0,56.18,6850,yt_01_006850.jpg,56.18,143.67,168.54,True,91.02,179.13,8.0,video_1,0.7,Assembly Work,0.0,149.35,True,1.4,64.32
10.62,2.0,61.52,6900,yt_01_006900.jpg,61.52,154.59,174.26,True,79.95,171.69,11.4,video_1,0.7,Assembly Work,0.0,152.34,True,1.81,57.11
9.63,2.0,49.01,6950,yt_01_006950.jpg,49.01,169.62,145.93,True,105.91,143.14,7.31,video_1,0.7,Assembly Work,0.0,145.44,True,1.45,50.47
10.2,2.0,55.67,7000,yt_01_007000.jpg,55.67,161.32,167.64,True,89.41,171.31,8.95,video_1,0.7,Assembly Work,0.0,149.68,True,1.95,56.97
10.37,2.0,59.04,7050,yt_01_007050.jpg,59.04,153.52,168.25,True,97.24,154.76,0.55,video_1,0.7,Assembly Work,0.0,152.5,True,1.29,67.21
10.31,2.0,58.76,7100,yt_01_007100.jpg,58.76,161.25,170.01,True,86.42,175.56,5.37,video_1,0.7,Assembly Work,0.0,155.83,True,0.39,61.93
9.78,2.0,53.73,7150,yt_01_007150.jpg,53.73,165.28,163.18,True,84.56,160.06,0.86,video_1,0.7,Assembly Work,0.0,152.11,True,0.84,62.21
9.4,2.0,59.18,7200,yt_01_007200.jpg,59.18,151.01,158.49,True,81.94,151.12,7.31,video_1,0.7,Assembly Work,0.0,147.71,True,1.91,64.75
8.67,2.0,48.51,7250,yt_01_007250.jpg,48.51,163.86,147.19,True,81.51,145.52,10.02,video_1,0.7,Assembly Work,0.0,149.17,True,0.65,56.85
9.35,2.0,50.1,7300,yt_01_007300.jpg,50.1,167.52,162.69,True,78.18,166.43,10.6,video_1,0.7,Assembly Work,0.0,149.66,True,0.8,63.2
8.73,2.0,51.56,7350,yt_01_007350.jpg,51.56,167.36,149.64,True,76.25,134.94,6.35,video_1,0.7,Assembly Work,0.0,148.49,True,0.85,47.84
10.82,2.0,54.13,7400,yt_01_007400.jpg,54.13,174.91,167.48,True,94.46,163.57,8.67,video_1,0.7,Assembly Work,0.0,158.82,True,0.85,67.32
11.3,2.0,42.2,7450,yt_01_007450.jpg,42.2,171.62,115.67,True,115.32,139.06,27.84,video_1,0.7,Assembly Work,0.0,167.97,True,3.15,71.66
11.29,2.0,42.59,7500,yt_01_007500.jpg,42.59,171.26,168.97,True,116.63,172.44,13.19,video_1,0.7,Assembly Work,0.0,158.1,True,1.48,57.36
10.9,2.0,48.03,7550,yt_01_007550.jpg,48.03,165.46,168.46,True,99.55,168.37,4.19,video_1,0.7,Assembly Work,0.0,158.46,True,2.2,51.95
10.05,2.0,47.02,7600,yt_01_007600.jpg,47.02,174.6,159.21,True,90.8,157.42,3.02,video_1,0.7,Assembly Work,0.0,140.33,True,1.68,44.61
9.99,2.0,47.07,7650,yt_01_007650.jpg,47.07,175.46,151.51,True,96.37,151.38,3.88,video_1,0.7,Assembly Work,0.0,143.24,True,0.58,53.15
10.45,2.0,53.5,7700,yt_01_007700.jpg,53.5,174.62,163.44,True,82.4,161.15,7.14,video_1,0.7,Assembly Work,0.0,146.38,True,0.24,62.4
9.98,2.0,54.67,7750,yt_01_007750.jpg,54.67,174.78,146.17,True,85.51,148.7,1.44,video_1,0.7,Assembly Work,0.0,138.34,True,1.61,60.27
11.39,2.0,50.96,7800,yt_01_007800.jpg,50.96,169.28,143.55,True,107.68,163.91,9.72,video_1,0.7,Assembly Work,0.0,139.84,True,1.64,66.42
11.37,2.0,48.64,7850,yt_01_007850.jpg,48.64,178.44,165.99,True,97.88,159.86,8.0,video_1,0.7,Assembly Work,0.0,148.02,True,0.01,49.55
7.62,2.0,53.9,7900,yt_01_007900.jpg,53.9,169.57,163.37,True,79.86,112.03,8.46,video_1,0.7,Assembly Work,0.0,101.35,True,7.92,69.08
11.11,2.0,69.83,7950,yt_01_007950.jpg,69.83,117.57,153.08,True,76.97,166.72,29.37,video_1,0.7,Assembly Work,0.0,142.77,True,2.86,62.92
11.54,2.0,60.14,8000,yt_01_008000.jpg,60.14,169.52,152.09,True,83.51,160.4,11.85,video_1,0.7,Assembly Work,0.0,147.3,True,1.2,65.44
11.01,2.0,65.42,8050,yt_01_008050.jpg,65.42,174.04,149.83,True,64.03,152.69,6.54,video_1,0.7,Assembly Work,0.0,144.98,True,2.59,60.35
11.01,2.0,67.66,8100,yt_01_008100.jpg,67.66,174.74,149.6,True,58.11,154.68,18.36,video_1,0.7,Assembly Work,0.0,145.75,True,2.61,61.03
10.61,2.0,63.89,8150,yt_01_008150.jpg,63.89,171.75,142.85,True,56.19,152.86,13.38,video_1,0.7,Assembly Work,0.0,142.96,True,3.31,52.35
11.27,2.0,69.06,8200,yt_01_008200.jpg,69.06,174.66,148.08,True,59.72,157.48,19.84,video_1,0.7,Assembly Work,0.0,146.52,True,2.65,58.29
11.2,2.0,63.54,8250,yt_01_008250.jpg,63.54,170.51,137.04,True,79.62,148.93,1.57,video_1,0.7,Assembly Work,0.0,139.22,True,3.51,54.86
10.01,2.0,61.09,8300,yt_01_008300.jpg,61.09,164.0,143.48,True,87.1,147.75,3.69,video_1,0.7,Assembly Work,0.0,136.16,True,2.57,62.5
11.05,2.0,62.62,8350,yt_01_008350.jpg,62.62,173.17,146.07,True,84.99,146.17,3.03,video_1,0.7,Assembly Work,0.0,135.72,True,3.15,63.48
10.0,2.0,57.09,8400,yt_01_008400.jpg,57.09,165.31,143.24,True,84.45,145.46,0.67,video_1,0.7,Assembly Work,0.0,144.59,True,1.77,59.64
9.78,2.0,60.2,8450,yt_01_008450.jpg,60.2,172.06,140.59,True,57.85,141.77,3.25,video_1,0.7,Assembly Work,0.0,141.54,True,2.04,50.33
10.24,2.0,57.55,8500,yt_01_008500.jpg,57.55,167.09,143.13,True,65.89,146.76,5.23,video_1,0.7,Assembly Work,0.0,141.8,True,2.0,54.92
10.3,2.0,51.7,8550,yt_01_008550.jpg,51.7,170.49,138.56,True,67.81,142.03,1.9,video_1,0.7,Assembly Work,0.0,140.5,True,2.33,53.98
10.15,2.0,59.02,8600,yt_01_008600.jpg,59.02,171.11,142.71,True,64.0,141.95,3.04,video_1,0.7,Assembly Work,0.0,138.58,True,2.6,52.38
9.74,2.0,57.06,8650,yt_01_008650.jpg,57.06,177.71,143.7,True,60.0,145.02,6.32,video_1,0.7,Assembly Work,0.0,140.47,True,1.91,50.83
9.88,2.0,54.03,8700,yt_01_008700.jpg,54.03,176.02,143.65,True,64.39,144.78,4.36,video_1,0.7,Assembly Work,0.0,140.08,True,2.29,51.44
10.7,2.0,53.65,8750,yt_01_008750.jpg,53.65,148.74,147.77,True,106.08,141.82,2.98,video_1,0.7,Assembly Work,0.0,140.33,True,1.69,69.35
10.07,2.0,56.89,8800,yt_01_008800.jpg,56.89,164.72,138.4,True,67.61,125.75,12.46,video_1,0.7,Assembly Work,0.0,130.83,True,4.58,59.2
10.69,2.0,64.21,8850,yt_01_008850.jpg,64.21,142.98,151.43,True,70.73,150.37,9.24,video_1,0.7,Assembly Work,0.0,141.35,True,3.04,61.48
10.26,2.0,57.61,8900,yt_01_008900.jpg,57.61,156.92,145.73,True,80.67,136.64,8.34,video_1,0.7,Assembly Work,0.0,139.24,True,2.59,58.27
9.25,2.0,58.92,8950,yt_01_008950.jpg,58.92,173.42,136.97,True,55.68,140.36,0.33,video_1,0.7,Assembly Work,0.0,140.31,True,1.89,55.11
8.22,2.0,49.98,9000,yt_01_009000.jpg,49.98,152.27,140.01,True,69.16,151.16,14.86,video_1,0.7,Assembly Work,0.0,138.21,True,1.93,50.08
8.74,2.0,54.46,9050,yt_01_009050.jpg,54.46,113.76,132.33,True,63.81,135.55,3.18,video_1,0.7,Assembly Work,0.0,137.05,True,2.24,53.62
9.13,2.0,49.98,9100,yt_01_009100.jpg,49.98,173.89,158.69,True,123.83,150.9,40.07,video_1,0.7,Assembly Work,0.0,133.35,True,0.87,72.55
7.21,2.0,44.98,9150,yt_01_009150.jpg,44.98,116.38,158.52,True,122.8,93.72,9.33,video_1,0.7,Assembly Work,0.0,91.98,True,8.82,65.95
9.63,2.0,43.98,9200,yt_01_009200.jpg,43.98,166.31,156.41,True,91.38,159.84,13.49,video_1,0.7,Assembly Work,0.0,145.73,True,0.71,29.34
8.33,2.0,56.48,9250,yt_01_009250.jpg,56.48,58.51,166.02,True,86.34,68.93,25.96,video_1,0.7,Assembly Work,0.0,83.95,True,10.7,53.52
5.45,2.0,48.97,9300,yt_01_009300.jpg,48.97,154.26,131.96,True,44.81,154.53,26.9,video_1,0.7,Assembly Work,0.0,121.54,True,2.17,44.52
7.19,2.0,28.47,9350,yt_01_009350.jpg,28.47,137.18,133.21,True,132.32,145.31,17.87,video_1,0.7,Assembly Work,0.0,129.15,True,1.31,54.39
11.02,2.0,39.03,9400,yt_01_009400.jpg,39.03,174.51,159.2,True,108.3,178.7,2.29,video_1,0.7,Assembly Work,0.0,148.37,True,0.54,47.36
10.57,2.0,43.96,9450,yt_01_009450.jpg,43.96,179.39,155.15,True,96.81,169.38,2.06,video_1,0.7,Assembly Work,0.0,146.88,True,0.01,45.38
11.31,2.0,55.02,9500,yt_01_009500.jpg,55.02,168.93,171.46,True,84.55,169.69,9.88,video_1,0.7,Assembly Work,0.0,157.27,True,0.86,44.82
10.4,2.0,26.86,9550,yt_01_009550.jpg,26.86,173.71,153.09,True,141.26,120.27,7.89,video_1,0.7,Assembly Work,0.0,132.65,True,1.53,38.18
10.23,2.0,23.43,9600,yt_01_009600.jpg,23.43,171.75,164.98,True,143.72,113.49,2.25,video_1,0.7,Assembly Work,0.0,134.94,True,0.86,37.4
9.91,2.0,62.59,9650,yt_01_009650.jpg,62.59,158.07,150.94,True,62.39,146.94,5.29,video_1,0.7,Assembly Work,0.0,138.55,True,4.01,60.25
8.16,2.0,52.69,9700,yt_01_009700.jpg,52.69,157.61,138.97,True,88.05,135.06,0.05,video_1,0.7,Assembly Work,0.0,131.3,True,1.79,51.29
8.3,2.0,51.03,9750,yt_01_009750.jpg,51.03,127.68,136.7,True,98.42,133.83,1.3,video_1,0.7,Assembly Work,0.0,131.17,True,1.46,48.89
11.61,2.0,44.95,9800,yt_01_009800.jpg,44.95,173.08,175.93,True,97.99,156.64,11.9,video_1,0.7,Assembly Work,0.0,153.28,True,0.02,73.1
11.04,2.0,48.36,9850,yt_01_009850.jpg,48.36,168.44,165.18,True,125.72,178.78,6.08,video_1,0.7,Assembly Work,0.0,162.75,True,0.77,44.99
10.99,2.0,49.93,9900,yt_01_009900.jpg,49.93,175.07,152.73,True,103.36,167.06,4.1,video_1,0.7,Assembly Work,0.0,155.49,True,0.05,55.78
11.2,2.0,19.01,9950,yt_01_009950.jpg,19.01,173.95,164.89,True,178.86,170.35,9.41,video_1,0.7,Assembly Work,0.0,167.7,True,2.38,26.19
7.65,2.0,47.55,60,yt_02_000060.jpg,47.55,52.13,114.61,True,43.51,127.12,17.01,video_2,0.7,Assembly Work,0.0,110.57,True,2.32,41.01
6.48,2.0,26.03,120,yt_02_000120.jpg,26.03,143.79,128.13,True,129.88,131.6,11.53,video_2,0.7,Assembly Work,0.0,125.04,True,1.14,27.6
11.4,2.0,80.34,180,yt_02_000180.jpg,80.34,14.33,129.17,True,20.1,143.28,56.48,video_2,0.7,Assembly Work,0.0,121.78,True,5.17,50.75
11.51,2.0,72.92,240,yt_02_000240.jpg,72.92,34.77,133.76,True,33.69,153.59,36.05,video_2,0.7,Assembly Work,0.0,117.63,True,5.94,30.16
6.31,2.0,47.87,300,yt_02_000300.jpg,47.87,18.13,147.51,True,37.8,162.12,13.66,video_2,0.7,Assembly Work,0.0,133.36,True,0.79,33.17
5.48,2.0,3.89,360,yt_02_000360.jpg,3.89,62.01,144.2,True,171.58,134.26,5.24,video_2,0.7,Assembly Work,0.0,141.29,True,2.68,13.22
8.08,2.0,27.24,420,yt_02_000420.jpg,27.24,87.09,172.24,True,174.59,169.43,3.0,video_2,0.7,Assembly Work,0.0,149.77,True,4.08,20.92
7.31,2.0,0.92,480,yt_02_000480.jpg,0.92,61.57,166.43,True,166.94,103.26,6.22,video_2,0.7,Assembly Work,0.0,152.28,True,5.41,20.35
15.38,2.0,21.11,540,yt_02_000540.jpg,21.11,61.88,119.3,True,75.82,164.8,42.72,video_2,0.7,Assembly Work,0.0,148.8,True,2.49,34.62
9.61,2.0,45.77,600,yt_02_000600.jpg,45.77,178.03,94.09,True,44.14,119.27,22.99,video_2,0.7,Assembly Work,0.0,134.8,True,2.38,8.83
3.23,2.0,7.8,660,yt_02_000660.jpg,7.8,129.94,167.2,True,175.31,179.67,14.43,video_2,0.7,Assembly Work,0.0,169.21,True,4.31,34.42
6.07,2.0,2.84,720,yt_02_000720.jpg,2.84,49.1,154.28,True,148.24,145.83,7.76,video_2,0.7,Assembly Work,0.0,145.71,True,2.15,10.4
4.54,2.0,8.99,780,yt_02_000780.jpg,8.99,173.81,96.03,True,104.43,114.05,5.62,video_2,0.7,Assembly Work,0.0,141.07,True,0.75,14.19
7.04,2.0,20.77,840,yt_02_000840.jpg,20.77,141.71,179.51,True,172.9,160.26,15.9,video_2,0.7,Assembly Work,0.0,158.62,True,7.51,15.21
6.72,2.0,30.93,900,yt_02_000900.jpg,30.93,109.66,121.03,True,27.83,175.61,11.57,video_2,0.7,Assembly Work,0.0,116.46,True,3.43,19.38
3.37,2.0,13.25,960,yt_02_000960.jpg,13.25,142.38,153.13,True,86.23,166.09,7.53,video_2,0.7,Assembly Work,0.0,133.53,True,0.91,28.87
9.65,2.0,55.77,1020,yt_02_001020.jpg,55.77,29.09,103.63,True,21.31,127.9,34.92,video_2,0.7,Assembly Work,0.0,108.45,True,4.99,14.89
7.92,2.0,23.21,1140,yt_02_001140.jpg,23.21,108.27,142.62,True,97.85,75.07,2.76,video_2,0.7,Assembly Work,0.0,94.05,True,5.35,10.64
5.23,2.0,37.28,1200,yt_02_001200.jpg,37.28,75.58,139.85,True,44.48,149.95,12.35,video_2,0.7,Assembly Work,0.0,125.59,True,1.44,26.38
32.69,2.0,120.7,420,yt_03_000420.jpg,120.7,127.98,25.3,True,48.18,6.8,240.89,video_3,0.7,Assembly Work,0.0,46.91,True,51.6,80.77
15.66,2.0,38.44,480,yt_03_000480.jpg,38.44,172.63,8.67,True,77.45,9.15,9.67,video_3,0.7,Assembly Work,0.0,69.12,True,1.35,5.84
2.49,2.0,6.42,720,yt_03_000720.jpg,6.42,136.98,163.23,True,99.56,146.98,43.03,video_3,0.7,Assembly Work,0.0,117.84,True,1.32,28.46
4.83,2.0,36.32,780,yt_03_000780.jpg,36.32,119.18,131.67,True,109.67,130.24,12.0,video_3,0.7,Assembly Work,0.0,136.75,True,2.78,24.29
16.37,2.0,80.55,960,yt_03_000960.jpg,80.55,162.9,8.37,True,22.15,19.21,76.2,video_3,0.7,Assembly Work,0.0,6.92,True,20.51,42.38
43.63,2.0,123.42,1080,yt_03_001080.jpg,123.42,176.23,109.99,True,179.05,135.11,11.15,video_3,0.7,Assembly Work,0.0,139.54,True,2.29,160.89
49.07,2.0,48.38,1140,yt_03_001140.jpg,48.38,178.87,115.3,True,168.01,130.04,11.39,video_3,0.7,Assembly Work,0.0,136.59,True,4.28,98.8
10.44,2.0,54.65,1260,yt_03_001260.jpg,54.65,145.4,132.98,True,37.94,145.16,32.63,video_3,0.7,Assembly Work,0.0,123.3,True,0.63,116.64
12.27,2.0,56.59,1320,yt_03_001320.jpg,56.59,171.97,137.29,True,121.45,136.84,112.05,video_3,0.7,Assembly Work,0.0,173.49,True,17.24,14.62
9.69,2.0,43.27,1380,yt_03_001380.jpg,43.27,151.01,9.85,True,80.61,110.2,100.0,video_3,0.7,Assembly Work,0.0,166.71,True,13.6,79.93
9.25,2.0,1.93,1440,yt_03_001440.jpg,1.93,127.37,162.73,True,96.96,155.84,3.84,video_3,0.7,Assembly Work,0.0,38.79,True,2.71,24.47
22.81,2.0,33.03,1500,yt_03_001500.jpg,33.03,82.19,166.58,True,145.95,173.18,0.3,video_3,0.7,Assembly Work,0.0,146.83,True,3.47,130.35
23.27,2.0,10.52,1560,yt_03_001560.jpg,10.52,107.8,166.12,True,158.09,170.48,17.81,video_3,0.7,Assembly Work,0.0,147.79,True,5.42,90.29
23.5,2.0,4.1,1620,yt_03_001620.jpg,4.1,107.01,150.04,True,162.14,164.18,13.22,video_3,0.7,Assembly Work,0.0,149.75,True,6.72,88.62
17.27,2.0,86.69,1680,yt_03_001680.jpg,86.69,95.8,70.55,True,131.16,84.26,4.85,video_3,0.7,Assembly Work,0.0,168.05,True,16.36,73.81
16.01,2.0,74.93,1740,yt_03_001740.jpg,74.93,137.8,74.04,True,124.1,75.13,26.74,video_3,0.7,Assembly Work,0.0,165.48,True,14.23,93.29
14.48,2.0,67.53,1800,yt_03_001800.jpg,67.53,166.1,72.11,True,140.31,85.69,13.95,video_3,0.7,Assembly Work,0.0,174.87,True,14.85,74.0
10.84,2.0,45.14,1860,yt_03_001860.jpg,45.14,70.71,65.09,True,121.28,134.37,75.75,video_3,0.7,Assembly Work,0.0,150.5,True,15.57,51.39
4.32,2.0,5.28,1980,yt_03_001980.jpg,5.28,35.82,60.54,True,17.84,104.51,9.68,video_3,0.7,Assembly Work,0.0,89.15,True,1.34,23.76
35.16,2.0,34.65,2220,yt_03_002220.jpg,34.65,38.12,65.73,True,55.42,17.39,149.14,video_3,0.7,Assembly Work,0.0,127.87,True,42.72,72.3
10.01,2.0,29.92,250,yt_04_000250.jpg,29.92,35.49,107.67,True,84.85,118.07,6.34,video_4,0.7,Assembly Work,0.0,128.61,True,0.36,15.67
19.15,2.0,41.32,300,yt_04_000300.jpg,41.32,142.17,127.28,True,154.59,116.74,5.4,video_4,0.7,Assembly Work,0.0,128.34,True,0.93,40.72
18.17,2.0,59.48,350,yt_04_000350.jpg,59.48,151.05,146.62,True,150.83,125.19,1.98,video_4,0.7,Assembly Work,0.0,129.49,True,0.06,95.03
9.39,2.0,8.74,400,yt_04_000400.jpg,8.74,95.2,36.7,True,10.52,148.73,34.32,video_4,0.7,Assembly Work,0.0,71.31,True,4.5,14.39
15.57,2.0,45.33,450,yt_04_000450.jpg,45.33,123.59,26.51,True,81.75,33.55,51.2,video_4,0.7,Assembly Work,0.0,77.42,True,1.15,75.49
25.8,2.0,106.21,550,yt_04_000550.jpg,106.21,174.69,161.02,True,71.15,163.8,62.47,video_4,0.7,Assembly Work,0.0,147.42,True,5.03,197.59
26.3,2.0,125.18,600,yt_04_000600.jpg,125.18,144.7,174.21,True,67.24,172.03,31.31,video_4,0.7,Assembly Work,0.0,158.7,True,1.36,159.89
8.74,2.0,2.63,650,yt_04_000650.jpg,2.63,170.06,98.1,True,65.49,126.29,13.32,video_4,0.7,Assembly Work,0.0,134.02,True,0.25,6.63
5.05,2.0,7.43,700,yt_04_000700.jpg,7.43,109.44,139.54,True,125.16,114.85,21.9,video_4,0.7,Assembly Work,0.0,163.41,True,6.02,11.28
18.02,2.0,93.35,750,yt_04_000750.jpg,93.35,76.76,119.05,True,169.49,102.69,8.28,video_4,0.7,Assembly Work,0.0,169.69,True,13.38,56.81
19.01,2.0,67.81,800,yt_04_000800.jpg,67.81,149.61,98.16,True,123.38,116.76,46.57,video_4,0.7,Assembly Work,0.0,160.3,True,9.7,103.33
15.75,2.0,51.35,850,yt_04_000850.jpg,51.35,47.92,87.35,True,104.84,22.96,120.35,video_4,0.7,Assembly Work,0.0,51.42,True,21.37,52.31
18.65,2.0,90.01,900,yt_04_000900.jpg,90.01,114.84,124.96,True,166.58,90.92,11.7,video_4,0.7,Assembly Work,0.0,121.4,True,3.58,92.38
9.85,2.0,22.46,950,yt_04_000950.jpg,22.46,75.89,39.32,True,47.57,37.12,5.25,video_4,0.7,Assembly Work,0.0,12.09,True,7.92,53.33
28.7,2.0,37.84,1000,yt_04_001000.jpg,37.84,177.73,153.74,True,171.84,158.25,15.97,video_4,0.7,Assembly Work,0.0,147.51,True,0.89,120.3
29.19,2.0,33.45,1050,yt_04_001050.jpg,33.45,176.95,154.66,True,174.18,157.3,24.03,video_4,0.7,Assembly Work,0.0,147.97,True,1.23,119.18
29.24,2.0,39.99,1100,yt_04_001100.jpg,39.99,177.04,157.09,True,170.58,157.61,13.63,video_4,0.7,Assembly Work,0.0,147.75,True,1.18,130.81
8.76,2.0,8.19,1200,yt_04_001200.jpg,8.19,106.73,141.0,True,172.32,94.1,11.32,video_4,0.7,Assembly Work,0.0,83.51,True,8.94,20.97
8.98,2.0,15.25,1250,yt_04_001250.jpg,15.25,60.63,140.42,True,161.23,61.4,32.67,video_4,0.7,Assembly Work,0.0,76.9,True,12.11,44.19
15.19,2.0,13.83,1300,yt_04_001300.jpg,13.83,147.61,30.56,True,32.29,17.58,0.88,video_4,0.7,Assembly Work,0.0,27.58,True,5.02,22.51
9.64,2.0,4.18,1400,yt_04_001400.jpg,4.18,25.16,92.0,True,81.74,159.35,9.31,video_4,0.7,Assembly Work,0.0,151.15,True,1.65,24.75
9.84,2.0,7.12,1450,yt_04_001450.jpg,7.12,31.84,95.83,True,83.57,164.53,12.48,video_4,0.7,Assembly Work,0.0,151.81,True,1.73,23.23
12.22,2.0,0.25,1500,yt_04_001500.jpg,0.25,16.91,132.28,True,78.62,121.03,0.32,video_4,0.7,Assembly Work,0.0,144.36,True,0.2,26.53
11.09,2.0,4.75,1550,yt_04_001550.jpg,4.75,169.55,112.57,True,75.16,130.57,2.77,video_4,0.7,Assembly Work,0.0,140.21,True,0.31,6.04
31.38,2.0,43.01,1600,yt_04_001600.jpg,43.01,177.48,141.36,True,156.42,158.89,16.47,video_4,0.7,Assembly Work,0.0,143.94,True,0.78,97.57
12.24,2.0,2.08,1650,yt_04_001650.jpg,2.08,173.53,55.69,True,18.63,67.22,2.72,video_4,0.7,Assembly Work,0.0,73.55,True,0.55,31.92
11.66,2.0,39.15,1700,yt_04_001700.jpg,39.15,160.68,172.47,True,179.44,159.62,49.14,video_4,0.7,Assembly Work,0.0,151.02,True,9.75,24.66
12.1,2.0,61.7,1750,yt_04_001750.jpg,61.7,77.02,109.11,True,179.67,131.99,2.02,video_4,0.7,Assembly Work,0.0,151.35,True,5.92,44.27
12.54,2.0,64.44,1800,yt_04_001800.jpg,64.44,75.3,96.76,True,172.85,98.19,10.7,video_4,0.7,Assembly Work,0.0,155.54,True,6.8,84.81
12.38,2.0,61.67,1850,yt_04_001850.jpg,61.67,76.22,96.66,True,171.92,100.51,11.04,video_4,0.7,Assembly Work,0.0,154.53,True,6.36,82.05
12.36,2.0,61.5,1900,yt_04_001900.jpg,61.5,77.5,99.04,True,171.78,98.76,12.63,video_4,0.7,Assembly Work,0.0,154.79,True,6.25,85.04
13.86,2.0,50.29,1950,yt_04_001950.jpg,50.29,165.19,57.75,True,149.45,56.18,0.93,video_4,0.7,Assembly Work,0.0,118.11,True,1.86,97.93
14.17,2.0,53.11,2000,yt_04_002000.jpg,53.11,165.36,58.84,True,150.36,59.49,0.97,video_4,0.7,Assembly Work,0.0,118.42,True,1.92,93.47
13.59,2.0,51.17,2050,yt_04_002050.jpg,51.17,170.23,57.66,True,146.91,54.59,1.18,video_4,0.7,Assembly Work,0.0,117.75,True,2.27,98.66
13.25,2.0,48.82,2100,yt_04_002100.jpg,48.82,168.25,59.21,True,142.77,58.47,2.36,video_4,0.7,Assembly Work,0.0,118.95,True,1.61,84.84
12.71,2.0,59.72,2200,yt_04_002200.jpg,59.72,67.4,101.64,True,171.35,96.16,11.05,video_4,0.7,Assembly Work,0.0,156.77,True,7.47,88.28
12.29,2.0,63.78,2250,yt_04_002250.jpg,63.78,74.79,98.48,True,176.64,94.28,13.85,video_4,0.7,Assembly Work,0.0,153.88,True,6.21,88.92
12.18,2.0,62.66,2300,yt_04_002300.jpg,62.66,80.24,104.18,True,176.73,104.45,4.32,video_4,0.7,Assembly Work,0.0,151.97,True,5.8,90.08
12.17,2.0,63.59,2350,yt_04_002350.jpg,63.59,77.91,100.74,True,176.93,99.28,6.96,video_4,0.7,Assembly Work,0.0,153.68,True,6.16,86.8
13.93,2.0,51.17,2400,yt_04_002400.jpg,51.17,162.91,57.52,True,150.73,60.15,0.43,video_4,0.7,Assembly Work,0.0,118.73,True,1.53,98.02
19.94,2.0,118.28,2450,yt_04_002450.jpg,118.28,110.89,113.52,True,175.34,120.03,20.12,video_4,0.7,Assembly Work,0.0,135.33,True,6.06,118.95
11.19,2.0,77.22,2500,yt_04_002500.jpg,77.22,62.76,97.94,True,146.66,94.0,34.07,video_4,0.7,Assembly Work,0.0,141.53,True,5.55,97.9
27.32,2.0,10.33,2550,yt_04_002550.jpg,10.33,178.06,156.3,True,179.66,153.8,18.64,video_4,0.7,Assembly Work,0.0,146.82,True,1.42,126.52
28.95,2.0,20.14,2600,yt_04_002600.jpg,20.14,176.83,150.07,True,175.04,156.07,10.87,video_4,0.7,Assembly Work,0.0,146.8,True,1.3,119.81
1.63,2.0,16.68,2650,yt_04_002650.jpg,16.68,43.04,119.06,True,122.83,72.0,19.42,video_4,0.7,Assembly Work,0.0,74.46,True,1.13,34.15
8.63,2.0,25.72,2700,yt_04_002700.jpg,25.72,175.1,133.98,True,99.47,151.16,1.24,video_4,0.7,Assembly Work,0.0,135.41,True,0.94,56.02
9.96,2.0,23.33,2750,yt_04_002750.jpg,23.33,176.51,145.57,True,107.32,150.33,12.1,video_4,0.7,Assembly Work,0.0,132.81,True,0.42,71.41
10.04,2.0,62.79,2800,yt_04_002800.jpg,62.79,46.71,165.98,True,0.46,159.55,9.85,video_4,0.7,Assembly Work,0.0,106.21,True,2.51,26.06
11.82,2.0,26.18,2950,yt_04_002950.jpg,26.18,164.12,153.58,True,84.56,175.95,12.56,video_4,0.7,Assembly Work,0.0,160.28,True,18.48,16.88
12.4,2.0,64.46,3050,yt_04_003050.jpg,64.46,70.85,105.94,True,179.06,110.47,2.03,video_4,0.7,Assembly Work,0.0,153.19,True,6.17,81.39
11.73,2.0,49.01,3100,yt_04_003100.jpg,49.01,55.56,90.32,True,179.92,92.91,1.78,video_4,0.7,Assembly Work,0.0,130.23,True,2.52,68.72
11.41,2.0,48.79,3150,yt_04_003150.jpg,48.79,70.05,89.09,True,179.51,93.39,0.49,video_4,0.7,Assembly Work,0.0,129.73,True,2.5,67.61
18.93,2.0,101.69,3250,yt_04_003250.jpg,101.69,121.37,83.0,True,176.37,56.21,59.8,video_4,0.7,Assembly Work,0.0,111.74,True,3.4,154.38
17.67,2.0,77.14,3300,yt_04_003300.jpg,77.14,130.86,114.05,True,165.93,102.74,27.54,video_4,0.7,Assembly Work,0.0,141.48,True,8.18,68.56
21.11,2.0,107.83,3350,yt_04_003350.jpg,107.83,84.03,105.46,True,168.84,65.18,13.4,video_4,0.7,Assembly Work,0.0,140.33,True,11.61,126.09
12.19,2.0,57.86,3550,yt_04_003550.jpg,57.86,83.01,99.34,True,170.57,95.33,11.33,video_4,0.7,Assembly Work,0.0,152.59,True,5.78,85.78
8.46,2.0,41.31,3600,yt_04_003600.jpg,41.31,172.73,57.52,True,178.0,57.41,2.0,video_4,0.7,Assembly Work,0.0,136.6,True,3.06,62.08
9.54,2.0,35.73,3650,yt_04_003650.jpg,35.73,160.99,55.44,True,162.56,74.16,14.03,video_4,0.7,Assembly Work,0.0,146.61,True,4.35,39.51
8.57,2.0,35.35,3700,yt_04_003700.jpg,35.35,162.18,69.53,True,176.9,70.02,8.29,video_4,0.7,Assembly Work,0.0,144.74,True,4.36,52.01
11.79,2.0,54.72,3750,yt_04_003750.jpg,54.72,172.99,41.23,True,32.67,80.49,15.37,video_4,0.7,Assembly Work,0.0,132.52,True,3.06,36.84
14.53,2.0,22.02,3800,yt_04_003800.jpg,22.02,167.01,110.31,True,132.94,74.2,4.95,video_4,0.7,Assembly Work,0.0,134.8,True,3.18,30.73
6.2,2.0,13.57,3850,yt_04_003850.jpg,13.57,163.79,164.86,True,143.3,101.48,42.39,video_4,0.7,Assembly Work,0.0,101.78,True,1.4,36.99
20.19,2.0,128.83,3900,yt_04_003900.jpg,128.83,96.97,115.22,True,169.68,97.91,66.9,video_4,0.7,Assembly Work,0.0,151.2,True,10.94,111.74
12.12,2.0,48.94,150,yt_05_000150.jpg,48.94,67.73,112.61,True,158.41,106.17,16.65,video_5,0.7,Neutral Standing,0.0,138.83,True,1.11,56.05
11.7,2.0,50.8,200,yt_05_000200.jpg,50.8,32.89,80.45,True,166.27,88.1,9.44,video_5,0.7,Neutral Standing,0.0,146.64,True,3.77,42.03
10.75,2.0,41.62,250,yt_05_000250.jpg,41.62,75.9,112.39,True,150.35,110.2,4.85,video_5,0.7,Neutral Standing,0.0,137.67,True,0.91,39.36
10.84,2.0,2.83,300,yt_05_000300.jpg,2.83,26.79,128.66,True,85.51,137.91,0.86,video_5,0.7,Neutral Standing,0.0,155.26,True,3.43,12.56
10.19,2.0,11.7,350,yt_05_000350.jpg,11.7,164.46,123.02,True,135.61,83.61,16.14,video_5,0.7,Neutral Standing,0.0,131.16,True,1.53,19.7
11.17,2.0,36.78,400,yt_05_000400.jpg,36.78,169.23,110.0,True,78.56,99.97,6.45,video_5,0.7,Neutral Standing,0.0,122.87,True,0.71,33.04
12.53,2.0,12.42,450,yt_05_000450.jpg,12.42,178.48,117.21,True,119.41,115.24,3.91,video_5,0.7,Neutral Standing,0.0,126.05,True,1.33,21.28
10.0,2.0,1.76,500,yt_05_000500.jpg,1.76,171.95,46.14,True,167.48,10.15,1.0,video_5,0.7,Neutral Standing,0.0,120.35,True,0.41,37.51
10.05,2.0,62.4,550,yt_05_000550.jpg,62.4,165.28,160.45,True,149.35,155.19,20.95,video_5,0.7,Neutral Standing,0.0,175.67,True,9.85,24.93
11.55,2.0,51.48,600,yt_05_000600.jpg,51.48,35.79,138.76,True,163.72,138.75,24.75,video_5,0.7,Neutral Standing,0.0,167.86,True,7.35,12.78
11.1,2.0,49.29,650,yt_05_000650.jpg,49.29,59.74,101.41,True,157.44,95.21,24.12,video_5,0.7,Neutral Standing,0.0,151.32,True,4.84,56.25
12.1,2.0,60.74,700,yt_05_000700.jpg,60.74,98.86,76.72,True,168.47,78.06,14.5,video_5,0.7,Neutral Standing,0.0,140.02,True,2.85,63.32
11.12,2.0,55.18,2200,yt_05_002200.jpg,55.18,103.65,117.88,True,167.39,115.82,20.45,video_5,0.7,Neutral Standing,0.0,139.67,True,1.25,58.75
11.23,2.0,52.16,2250,yt_05_002250.jpg,52.16,62.92,91.99,True,172.65,102.99,8.99,video_5,0.7,Neutral Standing,0.0,150.43,True,4.38,59.81
11.41,2.0,48.72,2300,yt_05_002300.jpg,48.72,127.6,110.45,True,149.21,115.87,5.83,video_5,0.7,Neutral Standing,0.0,138.26,True,1.27,28.14
10.13,2.0,0.61,2350,yt_05_002350.jpg,0.61,157.58,114.22,True,74.26,136.19,7.37,video_5,0.7,Neutral Standing,0.0,139.71,True,0.96,25.73
9.56,2.0,5.5,2400,yt_05_002400.jpg,5.5,165.23,98.05,True,156.2,70.2,6.08,video_5,0.7,Neutral Standing,0.0,124.61,True,0.46,17.12
10.59,2.0,5.22,2450,yt_05_002450.jpg,5.22,166.48,126.5,True,124.95,109.76,2.02,video_5,0.7,Neutral Standing,0.0,121.33,True,0.78,41.12
10.59,2.0,23.2,2500,yt_05_002500.jpg,23.2,165.07,115.49,True,95.82,114.34,7.8,video_5,0.7,Neutral Standing,0.0,121.21,True,0.87,33.16
10.85,2.0,32.26,2550,yt_05_002550.jpg,32.26,164.48,108.24,True,88.31,111.7,7.98,video_5,0.7,Neutral Standing,0.0,120.18,True,1.06,35.86
10.67,2.0,22.16,2600,yt_05_002600.jpg,22.16,161.99,121.36,True,96.3,109.95,7.25,video_5,0.7,Neutral Standing,0.0,122.2,True,0.65,34.62
11.68,2.0,22.19,2650,yt_05_002650.jpg,22.19,176.21,123.88,True,105.78,108.22,3.5,video_5,0.7,Neutral Standing,0.0,128.16,True,1.58,45.45
11.93,2.0,12.65,2700,yt_05_002700.jpg,12.65,168.38,105.73,True,108.02,106.95,1.43,video_5,0.7,Neutral Standing,0.0,129.1,True,1.28,48.31
12.09,2.0,10.68,2750,yt_05_002750.jpg,10.68,172.9,107.39,True,108.87,109.13,3.0,video_5,0.7,Neutral Standing,0.0,127.86,True,1.04,45.99
12.59,2.0,7.83,2800,yt_05_002800.jpg,7.83,179.08,97.92,True,169.65,53.95,12.46,video_5,0.7,Neutral Standing,0.0,122.18,True,1.19,3.0
11.65,2.0,14.77,2850,yt_05_002850.jpg,14.77,170.84,76.93,True,177.53,26.35,12.39,video_5,0.7,Neutral Standing,0.0,120.38,True,0.83,12.9
11.65,2.0,14.65,2900,yt_05_002900.jpg,14.65,170.43,76.93,True,177.33,26.31,12.24,video_5,0.7,Neutral Standing,0.0,120.38,True,0.74,12.83
11.91,2.0,14.89,2950,yt_05_002950.jpg,14.89,171.04,82.22,True,169.34,26.56,14.11,video_5,0.7,Neutral Standing,0.0,121.48,True,1.3,18.07
9.85,2.0,56.65,3000,yt_05_003000.jpg,56.65,166.91,106.94,True,175.98,137.32,23.42,video_5,0.7,Neutral Standing,0.0,149.9,True,4.69,23.76
10.15,2.0,55.59,3050,yt_05_003050.jpg,55.59,160.31,130.49,True,169.6,131.75,24.15,video_5,0.7,Neutral Standing,0.0,172.35,True,11.06,30.41
9.94,2.0,56.22,3100,yt_05_003100.jpg,56.22,152.23,132.45,True,169.88,138.11,27.55,video_5,0.7,Neutral Standing,0.0,171.59,True,10.99,33.15
9.91,2.0,48.57,3150,yt_05_003150.jpg,48.57,137.81,129.47,True,175.17,130.64,21.8,video_5,0.7,Neutral Standing,0.0,171.7,True,10.92,31.01
9.88,2.0,55.72,3200,yt_05_003200.jpg,55.72,155.11,159.75,True,144.61,132.55,10.25,video_5,0.7,Neutral Standing,0.0,149.02,True,5.14,25.48
11.27,2.0,40.62,3250,yt_05_003250.jpg,40.62,62.71,133.66,True,162.27,130.67,15.1,video_5,0.7,Neutral Standing,0.0,160.9,True,5.46,35.36
11.15,2.0,52.62,3300,yt_05_003300.jpg,52.62,112.21,114.25,True,165.22,118.38,12.1,video_5,0.7,Neutral Standing,0.0,141.49,True,2.33,38.63
12.27,2.0,50.68,3350,yt_05_003350.jpg,50.68,133.14,108.81,True,151.17,93.99,19.35,video_5,0.7,Neutral Standing,0.0,132.24,True,0.4,66.37
11.66,2.0,49.79,3400,yt_05_003400.jpg,49.79,81.82,106.05,True,163.27,96.52,13.91,video_5,0.7,Neutral Standing,0.0,137.83,True,1.67,62.25
11.66,2.0,49.92,3450,yt_05_003450.jpg,49.92,132.93,92.01,True,160.19,100.04,15.45,video_5,0.7,Neutral Standing,0.0,138.37,True,2.06,55.81
10.28,2.0,67.92,3500,yt_05_003500.jpg,67.92,105.5,85.79,True,172.28,89.37,0.81,video_5,0.7,Neutral Standing,0.0,130.07,True,0.76,58.18
10.65,2.0,54.74,3600,yt_05_003600.jpg,54.74,122.23,74.91,True,178.18,103.32,9.05,video_5,0.7,Neutral Standing,0.0,145.27,True,3.63,50.88
11.35,2.0,57.41,3650,yt_05_003650.jpg,57.41,80.29,100.89,True,170.02,107.18,16.12,video_5,0.7,Neutral Standing,0.0,141.9,True,2.89,56.99
12.09,2.0,55.16,3700,yt_05_003700.jpg,55.16,111.58,113.32,True,163.03,79.0,22.79,video_5,0.7,Neutral Standing,0.0,135.34,True,1.0,58.98
12.07,2.0,61.21,3750,yt_05_003750.jpg,61.21,125.49,120.58,True,161.15,116.28,20.22,video_5,0.7,Neutral Standing,0.0,135.29,True,0.84,75.07
12.19,2.0,59.62,3800,yt_05_003800.jpg,59.62,139.91,119.16,True,161.67,89.27,24.11,video_5,0.7,Neutral Standing,0.0,136.54,True,1.29,62.79
12.35,2.0,60.57,3850,yt_05_003850.jpg,60.57,127.54,105.08,True,164.43,105.51,21.48,video_5,0.7,Neutral Standing,0.0,136.73,True,1.48,69.51
11.91,2.0,51.3,3900,yt_05_003900.jpg,51.3,122.09,103.4,True,163.52,98.98,6.74,video_5,0.7,Neutral Standing,0.0,140.26,True,2.35,59.13
5.15,2.0,23.94,177,yt_06_000177.jpg,23.94,157.37,87.74,True,73.78,162.41,23.05,video_6,0.7,Neutral Standing,0.0,161.98,True,4.4,8.77
15.71,2.0,39.65,354,yt_06_000354.jpg,39.65,63.85,17.53,True,89.6,148.92,12.79,video_6,0.7,Neutral Standing,0.0,156.64,True,6.79,93.14
5.78,2.0,2.2,472,yt_06_000472.jpg,2.2,48.81,53.11,True,5.41,5.68,9.83,video_6,0.7,Neutral Standing,0.0,2.46,True,4.02,9.75
23.77,2.0,66.89,649,yt_06_000649.jpg,66.89,170.21,112.26,True,113.44,137.34,159.57,video_6,0.7,Neutral Standing,0.0,159.16,True,33.09,53.21
12.89,2.0,56.43,708,yt_06_000708.jpg,56.43,83.88,126.13,True,94.07,134.42,8.01,video_6,0.7,Neutral Standing,0.0,177.97,True,3.09,50.53
12.5,2.0,58.61,767,yt_06_000767.jpg,58.61,99.76,118.37,True,98.68,124.26,7.98,video_6,0.7,Neutral Standing,0.0,178.2,True,3.99,49.23
17.14,2.0,55.05,826,yt_06_000826.jpg,55.05,168.73,133.01,True,61.02,136.6,32.58,video_6,0.7,Neutral Standing,0.0,145.84,True,3.01,67.74
14.62,2.0,78.73,885,yt_06_000885.jpg,78.73,165.91,123.38,True,67.55,117.21,24.43,video_6,0.7,Neutral Standing,0.0,133.08,True,1.86,82.44
13.0,2.0,1.48,944,yt_06_000944.jpg,1.48,80.42,168.36,True,129.71,154.44,0.97,video_6,0.7,Neutral Standing,0.0,150.6,True,0.98,3.94
11.14,2.0,11.16,1062,yt_06_001062.jpg,11.16,99.69,11.7,True,132.41,5.78,34.31,video_6,0.7,Neutral Standing,0.0,89.11,True,6.92,28.59
15.63,2.0,4.25,1121,yt_06_001121.jpg,4.25,158.55,115.48,True,151.83,93.9,12.62,video_6,0.7,Neutral Standing,0.0,114.19,True,2.59,35.64
12.3,2.0,56.11,1239,yt_06_001239.jpg,56.11,166.74,175.07,True,97.32,177.2,5.75,video_6,0.7,Neutral Standing,0.0,177.32,True,2.82,33.57
12.27,2.0,54.81,1298,yt_06_001298.jpg,54.81,163.48,175.65,True,97.7,177.25,5.31,video_6,0.7,Neutral Standing,0.0,177.22,True,2.79,33.39
12.31,2.0,25.82,1357,yt_06_001357.jpg,25.82,166.15,152.43,True,115.05,166.2,10.32,video_6,0.7,Neutral Standing,0.0,161.55,True,1.49,11.94
9.59,2.0,41.98,1416,yt_06_001416.jpg,41.98,68.69,156.07,True,71.21,154.18,1.84,video_6,0.7,Neutral Standing,0.0,134.96,True,0.69,35.96
9.41,2.0,44.24,1475,yt_06_001475.jpg,44.24,79.46,154.23,True,73.39,133.46,13.3,video_6,0.7,Neutral Standing,0.0,133.33,True,0.41,34.68
9.17,2.0,35.13,1534,yt_06_001534.jpg,35.13,76.42,149.96,True,101.87,137.18,10.9,video_6,0.7,Neutral Standing,0.0,128.87,True,0.75,31.82
11.51,2.0,50.1,1947,yt_06_001947.jpg,50.1,139.06,142.3,True,177.4,79.23,8.35,video_6,0.7,Neutral Standing,0.0,121.42,True,2.79,19.52
15.11,2.0,13.51,2006,yt_06_002006.jpg,13.51,53.78,119.03,True,163.72,92.31,11.07,video_6,0.7,Neutral Standing,0.0,116.85,True,0.3,6.92
15.42,2.0,52.44,2537,yt_06_002537.jpg,52.44,161.12,140.12,True,96.44,137.93,3.31,video_6,0.7,Neutral Standing,0.0,143.79,True,0.54,78.53
15.79,2.0,47.15,2596,yt_06_002596.jpg,47.15,170.56,151.24,True,102.35,140.54,6.68,video_6,0.7,Neutral Standing,0.0,142.69,True,0.65,88.82
15.7,2.0,48.03,2655,yt_06_002655.jpg,48.03,137.84,151.97,True,95.81,141.79,2.85,video_6,0.7,Neutral Standing,0.0,144.83,True,0.53,84.12
15.96,2.0,53.85,2714,yt_06_002714.jpg,53.85,141.92,174.84,True,177.43,62.96,17.57,video_6,0.7,Neutral Standing,0.0,159.8,True,6.04,125.03
12.9,2.0,10.66,2832,yt_06_002832.jpg,10.66,172.83,87.52,True,74.46,95.91,9.16,video_6,0.7,Neutral Standing,0.0,18.35,True,24.4,31.39
11.84,2.0,32.75,2950,yt_06_002950.jpg,32.75,166.43,101.98,True,87.45,107.43,20.47,video_6,0.7,Neutral Standing,0.0,164.36,True,19.07,24.86
13.65,2.0,57.7,3009,yt_06_003009.jpg,57.7,177.23,114.81,True,14.13,112.7,26.49,video_6,0.7,Neutral Standing,0.0,26.09,True,21.11,16.07
9.62,2.0,26.7,3068,yt_06_003068.jpg,26.7,179.53,57.75,True,104.43,169.36,10.19,video_6,0.7,Neutral Standing,0.0,171.91,True,15.4,49.43
16.3,2.0,33.57,3245,yt_06_003245.jpg,33.57,54.58,105.33,True,70.98,102.65,0.68,video_6,0.7,Neutral Standing,0.0,111.12,True,20.91,69.37
10.34,2.0,1.8,3304,yt_06_003304.jpg,1.8,106.34,142.16,True,142.86,145.98,71.04,video_6,0.7,Neutral Standing,0.0,162.42,True,17.13,35.56
22.38,2.0,82.18,3363,yt_06_003363.jpg,82.18,165.02,63.5,True,81.14,4.02,147.78,video_6,0.7,Neutral Standing,0.0,46.65,True,32.59,33.14
10.37,2.0,6.73,3422,yt_06_003422.jpg,6.73,64.1,43.54,True,7.28,157.0,24.66,video_6,0.7,Neutral Standing,0.0,72.9,True,0.84,34.9
28.72,2.0,59.11,3540,yt_06_003540.jpg,59.11,115.65,74.99,True,139.78,53.87,85.65,video_6,0.7,Neutral Standing,0.0,85.57,True,26.6,201.89
9.11,2.0,4.08,3599,yt_06_003599.jpg,4.08,164.6,30.61,True,52.81,37.97,11.24,video_6,0.7,Neutral Standing,0.0,54.24,True,1.6,7.12
13.69,2.0,63.01,3717,yt_06_003717.jpg,63.01,134.13,91.89,True,17.28,90.14,7.61,video_6,0.7,Neutral Standing,0.0,54.06,True,18.43,15.2
12.37,2.0,66.61,3776,yt_06_003776.jpg,66.61,37.23,3.19,True,127.41,12.8,38.79,video_6,0.7,Neutral Standing,0.0,53.64,True,8.6,74.48
5.22,2.0,21.25,3835,yt_06_003835.jpg,21.25,157.46,34.54,True,99.0,37.97,7.54,video_6,0.7,Neutral Standing,0.0,95.1,True,3.49,24.25
9.48,2.0,61.44,4071,yt_06_004071.jpg,61.44,142.1,106.5,True,87.32,152.89,91.75,video_6,0.7,Neutral Standing,0.0,169.67,True,6.94,53.88
9.17,2.0,36.5,4130,yt_06_004130.jpg,36.5,176.42,98.34,True,111.2,112.14,57.17,video_6,0.7,Neutral Standing,0.0,162.14,True,9.14,21.4
8.6,2.0,37.41,4189,yt_06_004189.jpg,37.41,158.88,110.76,True,87.97,124.38,99.89,video_6,0.7,Neutral Standing,0.0,174.79,True,8.18,28.28
14.7,2.0,30.95,4248,yt_06_004248.jpg,30.95,167.44,155.11,True,162.23,160.14,23.85,video_6,0.7,Neutral Standing,0.0,172.81,True,0.89,66.01
13.86,2.0,49.92,4307,yt_06_004307.jpg,49.92,137.78,110.65,True,145.26,176.91,34.91,video_6,0.7,Neutral Standing,0.0,167.7,True,1.02,105.08
7.85,2.0,15.89,4366,yt_06_004366.jpg,15.89,169.65,156.58,True,152.71,140.95,28.87,video_6,0.7,Neutral Standing,0.0,155.92,True,3.8,16.94
16.5,2.0,79.18,4425,yt_06_004425.jpg,79.18,110.91,95.17,True,179.38,110.48,6.52,video_6,0.7,Neutral Standing,0.0,121.68,True,2.49,61.92
12.91,2.0,8.76,4543,yt_06_004543.jpg,8.76,174.25,115.75,True,98.7,128.27,28.23,video_6,0.7,Neutral Standing,0.0,159.58,True,2.92,18.83
13.21,2.0,10.48,4602,yt_06_004602.jpg,10.48,161.81,128.85,True,95.44,143.12,24.56,video_6,0.7,Neutral Standing,0.0,165.31,True,3.03,30.9
13.58,2.0,7.18,4661,yt_06_004661.jpg,7.18,144.01,121.78,True,94.78,140.34,26.65,video_6,0.7,Neutral Standing,0.0,162.17,True,3.53,33.2
20.17,2.0,108.13,5074,yt_06_005074.jpg,108.13,143.23,167.52,True,69.75,163.02,83.08,video_6,0.7,Neutral Standing,0.0,158.83,True,0.19,74.9
24.77,2.0,98.27,5133,yt_06_005133.jpg,98.27,71.54,167.27,True,81.5,178.35,27.33,video_6,0.7,Neutral Standing,0.0,165.02,True,1.46,92.87
12.7,2.0,46.46,5369,yt_06_005369.jpg,46.46,120.03,166.77,True,152.27,162.64,14.28,video_6,0.7,Neutral Standing,0.0,177.69,True,16.26,12.89
16.09,2.0,21.62,5428,yt_06_005428.jpg,21.62,94.14,133.21,True,136.26,95.54,0.42,video_6,0.7,Neutral Standing,0.0,106.59,True,0.18,37.26
6.24,2.0,15.16,236,yt_07_000236.jpg,15.16,166.83,135.96,True,158.59,116.44,1.07,video_7,0.7,Lifting / Picking,0.0,117.05,True,0.73,37.5
7.23,2.0,4.7,295,yt_07_000295.jpg,4.7,120.7,150.7,True,171.84,112.56,10.98,video_7,0.7,Lifting / Picking,0.0,128.23,True,0.5,38.49
7.38,2.0,32.21,354,yt_07_000354.jpg,32.21,161.57,158.98,True,133.5,97.83,0.77,video_7,0.7,Lifting / Picking,0.0,122.04,True,0.76,7.51
6.32,2.0,8.45,413,yt_07_000413.jpg,8.45,162.49,157.96,True,167.09,108.67,9.2,video_7,0.7,Lifting / Picking,0.0,124.5,True,0.46,28.41
6.75,2.0,9.16,472,yt_07_000472.jpg,9.16,161.56,149.76,True,158.2,126.46,16.44,video_7,0.7,Lifting / Picking,0.0,132.44,True,1.47,26.55
5.57,2.0,39.23,531,yt_07_000531.jpg,39.23,142.65,120.81,True,33.23,128.97,25.47,video_7,0.7,Lifting / Picking,0.0,103.56,True,3.48,35.55
4.52,2.0,7.2,590,yt_07_000590.jpg,7.2,110.78,137.4,True,177.69,117.54,15.71,video_7,0.7,Lifting / Picking,0.0,121.83,True,0.32,23.38
6.21,2.0,22.14,649,yt_07_000649.jpg,22.14,172.52,145.49,True,143.75,122.68,3.2,video_7,0.7,Lifting / Picking,0.0,115.01,True,1.85,38.44
6.59,2.0,8.26,708,yt_07_000708.jpg,8.26,167.87,146.24,True,161.88,109.64,9.97,video_7,0.7,Lifting / Picking,0.0,127.23,True,0.72,26.5
7.25,2.0,25.55,767,yt_07_000767.jpg,25.55,143.43,159.46,True,155.31,117.95,18.68,video_7,0.7,Lifting / Picking,0.0,132.7,True,1.48,15.22
5.81,2.0,27.59,826,yt_07_000826.jpg,27.59,166.2,149.22,True,142.35,130.08,17.13,video_7,0.7,Lifting / Picking,0.0,131.62,True,1.17,28.59
6.22,2.0,3.84,885,yt_07_000885.jpg,3.84,158.82,134.91,True,175.2,98.43,7.34,video_7,0.7,Lifting / Picking,0.0,118.74,True,0.32,21.28
5.82,2.0,18.77,944,yt_07_000944.jpg,18.77,156.16,145.43,True,175.14,119.67,13.58,video_7,0.7,Lifting / Picking,0.0,122.13,True,0.08,32.24
7.71,2.0,12.87,1003,yt_07_001003.jpg,12.87,175.7,137.38,True,171.09,115.65,14.6,video_7,0.7,Lifting / Picking,0.0,131.3,True,1.97,17.21
7.05,2.0,16.44,1062,yt_07_001062.jpg,16.44,178.91,158.55,True,156.91,109.57,19.28,video_7,0.7,Lifting / Picking,0.0,135.9,True,2.55,11.37
6.94,2.0,10.73,1121,yt_07_001121.jpg,10.73,170.63,158.81,True,175.57,85.3,4.09,video_7,0.7,Lifting / Picking,0.0,114.81,True,0.64,26.53
7.09,2.0,19.47,1180,yt_07_001180.jpg,19.47,175.65,127.22,True,164.96,104.37,14.4,video_7,0.7,Lifting / Picking,0.0,127.68,True,1.77,36.83
6.25,2.0,25.3,1239,yt_07_001239.jpg,25.3,163.23,161.42,True,165.68,101.04,3.42,video_7,0.7,Lifting / Picking,0.0,112.23,True,1.18,26.41
7.56,2.0,11.94,1298,yt_07_001298.jpg,11.94,173.27,150.8,True,175.49,94.51,12.49,video_7,0.7,Lifting / Picking,0.0,125.13,True,1.22,26.57
7.63,2.0,22.27,1357,yt_07_001357.jpg,22.27,162.1,148.34,True,164.36,105.1,17.58,video_7,0.7,Lifting / Picking,0.0,130.62,True,1.71,11.94
5.24,2.0,30.41,1416,yt_07_001416.jpg,30.41,169.79,164.89,True,66.04,94.06,0.41,video_7,0.7,Lifting / Picking,0.0,98.99,True,2.88,30.9
7.34,2.0,12.94,1475,yt_07_001475.jpg,12.94,161.38,136.38,True,177.63,94.61,10.75,video_7,0.7,Lifting / Picking,0.0,126.17,True,1.08,30.23
8.49,2.0,1.71,1534,yt_07_001534.jpg,1.71,166.67,159.51,True,177.38,113.36,12.16,video_7,0.7,Lifting / Picking,0.0,133.96,True,1.87,28.75
5.01,2.0,8.16,1593,yt_07_001593.jpg,8.16,171.3,122.27,True,173.17,106.86,8.62,video_7,0.7,Lifting / Picking,0.0,114.73,True,0.42,24.12
7.52,2.0,29.52,1652,yt_07_001652.jpg,29.52,176.3,132.33,True,159.94,111.76,21.96,video_7,0.7,Lifting / Picking,0.0,139.56,True,2.93,24.67
6.53,2.0,25.96,1711,yt_07_001711.jpg,25.96,175.51,162.04,True,157.16,67.97,8.62,video_7,0.7,Lifting / Picking,0.0,106.44,True,2.52,40.61
6.62,2.0,7.25,1770,yt_07_001770.jpg,7.25,176.01,142.95,True,172.29,98.14,11.97,video_7,0.7,Lifting / Picking,0.0,130.92,True,2.21,19.98
7.91,2.0,2.65,1829,yt_07_001829.jpg,2.65,178.88,145.21,True,179.24,108.89,16.11,video_7,0.7,Lifting / Picking,0.0,132.05,True,2.29,39.33
7.09,2.0,20.46,1888,yt_07_001888.jpg,20.46,179.2,134.85,True,154.25,88.06,9.25,video_7,0.7,Lifting / Picking,0.0,118.67,True,0.32,39.74
6.54,2.0,19.08,1947,yt_07_001947.jpg,19.08,176.62,111.87,True,160.05,100.54,8.92,video_7,0.7,Lifting / Picking,0.0,102.11,True,2.89,25.38
8.69,2.0,15.73,2006,yt_07_002006.jpg,15.73,173.26,140.75,True,172.15,88.06,17.99,video_7,0.7,Lifting / Picking,0.0,135.34,True,3.14,47.41
6.23,2.0,32.77,2065,yt_07_002065.jpg,32.77,174.38,141.32,True,127.87,60.78,31.9,video_7,0.7,Lifting / Picking,0.0,91.92,True,4.19,31.35
8.81,2.0,14.86,2124,yt_07_002124.jpg,14.86,162.8,145.47,True,172.59,110.11,7.04,video_7,0.7,Lifting / Picking,0.0,125.29,True,1.12,32.78
9.12,2.0,24.78,2183,yt_07_002183.jpg,24.78,174.67,145.45,True,162.82,112.57,22.56,video_7,0.7,Lifting / Picking,0.0,144.87,True,5.06,30.18
8.14,2.0,28.59,2242,yt_07_002242.jpg,28.59,177.11,146.16,True,131.3,108.08,0.82,video_7,0.7,Lifting / Picking,0.0,128.25,True,0.46,45.53
5.15,2.0,9.96,2301,yt_07_002301.jpg,9.96,155.29,129.77,True,172.64,99.24,3.04,video_7,0.7,Lifting / Picking,0.0,124.97,True,1.24,26.19
6.69,2.0,23.42,2360,yt_07_002360.jpg,23.42,165.95,109.32,True,161.32,104.78,14.73,video_7,0.7,Lifting / Picking,0.0,133.39,True,2.08,23.08
4.72,2.0,21.39,2419,yt_07_002419.jpg,21.39,85.37,108.24,True,137.0,87.82,0.97,video_7,0.7,Lifting / Picking,0.0,114.08,True,0.6,18.6
6.8,2.0,11.14,2478,yt_07_002478.jpg,11.14,176.15,140.26,True,173.32,107.07,16.55,video_7,0.7,Lifting / Picking,0.0,126.48,True,1.16,28.43
3.42,2.0,21.16,2537,yt_07_002537.jpg,21.16,139.67,125.39,True,175.17,99.7,10.2,video_7,0.7,Lifting / Picking,0.0,101.75,True,1.56,27.47
7.8,2.0,32.74,2596,yt_07_002596.jpg,32.74,147.38,119.61,True,177.33,124.3,10.6,video_7,0.7,Lifting / Picking,0.0,146.67,True,3.4,49.0
7.82,2.0,21.89,2655,yt_07_002655.jpg,21.89,167.76,153.95,True,163.04,120.53,16.5,video_7,0.7,Lifting / Picking,0.0,140.22,True,2.05,30.02
8.23,2.0,29.52,2950,yt_07_002950.jpg,29.52,144.07,146.55,True,153.39,141.41,24.68,video_7,0.7,Lifting / Picking,0.0,160.15,True,0.81,55.19
11.69,2.0,27.24,3068,yt_07_003068.jpg,27.24,33.72,129.68,True,92.84,179.33,7.08,video_7,0.7,Lifting / Picking,0.0,49.6,True,18.31,55.97
11.69,2.0,27.24,3127,yt_07_003127.jpg,27.24,33.72,129.68,True,92.84,179.33,7.08,video_7,0.7,Lifting / Picking,0.0,49.6,True,18.31,55.97
11.69,2.0,27.24,3186,yt_07_003186.jpg,27.24,33.72,129.68,True,92.84,179.33,7.08,video_7,0.7,Lifting / Picking,0.0,49.6,True,18.31,55.97
12.92,2.0,3.41,59,yt_08_000059.jpg,3.41,176.51,106.29,True,136.97,86.29,1.1,video_8,0.7,Lifting / Picking,0.0,98.04,True,0.32,10.85
11.85,2.0,45.99,118,yt_08_000118.jpg,45.99,155.77,95.87,True,163.38,112.33,2.66,video_8,0.7,Lifting / Picking,0.0,112.69,True,2.66,8.75
13.63,2.0,45.24,177,yt_08_000177.jpg,45.24,168.34,96.01,True,132.68,100.14,11.55,video_8,0.7,Lifting / Picking,0.0,119.22,True,1.41,16.12
18.69,2.0,69.16,236,yt_08_000236.jpg,69.16,160.09,137.72,True,131.19,138.58,81.18,video_8,0.7,Lifting / Picking,0.0,146.44,True,28.03,25.47
11.21,2.0,38.6,295,yt_08_000295.jpg,38.6,120.36,117.17,True,3.41,174.65,21.36,video_8,0.7,Lifting / Picking,0.0,145.67,True,20.22,51.3
12.91,2.0,33.71,413,yt_08_000413.jpg,33.71,170.4,79.16,True,41.15,93.97,1.4,video_8,0.7,Lifting / Picking,0.0,25.56,True,20.5,37.67
17.63,2.0,81.63,590,yt_08_000590.jpg,81.63,130.16,157.89,True,170.85,133.1,70.97,video_8,0.7,Lifting / Picking,0.0,158.89,True,17.76,41.68
10.72,2.0,32.82,649,yt_08_000649.jpg,32.82,164.81,87.17,True,101.64,109.65,0.46,video_8,0.7,Lifting / Picking,0.0,117.77,True,1.95,38.06
14.77,2.0,71.21,767,yt_08_000767.jpg,71.21,158.9,96.95,True,115.59,100.6,1.53,video_8,0.7,Lifting / Picking,0.0,160.57,True,17.61,43.05
14.15,2.0,34.18,885,yt_08_000885.jpg,34.18,150.4,60.85,True,31.21,123.31,60.03,video_8,0.7,Lifting / Picking,0.0,84.1,True,2.88,70.76
18.77,2.0,65.02,1003,yt_08_001003.jpg,65.02,172.62,120.63,True,169.71,84.3,74.69,video_8,0.7,Lifting / Picking,0.0,137.29,True,14.03,100.68
20.95,2.0,52.82,1062,yt_08_001062.jpg,52.82,165.09,142.47,True,177.68,86.18,98.24,video_8,0.7,Lifting / Picking,0.0,136.79,True,12.98,61.56
19.89,2.0,36.37,1121,yt_08_001121.jpg,36.37,87.42,22.88,True,70.0,23.71,115.24,video_8,0.7,Lifting / Picking,0.0,98.92,True,14.24,47.85
19.84,2.0,14.04,1239,yt_08_001239.jpg,14.04,68.94,123.03,True,7.85,167.47,56.41,video_8,0.7,Lifting / Picking,0.0,58.66,True,6.4,65.0
9.28,2.0,16.52,1475,yt_08_001475.jpg,16.52,97.95,151.0,True,6.04,166.43,22.27,video_8,0.7,Lifting / Picking,0.0,16.64,True,5.07,52.42
12.65,2.0,41.63,1593,yt_08_001593.jpg,41.63,165.74,103.93,True,118.88,100.56,13.76,video_8,0.7,Lifting / Picking,0.0,123.23,True,1.43,23.62
14.14,2.0,54.49,1652,yt_08_001652.jpg,54.49,170.22,91.49,True,145.11,98.63,3.69,video_8,0.7,Lifting / Picking,0.0,121.69,True,0.29,12.51
17.96,2.0,16.22,1711,yt_08_001711.jpg,16.22,177.72,89.25,True,74.65,91.32,5.08,video_8,0.7,Lifting / Picking,0.0,137.85,True,0.58,26.69
15.26,2.0,61.52,1770,yt_08_001770.jpg,61.52,170.69,141.99,True,102.77,89.06,12.83,video_8,0.7,Lifting / Picking,0.0,114.73,True,1.26,14.99
16.26,2.0,28.02,1829,yt_08_001829.jpg,28.02,171.01,90.24,True,43.63,158.33,3.68,video_8,0.7,Lifting / Picking,0.0,138.48,True,1.99,25.0
14.03,2.0,22.54,1888,yt_08_001888.jpg,22.54,176.55,85.53,True,83.91,113.11,20.85,video_8,0.7,Lifting / Picking,0.0,128.29,True,0.82,16.71
6.83,2.0,7.28,1947,yt_08_001947.jpg,7.28,167.62,2.02,True,8.37,101.43,3.43,video_8,0.7,Lifting / Picking,0.0,70.39,True,2.69,9.52
17.82,2.0,22.95,2006,yt_08_002006.jpg,22.95,167.83,100.85,True,77.05,113.41,10.41,video_8,0.7,Lifting / Picking,0.0,135.78,True,1.91,50.6
12.64,2.0,3.38,2065,yt_08_002065.jpg,3.38,173.66,94.42,True,68.82,116.24,8.03,video_8,0.7,Lifting / Picking,0.0,133.38,True,1.06,33.23
19.29,2.0,45.34,2242,yt_08_002242.jpg,45.34,173.08,90.98,True,163.73,88.92,24.16,video_8,0.7,Lifting / Picking,0.0,103.15,True,3.69,20.96
18.13,2.0,31.33,2301,yt_08_002301.jpg,31.33,170.45,87.56,True,80.55,124.02,7.35,video_8,0.7,Lifting / Picking,0.0,123.68,True,2.91,31.64
14.31,2.0,4.54,2360,yt_08_002360.jpg,4.54,176.59,74.26,True,51.2,113.42,8.74,video_8,0.7,Lifting / Picking,0.0,132.47,True,1.52,23.98
7.95,2.0,31.34,59,yt_09_000059.jpg,31.34,176.23,82.88,True,46.28,110.72,4.05,video_9,0.7,Lifting / Picking,0.0,119.85,True,1.74,18.09
3.73,2.0,19.29,177,yt_09_000177.jpg,19.29,155.42,119.24,True,77.73,98.44,35.38,video_9,0.7,Lifting / Picking,0.0,16.97,True,5.5,5.52
5.82,2.0,25.71,236,yt_09_000236.jpg,25.71,166.43,153.05,True,97.13,98.05,1.06,video_9,0.7,Lifting / Picking,0.0,118.31,True,0.84,40.99
5.66,2.0,7.54,295,yt_09_000295.jpg,7.54,172.37,146.89,True,167.37,89.34,4.4,video_9,0.7,Lifting / Picking,0.0,112.89,True,1.79,12.68
8.99,2.0,51.64,472,yt_09_000472.jpg,51.64,153.02,115.83,True,155.61,116.54,11.59,video_9,0.7,Lifting / Picking,0.0,164.42,True,7.69,45.56
1.8,2.0,37.39,531,yt_09_000531.jpg,37.39,136.08,127.62,True,31.01,141.17,19.72,video_9,0.7,Lifting / Picking,0.0,96.16,True,0.72,11.29
8.16,2.0,15.1,590,yt_09_000590.jpg,15.1,139.3,124.29,True,178.5,96.63,9.5,video_9,0.7,Lifting / Picking,0.0,125.75,True,0.34,43.98
9.28,2.0,30.77,649,yt_09_000649.jpg,30.77,132.99,151.55,True,162.93,86.25,10.05,video_9,0.7,Lifting / Picking,0.0,135.78,True,4.12,25.59
4.36,2.0,23.48,708,yt_09_000708.jpg,23.48,49.46,19.81,True,56.94,29.5,5.45,video_9,0.7,Lifting / Picking,0.0,1.14,True,5.35,3.79
9.44,2.0,32.41,767,yt_09_000767.jpg,32.41,174.27,117.46,True,159.72,109.9,1.83,video_9,0.7,Lifting / Picking,0.0,131.89,True,1.19,21.87
7.88,2.0,40.18,885,yt_09_000885.jpg,40.18,39.24,151.58,True,107.0,134.59,22.02,video_9,0.7,Lifting / Picking,0.0,108.67,True,5.65,53.27
7.67,2.0,38.78,944,yt_09_000944.jpg,38.78,58.95,152.06,True,109.52,136.38,16.11,video_9,0.7,Lifting / Picking,0.0,107.97,True,5.59,52.89
7.53,2.0,31.62,1003,yt_09_001003.jpg,31.62,27.95,152.71,True,129.78,135.69,16.28,video_9,0.7,Lifting / Picking,0.0,107.65,True,5.78,54.81
6.83,2.0,32.99,1062,yt_09_001062.jpg,32.99,170.68,132.07,True,135.08,147.06,10.83,video_9,0.7,Lifting / Picking,0.0,102.35,True,4.36,15.05
8.93,2.0,22.72,1121,yt_09_001121.jpg,22.72,144.94,123.95,True,136.24,76.33,21.0,video_9,0.7,Lifting / Picking,0.0,112.67,True,4.19,28.56
7.11,2.0,38.54,1180,yt_09_001180.jpg,38.54,133.95,152.35,True,121.67,138.42,15.1,video_9,0.7,Lifting / Picking,0.0,111.48,True,4.03,41.2
9.06,2.0,7.47,1239,yt_09_001239.jpg,7.47,130.83,130.22,True,148.95,132.1,3.66,video_9,0.7,Lifting / Picking,0.0,125.29,True,1.14,18.28
12.01,2.0,2.63,1298,yt_09_001298.jpg,2.63,175.61,121.98,True,159.56,120.14,3.84,video_9,0.7,Lifting / Picking,0.0,129.88,True,0.28,1.4
4.31,2.0,31.21,1357,yt_09_001357.jpg,31.21,80.65,61.61,True,16.4,132.09,12.66,video_9,0.7,Lifting / Picking,0.0,113.49,True,2.72,12.56
6.07,2.0,36.83,1416,yt_09_001416.jpg,36.83,73.4,115.35,True,56.07,119.85,2.67,video_9,0.7,Lifting / Picking,0.0,126.53,True,0.81,8.36
7.9,2.0,14.76,1475,yt_09_001475.jpg,14.76,178.14,139.57,True,119.25,146.67,3.08,video_9,0.7,Lifting / Picking,0.0,145.81,True,0.22,38.05
7.49,2.0,25.98,1534,yt_09_001534.jpg,25.98,169.1,95.81,True,100.39,116.82,4.94,video_9,0.7,Lifting / Picking,0.0,138.39,True,0.11,23.0
4.2,2.0,1.73,1770,yt_09_001770.jpg,1.73,166.55,167.57,True,169.68,126.76,2.28,video_9,0.7,Lifting / Picking,0.0,144.94,True,0.46,1.39
4.47,2.0,2.54,1829,yt_09_001829.jpg,2.54,167.4,167.75,True,172.02,122.96,3.02,video_9,0.7,Lifting / Picking,0.0,146.11,True,0.6,2.37
4.53,2.0,0.83,1888,yt_09_001888.jpg,0.83,174.59,173.23,True,152.39,122.31,2.28,video_9,0.7,Lifting / Picking,0.0,145.29,True,0.38,2.08
7.04,2.0,31.99,2006,yt_09_002006.jpg,31.99,105.57,122.7,True,75.88,163.09,9.75,video_9,0.7,Lifting / Picking,0.0,137.84,True,3.91,21.35
6.08,2.0,25.03,2065,yt_09_002065.jpg,25.03,57.39,156.08,True,88.01,158.35,0.68,video_9,0.7,Lifting / Picking,0.0,147.42,True,1.7,9.89
7.76,2.0,13.46,2124,yt_09_002124.jpg,13.46,164.04,123.72,True,161.37,110.73,5.82,video_9,0.7,Lifting / Picking,0.0,120.82,True,1.81,28.92
6.47,2.0,10.98,2242,yt_09_002242.jpg,10.98,169.25,47.2,True,4.6,40.44,30.75,video_9,0.7,Lifting / Picking,0.0,23.84,True,6.59,8.91
10.27,2.0,7.96,2301,yt_09_002301.jpg,7.96,173.46,97.28,True,84.94,114.4,2.17,video_9,0.7,Lifting / Picking,0.0,141.63,True,0.27,11.23
6.8,2.0,4.57,2360,yt_09_002360.jpg,4.57,164.8,132.68,True,97.39,150.65,5.07,video_9,0.7,Lifting / Picking,0.0,154.66,True,1.69,8.69
1.15,2.0,1.12,2419,yt_09_002419.jpg,1.12,171.02,139.06,True,51.88,159.09,9.26,video_9,0.7,Lifting / Picking,0.0,177.69,True,0.02,4.27
10.94,2.0,57.48,2478,yt_09_002478.jpg,57.48,144.73,86.66,True,173.81,86.49,0.02,video_9,0.7,Lifting / Picking,0.0,161.37,True,11.22,45.49
9.65,2.0,29.21,2537,yt_09_002537.jpg,29.21,133.4,125.11,True,56.87,150.11,3.07,video_9,0.7,Lifting / Picking,0.0,136.51,True,15.6,21.7
5.54,2.0,20.13,2596,yt_09_002596.jpg,20.13,125.93,179.22,True,41.43,162.87,2.66,video_9,0.7,Lifting / Picking,0.0,120.57,True,8.97,15.7
5.75,2.0,21.45,2655,yt_09_002655.jpg,21.45,133.37,150.68,True,48.61,164.79,3.78,video_9,0.7,Lifting / Picking,0.0,117.54,True,9.03,17.82
5.79,2.0,23.65,2714,yt_09_002714.jpg,23.65,127.48,142.27,True,46.27,161.39,12.49,video_9,0.7,Lifting / Picking,0.0,119.93,True,8.98,19.8
9.68,2.0,7.83,2832,yt_09_002832.jpg,7.83,173.65,105.18,True,87.71,127.96,1.52,video_9,0.7,Lifting / Picking,0.0,146.64,True,0.05,10.45
15.72,2.0,59.84,2891,yt_09_002891.jpg,59.84,68.74,155.84,True,168.48,175.93,126.47,video_9,0.7,Lifting / Picking,0.0,155.45,True,23.25,17.84
11.11,2.0,70.1,3009,yt_09_003009.jpg,70.1,18.74,141.93,True,167.63,117.26,91.75,video_9,0.7,Lifting / Picking,0.0,144.83,True,14.84,41.58
10.0,2.0,58.81,3068,yt_09_003068.jpg,58.81,147.31,116.1,True,166.99,35.27,91.59,video_9,0.7,Lifting / Picking,0.0,139.6,True,13.88,73.8
7.31,2.0,22.96,3127,yt_09_003127.jpg,22.96,98.99,66.26,True,84.52,2.29,101.31,video_9,0.7,Lifting / Picking,0.0,17.63,True,7.43,90.41
4.15,2.0,12.08,3245,yt_09_003245.jpg,12.08,133.23,117.35,True,152.37,147.8,3.53,video_9,0.7,Lifting / Picking,0.0,140.05,True,0.87,14.41
5.85,2.0,18.15,3304,yt_09_003304.jpg,18.15,62.12,160.2,True,109.77,173.49,1.74,video_9,0.7,Lifting / Picking,0.0,145.46,True,1.45,9.78
5.22,2.0,2.31,3363,yt_09_003363.jpg,2.31,175.67,169.81,True,164.87,168.65,6.92,video_9,0.7,Lifting / Picking,0.0,161.91,True,1.48,18.2
7.35,2.0,30.07,3422,yt_09_003422.jpg,30.07,151.02,176.26,True,113.97,165.6,4.7,video_9,0.7,Lifting / Picking,0.0,158.92,True,0.32,21.49
6.84,2.0,35.65,3481,yt_09_003481.jpg,35.65,174.78,108.37,True,64.19,115.53,3.46,video_9,0.7,Lifting / Picking,0.0,136.67,True,0.17,5.25
6.26,2.0,32.33,3540,yt_09_003540.jpg,32.33,77.09,134.34,True,61.46,142.84,1.96,video_9,0.7,Lifting / Picking,0.0,111.01,True,3.68,37.24
5.46,2.0,34.99,3599,yt_09_003599.jpg,34.99,53.09,170.09,True,48.55,164.43,1.62,video_9,0.7,Lifting / Picking,0.0,115.99,True,2.77,33.78
5.68,2.0,28.95,3658,yt_09_003658.jpg,28.95,52.02,129.88,True,56.9,74.49,16.78,video_9,0.7,Lifting / Picking,0.0,108.21,True,4.0,9.34
5.64,2.0,29.68,3717,yt_09_003717.jpg,29.68,55.05,11.5,True,40.1,170.28,11.41,video_9,0.7,Lifting / Picking,0.0,111.67,True,4.22,33.53
5.44,2.0,27.53,3776,yt_09_003776.jpg,27.53,71.68,34.01,True,39.77,165.99,16.27,video_9,0.7,Lifting / Picking,0.0,115.83,True,3.46,24.7
5.92,2.0,19.69,3835,yt_09_003835.jpg,19.69,47.5,133.57,True,66.51,148.76,8.11,video_9,0.7,Lifting / Picking,0.0,121.06,True,2.9,8.22
5.69,2.0,16.88,3894,yt_09_003894.jpg,16.88,47.38,146.24,True,64.04,149.44,3.26,video_9,0.7,Lifting / Picking,0.0,124.84,True,2.75,16.7
5.82,2.0,21.92,3953,yt_09_003953.jpg,21.92,52.72,26.62,True,64.21,149.53,12.6,video_9,0.7,Lifting / Picking,0.0,128.06,True,2.1,15.06
6.83,2.0,15.64,4012,yt_09_004012.jpg,15.64,176.81,102.3,True,71.27,127.39,3.05,video_9,0.7,Lifting / Picking,0.0,126.25,True,1.11,5.83
6.27,2.0,16.09,4071,yt_09_004071.jpg,16.09,172.61,90.47,True,95.6,144.94,0.95,video_9,0.7,Lifting / Picking,0.0,147.7,True,0.56,11.0
5.29,2.0,29.31,4366,yt_09_004366.jpg,29.31,62.15,124.79,True,47.76,142.36,2.2,video_9,0.7,Lifting / Picking,0.0,123.42,True,1.91,16.83
5.4,2.0,35.46,4425,yt_09_004425.jpg,35.46,102.16,109.42,True,43.26,127.89,6.09,video_9,0.7,Lifting / Picking,0.0,125.11,True,1.36,16.35
5.7,2.0,33.91,4484,yt_09_004484.jpg,33.91,105.06,73.51,True,26.45,112.52,15.03,video_9,0.7,Lifting / Picking,0.0,101.56,True,4.41,10.94
5.82,2.0,35.07,4543,yt_09_004543.jpg,35.07,130.01,79.52,True,46.78,110.38,3.69,video_9,0.7,Lifting / Picking,0.0,117.48,True,2.35,7.52
5.73,2.0,24.06,4602,yt_09_004602.jpg,24.06,174.24,99.47,True,108.63,76.0,2.23,video_9,0.7,Lifting / Picking,0.0,134.48,True,1.86,16.8
5.01,2.0,19.44,4661,yt_09_004661.jpg,19.44,97.29,122.9,True,93.43,98.92,10.33,video_9,0.7,Lifting / Picking,0.0,134.69,True,0.98,11.54
4.56,2.0,14.26,4720,yt_09_004720.jpg,14.26,61.2,127.12,True,63.43,151.9,10.67,video_9,0.7,Lifting / Picking,0.0,139.53,True,0.07,8.34
3.81,2.0,18.01,4779,yt_09_004779.jpg,18.01,54.64,117.71,True,48.04,146.78,6.38,video_9,0.7,Lifting / Picking,0.0,138.33,True,0.19,11.59
6.29,2.0,25.56,4838,yt_09_004838.jpg,25.56,77.07,102.12,True,93.04,115.01,4.67,video_9,0.7,Lifting / Picking,0.0,126.9,True,0.75,12.72
6.46,2.0,4.64,4897,yt_09_004897.jpg,4.64,178.65,137.68,True,175.96,140.0,18.85,video_9,0.7,Lifting / Picking,0.0,128.59,True,1.16,26.74
7.41,2.0,2.63,4956,yt_09_004956.jpg,2.63,169.84,91.06,True,151.3,102.16,0.79,video_9,0.7,Lifting / Picking,0.0,117.7,True,0.12,41.43
5.4,2.0,25.53,5015,yt_09_005015.jpg,25.53,95.0,158.22,True,155.19,116.99,13.15,video_9,0.7,Lifting / Picking,0.0,126.96,True,0.57,13.01
4.46,2.0,1.8,5074,yt_09_005074.jpg,1.8,101.21,129.02,True,166.3,105.46,4.44,video_9,0.7,Lifting / Picking,0.0,109.64,True,1.02,2.14
5.4,2.0,17.31,5428,yt_09_005428.jpg,17.31,171.71,101.02,True,92.09,137.29,11.39,video_9,0.7,Lifting / Picking,0.0,138.62,True,1.97,6.21
4.44,2.0,11.55,5487,yt_09_005487.jpg,11.55,121.04,126.36,True,87.15,140.61,31.35,video_9,0.7,Lifting / Picking,0.0,151.34,True,5.78,13.69
4.47,2.0,25.91,5546,yt_09_005546.jpg,25.91,161.59,178.3,True,146.85,113.13,31.67,video_9,0.7,Lifting / Picking,0.0,163.84,True,4.9,5.09
8.68,2.0,13.7,5605,yt_09_005605.jpg,13.7,176.23,127.12,True,162.98,103.55,3.8,video_9,0.7,Lifting / Picking,0.0,121.35,True,0.02,22.27
11.92,2.0,36.56,5664,yt_09_005664.jpg,36.56,145.24,145.47,True,154.67,126.89,3.24,video_9,0.7,Lifting / Picking,0.0,165.12,True,0.14,9.46
8.65,2.0,31.31,5723,yt_09_005723.jpg,31.31,173.61,120.84,True,175.45,93.71,10.03,video_9,0.7,Lifting / Picking,0.0,132.05,True,1.24,15.72
3.65,2.0,17.29,5782,yt_09_005782.jpg,17.29,101.65,11.56,True,53.35,101.0,1.18,video_9,0.7,Lifting / Picking,0.0,76.21,True,0.24,9.13
6.75,2.0,14.01,5900,yt_09_005900.jpg,14.01,52.89,85.27,True,65.37,88.47,12.03,video_9,0.7,Lifting / Picking,0.0,19.02,True,10.32,22.25
8.12,2.0,27.57,6077,yt_09_006077.jpg,27.57,147.38,133.78,True,176.13,109.42,0.39,video_9,0.7,Lifting / Picking,0.0,137.48,True,2.05,22.46
