filename,label
ap_1_250.jpg,[correct_posture]
ap_1_750.jpg,[correct_posture]
ap_2_10187.jpg,[correct_posture]
ap_2_10437.jpg,[correct_posture]
ap_2_10687.jpg,[correct_posture]
ap_2_10937.jpg,[correct_posture]
ap_2_11187.jpg,[correct_posture]
ap_2_11437.jpg,[correct_posture]
ap_2_11687.jpg,[correct_posture]
ap_2_11937.jpg,[correct_posture]
ap_2_12187.jpg,[correct_posture]
ap_2_12687.jpg,[correct_posture]
ap_2_12937.jpg,[correct_posture]
ap_2_13187.jpg,[correct_posture]
ap_2_13437.jpg,[correct_posture]
ap_2_13687.jpg,[correct_posture]
ap_2_13937.jpg,[correct_posture]
ap_2_14187.jpg,[correct_posture]
ap_2_14437.jpg,[correct_posture]
ap_2_14687.jpg,[correct_posture]
ap_2_16187.jpg,[correct_posture]
ap_2_16437.jpg,[correct_posture]
ap_2_16687.jpg,[INcorrect_posture]
ap_2_16937.jpg,[correct_posture]
ap_2_17187.jpg,[correct_posture]
ap_2_17437.jpg,[correct_posture]
ap_2_17687.jpg,[correct_posture]
ap_2_17937.jpg,[correct_posture]
ap_2_18187.jpg,[correct_posture]
ap_2_18437.jpg,[correct_posture]
ap_2_18687.jpg,[correct_posture]
ap_2_18937.jpg,[correct_posture]
ap_2_19187.jpg,[correct_posture]
ap_2_19437.jpg,[correct_posture]
ap_2_19687.jpg,[correct_posture]
ap_2_19937.jpg,[correct_posture]
ap_2_20187.jpg,[correct_posture]
ap_2_20437.jpg,[correct_posture]
ap_2_20687.jpg,[correct_posture]
ap_2_20937.jpg,[correct_posture]
ap_2_21187.jpg,[correct_posture]
ap_2_21437.jpg,[correct_posture]
ap_2_21687.jpg,[correct_posture]
ap_2_21937.jpg,[correct_posture]
ap_2_22187.jpg,[correct_posture]
ap_2_22437.jpg,[correct_posture]
ap_2_22687.jpg,[correct_posture]
ap_2_22937.jpg,[correct_posture]
ap_2_23187.jpg,[correct_posture]
ap_2_23437.jpg,[correct_posture]
ap_2_23687.jpg,[correct_posture]
ap_2_23937.jpg,[correct_posture]
ap_2_24187.jpg,[correct_posture]
ap_2_24437.jpg,[correct_posture]
ap_2_24687.jpg,[correct_posture]
ap_2_24937.jpg,[correct_posture]
ap_2_25187.jpg,[correct_posture]
ap_2_25437.jpg,[correct_posture]
ap_2_25687.jpg,[correct_posture]
ap_2_25937.jpg,[INcorrect_posture]
ap_2_26187.jpg,[INcorrect_posture]
ap_2_26437.jpg,[INcorrect_posture]
ap_2_27687.jpg,[correct_posture]
ap_2_27937.jpg,[correct_posture]
ap_2_4437.jpg,[INcorrect_posture]
ap_2_4687.jpg,[INcorrect_posture]
ap_2_4937.jpg,[correct_posture]
ap_2_7937.jpg,[INcorrect_posture]
ap_2_8187.jpg,[correct_posture]
ap_2_8437.jpg,[INcorrect_posture]
ap_2_8937.jpg,[correct_posture]
ap_2_9187.jpg,[correct_posture]
ap_2_9437.jpg,[correct_posture]
ap_2_9687.jpg,[correct_posture]
ap_2_9937.jpg,[correct_posture]
ap_3_1000.jpg,[INcorrect_posture]
ap_3_1240.jpg,[INcorrect_posture]
ap_3_1490.jpg,[INcorrect_posture]
ap_3_1740.jpg,[INcorrect_posture]
ap_3_18260.jpg,[INcorrect_posture]
ap_3_18510.jpg,[INcorrect_posture]
ap_3_18760.jpg,[INcorrect_posture]
ap_3_19010.jpg,[INcorrect_posture]
ap_3_19260.jpg,[INcorrect_posture]
ap_3_19510.jpg,[INcorrect_posture]
ap_3_19760.jpg,[INcorrect_posture]
ap_3_1990.jpg,[INcorrect_posture]
ap_3_20005.jpg,[INcorrect_posture]
ap_3_20206.jpg,[INcorrect_posture]
ap_3_2240.jpg,[INcorrect_posture]
ap_3_2490.jpg,[INcorrect_posture]
ap_3_250.jpg,[INcorrect_posture]
ap_3_2740.jpg,[INcorrect_posture]
ap_3_2990.jpg,[INcorrect_posture]
ap_3_3240.jpg,[INcorrect_posture]
ap_3_33933.jpg,[INcorrect_posture]
ap_3_34183.jpg,[INcorrect_posture]
ap_3_34433.jpg,[INcorrect_posture]
ap_3_34683.jpg,[INcorrect_posture]
ap_3_3490.jpg,[INcorrect_posture]
ap_3_3740.jpg,[INcorrect_posture]
ap_3_3990.jpg,[INcorrect_posture]
ap_3_4240.jpg,[INcorrect_posture]
ap_3_4490.jpg,[INcorrect_posture]
ap_3_4740.jpg,[INcorrect_posture]
ap_3_4990.jpg,[INcorrect_posture]
ap_3_500.jpg,[INcorrect_posture]
ap_3_5240.jpg,[INcorrect_posture]
ap_3_5490.jpg,[INcorrect_posture]
ap_3_55328.jpg,[INcorrect_posture]
ap_3_55578.jpg,[INcorrect_posture]
ap_3_55828.jpg,[INcorrect_posture]
ap_3_56078.jpg,[INcorrect_posture]
ap_3_56328.jpg,[INcorrect_posture]
ap_3_56578.jpg,[INcorrect_posture]
ap_3_56828.jpg,[INcorrect_posture]
ap_3_57078.jpg,[INcorrect_posture]
ap_3_57328.jpg,[INcorrect_posture]
ap_3_5740.jpg,[INcorrect_posture]
ap_3_57578.jpg,[INcorrect_posture]
ap_3_57828.jpg,[INcorrect_posture]
ap_3_58078.jpg,[INcorrect_posture]
ap_3_58328.jpg,[INcorrect_posture]
ap_3_58578.jpg,[INcorrect_posture]
ap_3_58828.jpg,[INcorrect_posture]
ap_3_59078.jpg,[INcorrect_posture]
ap_3_59328.jpg,[INcorrect_posture]
ap_3_59578.jpg,[INcorrect_posture]
ap_3_59828.jpg,[INcorrect_posture]
ap_3_5990.jpg,[INcorrect_posture]
ap_3_60078.jpg,[INcorrect_posture]
ap_3_60328.jpg,[INcorrect_posture]
ap_3_60578.jpg,[INcorrect_posture]
ap_3_61530.jpg,[INcorrect_posture]
ap_3_61780.jpg,[INcorrect_posture]
ap_3_62030.jpg,[INcorrect_posture]
ap_3_62280.jpg,[INcorrect_posture]
ap_3_6240.jpg,[INcorrect_posture]
ap_3_62530.jpg,[INcorrect_posture]
ap_3_62780.jpg,[INcorrect_posture]
ap_3_63030.jpg,[INcorrect_posture]
ap_3_63280.jpg,[INcorrect_posture]
ap_3_63530.jpg,[INcorrect_posture]
ap_3_63780.jpg,[INcorrect_posture]
ap_3_64030.jpg,[INcorrect_posture]
ap_3_64280.jpg,[INcorrect_posture]
ap_3_64334.jpg,[INcorrect_posture]
ap_3_64416.jpg,[INcorrect_posture]
ap_3_64666.jpg,[INcorrect_posture]
ap_3_6490.jpg,[INcorrect_posture]
ap_3_64916.jpg,[INcorrect_posture]
ap_3_65166.jpg,[INcorrect_posture]
ap_3_65416.jpg,[INcorrect_posture]
ap_3_65666.jpg,[INcorrect_posture]
ap_3_65916.jpg,[INcorrect_posture]
ap_3_66166.jpg,[INcorrect_posture]
ap_3_66416.jpg,[INcorrect_posture]
ap_3_66666.jpg,[INcorrect_posture]
ap_3_66916.jpg,[INcorrect_posture]
ap_3_67166.jpg,[INcorrect_posture]
ap_3_6740.jpg,[INcorrect_posture]
ap_3_67416.jpg,[INcorrect_posture]
ap_3_67666.jpg,[INcorrect_posture]
ap_3_67916.jpg,[INcorrect_posture]
ap_3_68166.jpg,[INcorrect_posture]
ap_3_68416.jpg,[INcorrect_posture]
ap_3_68666.jpg,[INcorrect_posture]
ap_3_68916.jpg,[INcorrect_posture]
ap_3_69166.jpg,[INcorrect_posture]
ap_3_69416.jpg,[INcorrect_posture]
ap_3_69666.jpg,[INcorrect_posture]
ap_3_6990.jpg,[INcorrect_posture]
ap_3_69916.jpg,[INcorrect_posture]
ap_3_70166.jpg,[INcorrect_posture]
ap_3_70416.jpg,[INcorrect_posture]
ap_3_70666.jpg,[INcorrect_posture]
ap_3_70916.jpg,[INcorrect_posture]
ap_3_71166.jpg,[INcorrect_posture]
ap_3_71416.jpg,[INcorrect_posture]
ap_3_71666.jpg,[INcorrect_posture]
ap_3_71916.jpg,[INcorrect_posture]
ap_3_72166.jpg,[INcorrect_posture]
ap_3_7240.jpg,[INcorrect_posture]
ap_3_72416.jpg,[INcorrect_posture]
ap_3_72666.jpg,[INcorrect_posture]
ap_3_72916.jpg,[INcorrect_posture]
ap_3_73166.jpg,[INcorrect_posture]
ap_3_73416.jpg,[INcorrect_posture]
ap_3_73666.jpg,[INcorrect_posture]
ap_3_73916.jpg,[INcorrect_posture]
ap_3_74166.jpg,[INcorrect_posture]
ap_3_74416.jpg,[INcorrect_posture]
ap_3_74666.jpg,[INcorrect_posture]
ap_3_7490.jpg,[INcorrect_posture]
ap_3_74916.jpg,[INcorrect_posture]
ap_3_750.jpg,[INcorrect_posture]
ap_3_75166.jpg,[INcorrect_posture]
ap_3_75416.jpg,[INcorrect_posture]
ap_3_75666.jpg,[INcorrect_posture]
ap_3_75916.jpg,[INcorrect_posture]
ap_3_76166.jpg,[INcorrect_posture]
ap_3_76416.jpg,[INcorrect_posture]
ap_3_76666.jpg,[INcorrect_posture]
ap_3_76916.jpg,[INcorrect_posture]
ap_3_77166.jpg,[INcorrect_posture]
ap_3_7740.jpg,[INcorrect_posture]
ap_3_77416.jpg,[INcorrect_posture]
ap_3_77666.jpg,[INcorrect_posture]
ap_3_77916.jpg,[INcorrect_posture]
ap_3_78166.jpg,[INcorrect_posture]
ap_3_78574.jpg,[INcorrect_posture]
ap_3_78824.jpg,[INcorrect_posture]
ap_3_79694.jpg,[INcorrect_posture]
ap_3_7990.jpg,[INcorrect_posture]
ap_3_79944.jpg,[INcorrect_posture]
ap_3_80194.jpg,[INcorrect_posture]
ap_3_80444.jpg,[INcorrect_posture]
ap_3_80694.jpg,[INcorrect_posture]
ap_3_80944.jpg,[INcorrect_posture]
ap_3_81194.jpg,[INcorrect_posture]
ap_3_81444.jpg,[INcorrect_posture]
ap_3_81694.jpg,[INcorrect_posture]
ap_3_81918.jpg,[INcorrect_posture]
ap_3_82139.jpg,[INcorrect_posture]
ap_3_82389.jpg,[INcorrect_posture]
ap_3_8240.jpg,[INcorrect_posture]
ap_3_82639.jpg,[INcorrect_posture]
ap_3_82889.jpg,[INcorrect_posture]
ap_3_83139.jpg,[INcorrect_posture]
ap_3_83389.jpg,[INcorrect_posture]
ap_3_83639.jpg,[INcorrect_posture]
ap_3_83889.jpg,[INcorrect_posture]
ap_3_84139.jpg,[INcorrect_posture]
ap_3_84389.jpg,[INcorrect_posture]
ap_3_84639.jpg,[INcorrect_posture]
ap_3_84889.jpg,[INcorrect_posture]
ap_3_8490.jpg,[INcorrect_posture]
ap_3_85139.jpg,[INcorrect_posture]
ap_3_85389.jpg,[INcorrect_posture]
ap_3_85639.jpg,[INcorrect_posture]
ap_3_85889.jpg,[INcorrect_posture]
ap_3_86139.jpg,[INcorrect_posture]
ap_3_86389.jpg,[INcorrect_posture]
ap_3_86639.jpg,[INcorrect_posture]
ap_3_86889.jpg,[INcorrect_posture]
ap_3_87139.jpg,[INcorrect_posture]
ap_3_87389.jpg,[INcorrect_posture]
ap_3_8740.jpg,[INcorrect_posture]
ap_3_87639.jpg,[INcorrect_posture]
ap_3_87889.jpg,[INcorrect_posture]
ap_3_8990.jpg,[INcorrect_posture]
ap_3_9240.jpg,[INcorrect_posture]
ap_3_9490.jpg,[INcorrect_posture]
ap_3_9740.jpg,[INcorrect_posture]
ap_3_9990.jpg,[INcorrect_posture]
ap_4_11490.jpg,[INcorrect_posture]
ap_4_11740.jpg,[INcorrect_posture]
ap_4_14490.jpg,[INcorrect_posture]
ap_4_14740.jpg,[INcorrect_posture]
ap_4_14990.jpg,[INcorrect_posture]
ap_4_1500.jpg,[INcorrect_posture]
ap_4_15240.jpg,[INcorrect_posture]
ap_4_15490.jpg,[INcorrect_posture]
ap_4_15740.jpg,[INcorrect_posture]
ap_4_15990.jpg,[INcorrect_posture]
ap_4_16240.jpg,[INcorrect_posture]
ap_4_16490.jpg,[INcorrect_posture]
ap_4_16740.jpg,[INcorrect_posture]
ap_4_16990.jpg,[INcorrect_posture]
ap_4_17240.jpg,[INcorrect_posture]
ap_4_17490.jpg,[INcorrect_posture]
ap_4_1750.jpg,[INcorrect_posture]
ap_4_17740.jpg,[INcorrect_posture]
ap_4_17990.jpg,[INcorrect_posture]
ap_4_18240.jpg,[INcorrect_posture]
ap_4_18490.jpg,[INcorrect_posture]
ap_4_18740.jpg,[INcorrect_posture]
ap_4_18990.jpg,[INcorrect_posture]
ap_4_19240.jpg,[INcorrect_posture]
ap_4_19490.jpg,[INcorrect_posture]
ap_4_19740.jpg,[INcorrect_posture]
ap_4_19990.jpg,[INcorrect_posture]
ap_4_20240.jpg,[INcorrect_posture]
ap_4_20490.jpg,[INcorrect_posture]
ap_4_20740.jpg,[INcorrect_posture]
ap_4_20990.jpg,[INcorrect_posture]
ap_4_21240.jpg,[INcorrect_posture]
ap_4_21490.jpg,[INcorrect_posture]
ap_4_21740.jpg,[INcorrect_posture]
ap_4_21990.jpg,[INcorrect_posture]
ap_4_22240.jpg,[INcorrect_posture]
ap_4_22490.jpg,[INcorrect_posture]
ap_4_2250.jpg,[INcorrect_posture]
ap_4_22740.jpg,[INcorrect_posture]
ap_4_22990.jpg,[INcorrect_posture]
ap_4_23240.jpg,[INcorrect_posture]
ap_4_23490.jpg,[INcorrect_posture]
ap_4_23740.jpg,[INcorrect_posture]
ap_4_23990.jpg,[INcorrect_posture]
ap_4_24240.jpg,[INcorrect_posture]
ap_4_24490.jpg,[INcorrect_posture]
ap_4_24740.jpg,[INcorrect_posture]
ap_4_24990.jpg,[INcorrect_posture]
ap_4_25240.jpg,[INcorrect_posture]
ap_4_25490.jpg,[INcorrect_posture]
ap_4_25740.jpg,[INcorrect_posture]
ap_4_25990.jpg,[INcorrect_posture]
ap_4_26240.jpg,[INcorrect_posture]
ap_4_26490.jpg,[INcorrect_posture]
ap_4_26740.jpg,[INcorrect_posture]
ap_4_26990.jpg,[INcorrect_posture]
ap_4_27240.jpg,[INcorrect_posture]
ap_4_27490.jpg,[INcorrect_posture]
ap_4_2750.jpg,[INcorrect_posture]
ap_4_27740.jpg,[INcorrect_posture]
ap_4_27990.jpg,[INcorrect_posture]
ap_4_28240.jpg,[INcorrect_posture]
ap_4_28490.jpg,[INcorrect_posture]
ap_4_28740.jpg,[INcorrect_posture]
ap_4_28990.jpg,[INcorrect_posture]
ap_4_29240.jpg,[INcorrect_posture]
ap_4_29490.jpg,[INcorrect_posture]
ap_4_29740.jpg,[INcorrect_posture]
ap_4_29990.jpg,[INcorrect_posture]
ap_4_30240.jpg,[INcorrect_posture]
ap_4_30490.jpg,[INcorrect_posture]
ap_4_30740.jpg,[INcorrect_posture]
ap_4_30990.jpg,[INcorrect_posture]
ap_4_31240.jpg,[INcorrect_posture]
ap_4_31490.jpg,[INcorrect_posture]
ap_4_31740.jpg,[INcorrect_posture]
ap_4_31990.jpg,[INcorrect_posture]
ap_4_32240.jpg,[INcorrect_posture]
ap_4_32490.jpg,[INcorrect_posture]
ap_4_3250.jpg,[INcorrect_posture]
ap_4_32740.jpg,[INcorrect_posture]
ap_4_32990.jpg,[INcorrect_posture]
ap_4_33240.jpg,[INcorrect_posture]
ap_4_33490.jpg,[INcorrect_posture]
ap_4_33740.jpg,[INcorrect_posture]
ap_4_33990.jpg,[INcorrect_posture]
ap_4_34240.jpg,[INcorrect_posture]
ap_4_34490.jpg,[INcorrect_posture]
ap_4_34740.jpg,[INcorrect_posture]
ap_4_34990.jpg,[INcorrect_posture]
ap_4_35240.jpg,[INcorrect_posture]
ap_4_35490.jpg,[INcorrect_posture]
ap_4_35740.jpg,[INcorrect_posture]
ap_4_35990.jpg,[INcorrect_posture]
ap_4_36240.jpg,[INcorrect_posture]
ap_4_36490.jpg,[INcorrect_posture]
ap_4_36740.jpg,[INcorrect_posture]
ap_4_36990.jpg,[INcorrect_posture]
ap_4_37240.jpg,[INcorrect_posture]
ap_4_37490.jpg,[INcorrect_posture]
ap_4_37740.jpg,[INcorrect_posture]
ap_4_37990.jpg,[INcorrect_posture]
ap_4_38240.jpg,[INcorrect_posture]
ap_4_38490.jpg,[INcorrect_posture]
ap_4_38740.jpg,[INcorrect_posture]
ap_4_38990.jpg,[INcorrect_posture]
ap_4_39240.jpg,[INcorrect_posture]
ap_4_39490.jpg,[INcorrect_posture]
ap_4_39740.jpg,[INcorrect_posture]
ap_4_39990.jpg,[INcorrect_posture]
ap_4_40240.jpg,[INcorrect_posture]
ap_4_40490.jpg,[INcorrect_posture]
ap_4_40740.jpg,[INcorrect_posture]
ap_4_40990.jpg,[INcorrect_posture]
ap_4_41240.jpg,[INcorrect_posture]
ap_4_41490.jpg,[INcorrect_posture]
ap_4_41740.jpg,[INcorrect_posture]
ap_4_41990.jpg,[INcorrect_posture]
ap_4_42240.jpg,[INcorrect_posture]
ap_4_42490.jpg,[INcorrect_posture]
ap_4_42740.jpg,[INcorrect_posture]
ap_4_42990.jpg,[INcorrect_posture]
ap_4_43240.jpg,[INcorrect_posture]
ap_4_43490.jpg,[INcorrect_posture]
ap_4_43740.jpg,[INcorrect_posture]
ap_4_43990.jpg,[INcorrect_posture]
ap_4_44240.jpg,[INcorrect_posture]
ap_4_44490.jpg,[INcorrect_posture]
ap_4_44740.jpg,[INcorrect_posture]
ap_4_44990.jpg,[INcorrect_posture]
ap_4_45240.jpg,[INcorrect_posture]
ap_4_45490.jpg,[INcorrect_posture]
ap_4_45740.jpg,[INcorrect_posture]
ap_4_45990.jpg,[INcorrect_posture]
ap_4_46490.jpg,[INcorrect_posture]
ap_4_46740.jpg,[INcorrect_posture]
ap_4_46990.jpg,[INcorrect_posture]
ap_4_48240.jpg,[INcorrect_posture]
ap_4_49490.jpg,[INcorrect_posture]
ap_4_49740.jpg,[INcorrect_posture]
ap_4_49990.jpg,[INcorrect_posture]
ap_4_5000.jpg,[INcorrect_posture]
ap_4_50740.jpg,[INcorrect_posture]
ap_4_51240.jpg,[INcorrect_posture]
ap_4_51740.jpg,[INcorrect_posture]
ap_4_5346.jpg,[INcorrect_posture]
ap_4_5596.jpg,[INcorrect_posture]
ap_4_56490.jpg,[INcorrect_posture]
ap_4_57240.jpg,[INcorrect_posture]
ap_4_5740.jpg,[INcorrect_posture]
ap_4_57990.jpg,[INcorrect_posture]
ap_4_59490.jpg,[INcorrect_posture]
ap_4_5990.jpg,[correct_posture]
ap_4_60740.jpg,[INcorrect_posture]
ap_4_61740.jpg,[INcorrect_posture]
ap_4_61990.jpg,[INcorrect_posture]
ap_4_6240.jpg,[INcorrect_posture]
ap_4_62740.jpg,[INcorrect_posture]
ap_4_62990.jpg,[INcorrect_posture]
ap_4_63490.jpg,[INcorrect_posture]
ap_4_64490.jpg,[INcorrect_posture]
ap_4_65240.jpg,[INcorrect_posture]
ap_4_65490.jpg,[INcorrect_posture]
ap_4_65740.jpg,[INcorrect_posture]
ap_4_65990.jpg,[INcorrect_posture]
ap_4_66490.jpg,[INcorrect_posture]
ap_4_66740.jpg,[INcorrect_posture]
ap_4_66990.jpg,[INcorrect_posture]
ap_4_67240.jpg,[INcorrect_posture]
ap_4_6740.jpg,[INcorrect_posture]
ap_4_68990.jpg,[INcorrect_posture]
ap_4_69240.jpg,[INcorrect_posture]
ap_4_69490.jpg,[INcorrect_posture]
ap_4_6990.jpg,[INcorrect_posture]
ap_4_70240.jpg,[INcorrect_posture]
ap_4_71490.jpg,[INcorrect_posture]
ap_4_7240.jpg,[INcorrect_posture]
ap_4_72490.jpg,[INcorrect_posture]
ap_4_72740.jpg,[INcorrect_posture]
ap_4_75740.jpg,[INcorrect_posture]
ap_4_77990.jpg,[INcorrect_posture]
ap_4_78240.jpg,[INcorrect_posture]
ap_4_78490.jpg,[INcorrect_posture]
ap_4_80490.jpg,[INcorrect_posture]
ap_4_80740.jpg,[INcorrect_posture]
ap_4_80990.jpg,[INcorrect_posture]
ap_4_81240.jpg,[INcorrect_posture]
ap_4_81490.jpg,[INcorrect_posture]
ap_4_81740.jpg,[INcorrect_posture]
ap_4_81990.jpg,[INcorrect_posture]
ap_4_82240.jpg,[INcorrect_posture]
ap_4_82990.jpg,[INcorrect_posture]
ap_4_83240.jpg,[INcorrect_posture]
ap_4_83740.jpg,[INcorrect_posture]
ap_4_84490.jpg,[INcorrect_posture]
ap_4_84740.jpg,[INcorrect_posture]
ap_4_84990.jpg,[INcorrect_posture]
ap_4_86240.jpg,[INcorrect_posture]
ap_4_86490.jpg,[INcorrect_posture]
ap_4_87240.jpg,[INcorrect_posture]
ap_4_87740.jpg,[INcorrect_posture]
ap_4_87990.jpg,[INcorrect_posture]
ap_4_88240.jpg,[INcorrect_posture]
ap_4_88490.jpg,[INcorrect_posture]
ap_4_88990.jpg,[INcorrect_posture]
ap_4_89240.jpg,[INcorrect_posture]
ap_4_89490.jpg,[INcorrect_posture]
ap_4_8990.jpg,[INcorrect_posture]
ap_4_90490.jpg,[INcorrect_posture]
ap_4_90740.jpg,[INcorrect_posture]
ap_4_91240.jpg,[INcorrect_posture]
ap_4_91740.jpg,[INcorrect_posture]
ap_4_92490.jpg,[INcorrect_posture]
ap_4_92990.jpg,[INcorrect_posture]
ap_4_93490.jpg,[INcorrect_posture]
ap_4_93740.jpg,[INcorrect_posture]
ap_4_93990.jpg,[INcorrect_posture]
ap_4_94240.jpg,[INcorrect_posture]
ap_4_94490.jpg,[INcorrect_posture]
ap_4_94740.jpg,[INcorrect_posture]
ap_4_9490.jpg,[INcorrect_posture]
ap_4_94990.jpg,[INcorrect_posture]
ap_4_9740.jpg,[INcorrect_posture]
ap_4_9990.jpg,[correct_posture]
gc_1_0.jpg,[INcorrect_posture]
gc_1_100.jpg,[INcorrect_posture]
gc_1_200.jpg,[correct_posture]
gc_2_420.jpg,[INcorrect_posture]
gc_2_4526.jpg,[INcorrect_posture]
gc_2_4556.jpg,[INcorrect_posture]
gc_2_4586.jpg,[INcorrect_posture]
gc_2_4616.jpg,[INcorrect_posture]
gc_2_4646.jpg,[INcorrect_posture]
gc_2_4706.jpg,[INcorrect_posture]
gc_2_4736.jpg,[INcorrect_posture]
gc_2_480.jpg,[INcorrect_posture]
gc_2_4916.jpg,[INcorrect_posture]
gc_2_4946.jpg,[INcorrect_posture]
gc_2_4976.jpg,[INcorrect_posture]
gc_2_5006.jpg,[INcorrect_posture]
gc_2_5036.jpg,[INcorrect_posture]
gc_2_5066.jpg,[INcorrect_posture]
gc_2_5096.jpg,[INcorrect_posture]
gc_2_510.jpg,[INcorrect_posture]
gc_2_5126.jpg,[INcorrect_posture]
gc_2_540.jpg,[INcorrect_posture]
gc_2_570.jpg,[INcorrect_posture]
gc_2_60.jpg,[INcorrect_posture]
gc_2_6594.jpg,[INcorrect_posture]
gd_10_0.jpg,[INcorrect_posture]
gd_10_10320.jpg,[INcorrect_posture]
gd_10_13680.jpg,[INcorrect_posture]
gd_10_14400.jpg,[INcorrect_posture]
gd_10_14880.jpg,[INcorrect_posture]
gd_10_15120.jpg,[INcorrect_posture]
gd_10_16800.jpg,[INcorrect_posture]
gd_10_18720.jpg,[INcorrect_posture]
gd_10_21120.jpg,[INcorrect_posture]
gd_10_2160.jpg,[INcorrect_posture]
gd_10_21840.jpg,[INcorrect_posture]
gd_10_23040.jpg,[INcorrect_posture]
gd_10_23280.jpg,[INcorrect_posture]
gd_10_2400.jpg,[INcorrect_posture]
gd_10_24480.jpg,[INcorrect_posture]
gd_10_29280.jpg,[INcorrect_posture]
gd_10_30240.jpg,[INcorrect_posture]
gd_10_30480.jpg,[INcorrect_posture]
gd_10_32160.jpg,[INcorrect_posture]
gd_10_33360.jpg,[INcorrect_posture]
gd_10_33840.jpg,[INcorrect_posture]
gd_10_34080.jpg,[INcorrect_posture]
gd_10_35760.jpg,[INcorrect_posture]
gd_10_36720.jpg,[INcorrect_posture]
gd_10_37200.jpg,[INcorrect_posture]
gd_10_37440.jpg,[INcorrect_posture]
gd_10_37680.jpg,[INcorrect_posture]
gd_10_37920.jpg,[INcorrect_posture]
gd_10_38160.jpg,[INcorrect_posture]
gd_10_38400.jpg,[INcorrect_posture]
gd_10_39360.jpg,[INcorrect_posture]
gd_10_39600.jpg,[INcorrect_posture]
gd_10_39840.jpg,[INcorrect_posture]
gd_10_40080.jpg,[INcorrect_posture]
gd_10_40320.jpg,[INcorrect_posture]
gd_10_41040.jpg,[INcorrect_posture]
gd_10_41520.jpg,[INcorrect_posture]
gd_10_41760.jpg,[INcorrect_posture]
gd_10_42000.jpg,[INcorrect_posture]
gd_10_46320.jpg,[INcorrect_posture]
gd_10_55680.jpg,[INcorrect_posture]
gd_10_56640.jpg,[INcorrect_posture]
gd_10_56880.jpg,[INcorrect_posture]
gd_10_66480.jpg,[INcorrect_posture]
gd_10_66960.jpg,[INcorrect_posture]
gd_10_67200.jpg,[INcorrect_posture]
gd_10_67440.jpg,[INcorrect_posture]
gd_10_69600.jpg,[INcorrect_posture]
gd_10_70320.jpg,[INcorrect_posture]
gd_10_71040.jpg,[INcorrect_posture]
gd_10_74880.jpg,[INcorrect_posture]
gd_10_75120.jpg,[INcorrect_posture]
gd_10_960.jpg,[INcorrect_posture]
gd_1_0.jpg,[correct_posture]
gd_2_0.jpg,[correct_posture]
gd_2_240.jpg,[correct_posture]
gd_3_0.jpg,[correct_posture]
gd_3_240.jpg,[correct_posture]
gd_3_480.jpg,[correct_posture]
gd_4_0.jpg,[INcorrect_posture]
gd_4_2160.jpg,[INcorrect_posture]
gd_4_2400.jpg,[INcorrect_posture]
gd_4_2880.jpg,[INcorrect_posture]
gd_4_3120.jpg,[INcorrect_posture]
gd_4_4080.jpg,[correct_posture]
gd_4_4560.jpg,[INcorrect_posture]
gd_4_480.jpg,[INcorrect_posture]
gd_5_10080.jpg,[correct_posture]
gd_5_10320.jpg,[correct_posture]
gd_5_10560.jpg,[correct_posture]
gd_5_10800.jpg,[correct_posture]
gd_5_11040.jpg,[correct_posture]
gd_5_11280.jpg,[correct_posture]
gd_5_1200.jpg,[correct_posture]
gd_5_12000.jpg,[correct_posture]
gd_5_12240.jpg,[INcorrect_posture]
gd_5_12480.jpg,[INcorrect_posture]
gd_5_12720.jpg,[INcorrect_posture]
gd_5_12960.jpg,[INcorrect_posture]
gd_5_13200.jpg,[INcorrect_posture]
gd_5_13440.jpg,[INcorrect_posture]
gd_5_13680.jpg,[INcorrect_posture]
gd_5_13920.jpg,[INcorrect_posture]
gd_5_14160.jpg,[INcorrect_posture]
gd_5_1440.jpg,[correct_posture]
gd_5_14400.jpg,[correct_posture]
gd_5_14640.jpg,[correct_posture]
gd_5_14880.jpg,[correct_posture]
gd_5_15120.jpg,[correct_posture]
gd_5_15360.jpg,[correct_posture]
gd_5_15600.jpg,[correct_posture]
gd_5_15840.jpg,[correct_posture]
gd_5_16080.jpg,[correct_posture]
gd_5_16560.jpg,[correct_posture]
gd_5_1680.jpg,[correct_posture]
gd_5_16800.jpg,[correct_posture]
gd_5_17040.jpg,[INcorrect_posture]
gd_5_1920.jpg,[correct_posture]
gd_5_2160.jpg,[correct_posture]
gd_5_240.jpg,[INcorrect_posture]
gd_5_2400.jpg,[correct_posture]
gd_5_2640.jpg,[correct_posture]
gd_5_2880.jpg,[correct_posture]
gd_5_3120.jpg,[correct_posture]
gd_5_3360.jpg,[correct_posture]
gd_5_3600.jpg,[correct_posture]
gd_5_3840.jpg,[correct_posture]
gd_5_4080.jpg,[correct_posture]
gd_5_4320.jpg,[correct_posture]
gd_5_4560.jpg,[correct_posture]
gd_5_480.jpg,[INcorrect_posture]
gd_5_4800.jpg,[correct_posture]
gd_5_5040.jpg,[INcorrect_posture]
gd_5_5280.jpg,[correct_posture]
gd_5_5520.jpg,[correct_posture]
gd_5_5760.jpg,[correct_posture]
gd_5_6000.jpg,[correct_posture]
gd_5_6240.jpg,[correct_posture]
gd_5_6480.jpg,[correct_posture]
gd_5_6720.jpg,[correct_posture]
gd_5_6960.jpg,[correct_posture]
gd_5_720.jpg,[correct_posture]
gd_5_7200.jpg,[correct_posture]
gd_5_7440.jpg,[correct_posture]
gd_5_7680.jpg,[correct_posture]
gd_5_7920.jpg,[correct_posture]
gd_5_8160.jpg,[INcorrect_posture]
gd_5_8400.jpg,[INcorrect_posture]
gd_5_8640.jpg,[INcorrect_posture]
gd_5_8880.jpg,[INcorrect_posture]
gd_5_9120.jpg,[INcorrect_posture]
gd_5_960.jpg,[correct_posture]
gd_5_9600.jpg,[INcorrect_posture]
gd_6_0.jpg,[INcorrect_posture]
gd_6_10320.jpg,[INcorrect_posture]
gd_6_10560.jpg,[INcorrect_posture]
gd_6_10800.jpg,[INcorrect_posture]
gd_6_11040.jpg,[INcorrect_posture]
gd_6_11280.jpg,[correct_posture]
gd_6_11520.jpg,[correct_posture]
gd_6_11760.jpg,[correct_posture]
gd_6_2160.jpg,[INcorrect_posture]
gd_6_240.jpg,[INcorrect_posture]
gd_6_2640.jpg,[INcorrect_posture]
gd_6_3120.jpg,[INcorrect_posture]
gd_6_3600.jpg,[INcorrect_posture]
gd_6_5760.jpg,[INcorrect_posture]
gd_6_6000.jpg,[INcorrect_posture]
gd_6_6240.jpg,[INcorrect_posture]
gd_6_6480.jpg,[INcorrect_posture]
gd_6_720.jpg,[INcorrect_posture]
gd_6_7680.jpg,[INcorrect_posture]
gd_6_8400.jpg,[correct_posture]
gd_6_8640.jpg,[INcorrect_posture]
gd_6_8880.jpg,[INcorrect_posture]
gd_6_9120.jpg,[INcorrect_posture]
gd_6_9360.jpg,[correct_posture]
gd_6_9600.jpg,[correct_posture]
gd_7_0.jpg,[INcorrect_posture]
gd_7_240.jpg,[INcorrect_posture]
gd_7_480.jpg,[INcorrect_posture]
gd_7_720.jpg,[INcorrect_posture]
gd_8_0.jpg,[INcorrect_posture]
gd_8_1200.jpg,[INcorrect_posture]
gd_8_720.jpg,[INcorrect_posture]
gd_8_960.jpg,[INcorrect_posture]
gd_9_0.jpg,[INcorrect_posture]
gd_9_480.jpg,[INcorrect_posture]
gs_1_1020.jpg,[INcorrect_posture]
gs_1_10601.jpg,[INcorrect_posture]
gs_1_11085.jpg,[correct_posture]
gs_1_11265.jpg,[correct_posture]
gs_1_11986.jpg,[INcorrect_posture]
gs_1_12197.jpg,[INcorrect_posture]
gs_1_12255.jpg,[INcorrect_posture]
gs_1_12286.jpg,[INcorrect_posture]
gs_1_12346.jpg,[INcorrect_posture]
gs_1_1288.jpg,[correct_posture]
gs_1_12886.jpg,[INcorrect_posture]
gs_1_12915.jpg,[INcorrect_posture]
gs_1_12975.jpg,[INcorrect_posture]
gs_1_13995.jpg,[INcorrect_posture]
gs_1_14356.jpg,[INcorrect_posture]
gs_1_1468.jpg,[INcorrect_posture]
gs_1_14896.jpg,[INcorrect_posture]
gs_1_15016.jpg,[INcorrect_posture]
gs_1_1528.jpg,[INcorrect_posture]
gs_1_15737.jpg,[INcorrect_posture]
gs_1_17657.jpg,[INcorrect_posture]
gs_1_17986.jpg,[INcorrect_posture]
gs_1_18467.jpg,[INcorrect_posture]
gs_1_18678.jpg,[INcorrect_posture]
gs_1_18707.jpg,[INcorrect_posture]
gs_1_18738.jpg,[INcorrect_posture]
gs_1_18767.jpg,[INcorrect_posture]
gs_1_18798.jpg,[INcorrect_posture]
gs_1_19818.jpg,[INcorrect_posture]
gs_1_19967.jpg,[INcorrect_posture]
gs_1_20238.jpg,[INcorrect_posture]
gs_1_20267.jpg,[INcorrect_posture]
gs_1_20327.jpg,[INcorrect_posture]
gs_1_20358.jpg,[INcorrect_posture]
gs_1_20478.jpg,[INcorrect_posture]
gs_1_20507.jpg,[INcorrect_posture]
gs_1_2068.jpg,[INcorrect_posture]
gs_1_20807.jpg,[INcorrect_posture]
gs_1_20987.jpg,[INcorrect_posture]
gs_1_22999.jpg,[INcorrect_posture]
gs_1_23688.jpg,[INcorrect_posture]
gs_1_23748.jpg,[INcorrect_posture]
gs_1_24078.jpg,[INcorrect_posture]
gs_1_24349.jpg,[INcorrect_posture]
gs_1_24409.jpg,[INcorrect_posture]
gs_1_25520.jpg,[INcorrect_posture]
gs_1_25551.jpg,[INcorrect_posture]
gs_1_25791.jpg,[INcorrect_posture]
gs_1_26152.jpg,[INcorrect_posture]
gs_1_26512.jpg,[INcorrect_posture]
gs_1_26572.jpg,[INcorrect_posture]
gs_1_26601.jpg,[INcorrect_posture]
gs_1_26752.jpg,[INcorrect_posture]
gs_1_27501.jpg,[INcorrect_posture]
gs_1_2757.jpg,[INcorrect_posture]
gs_1_28372.jpg,[INcorrect_posture]
gs_1_28641.jpg,[INcorrect_posture]
gs_1_29093.jpg,[INcorrect_posture]
gs_1_300.jpg,[correct_posture]
gs_1_30444.jpg,[INcorrect_posture]
gs_1_30475.jpg,[INcorrect_posture]
gs_1_30504.jpg,[INcorrect_posture]
gs_1_30535.jpg,[INcorrect_posture]
gs_1_30564.jpg,[INcorrect_posture]
gs_1_30595.jpg,[INcorrect_posture]
gs_1_30624.jpg,[INcorrect_posture]
gs_1_30655.jpg,[INcorrect_posture]
gs_1_30835.jpg,[INcorrect_posture]
gs_1_30864.jpg,[INcorrect_posture]
gs_1_30895.jpg,[INcorrect_posture]
gs_1_30955.jpg,[INcorrect_posture]
gs_1_31075.jpg,[INcorrect_posture]
gs_1_31104.jpg,[INcorrect_posture]
gs_1_31195.jpg,[INcorrect_posture]
gs_1_31404.jpg,[INcorrect_posture]
gs_1_31584.jpg,[INcorrect_posture]
gs_1_31764.jpg,[INcorrect_posture]
gs_1_31855.jpg,[INcorrect_posture]
gs_1_32184.jpg,[INcorrect_posture]
gs_1_32275.jpg,[INcorrect_posture]
gs_1_32395.jpg,[INcorrect_posture]
gs_1_32424.jpg,[INcorrect_posture]
gs_1_32695.jpg,[INcorrect_posture]
gs_1_32755.jpg,[INcorrect_posture]
gs_1_33565.jpg,[INcorrect_posture]
gs_1_33866.jpg,[INcorrect_posture]
gs_1_34137.jpg,[INcorrect_posture]
gs_1_34226.jpg,[INcorrect_posture]
gs_1_34286.jpg,[INcorrect_posture]
gs_1_34797.jpg,[INcorrect_posture]
gs_1_34857.jpg,[INcorrect_posture]
gs_1_34977.jpg,[INcorrect_posture]
gs_1_35066.jpg,[INcorrect_posture]
gs_1_35126.jpg,[INcorrect_posture]
gs_1_35157.jpg,[INcorrect_posture]
gs_1_35605.jpg,[INcorrect_posture]
gs_1_35636.jpg,[INcorrect_posture]
gs_1_35665.jpg,[INcorrect_posture]
gs_1_35756.jpg,[INcorrect_posture]
gs_1_35785.jpg,[INcorrect_posture]
gs_1_36266.jpg,[INcorrect_posture]
gs_1_36477.jpg,[INcorrect_posture]
gs_1_37198.jpg,[INcorrect_posture]
gs_1_37828.jpg,[INcorrect_posture]
gs_1_37857.jpg,[INcorrect_posture]
gs_1_37888.jpg,[INcorrect_posture]
gs_1_38308.jpg,[INcorrect_posture]
gs_1_3838.jpg,[INcorrect_posture]
gs_1_38428.jpg,[INcorrect_posture]
gs_1_3869.jpg,[correct_posture]
gs_1_38728.jpg,[INcorrect_posture]
gs_1_38908.jpg,[INcorrect_posture]
gs_1_39237.jpg,[INcorrect_posture]
gs_1_39357.jpg,[INcorrect_posture]
gs_1_39448.jpg,[INcorrect_posture]
gs_1_39477.jpg,[INcorrect_posture]
gs_1_39837.jpg,[INcorrect_posture]
gs_1_40228.jpg,[INcorrect_posture]
gs_1_40349.jpg,[INcorrect_posture]
gs_1_41220.jpg,[INcorrect_posture]
gs_1_41280.jpg,[INcorrect_posture]
gs_1_5516.jpg,[INcorrect_posture]
gs_1_5698.jpg,[INcorrect_posture]
gs_1_6359.jpg,[INcorrect_posture]
gs_1_6659.jpg,[INcorrect_posture]
gs_1_6748.jpg,[INcorrect_posture]
gs_1_720.jpg,[INcorrect_posture]
gs_1_7381.jpg,[INcorrect_posture]
gs_1_7442.jpg,[INcorrect_posture]
gs_1_8640.jpg,[INcorrect_posture]
gs_1_8669.jpg,[INcorrect_posture]
gs_1_8729.jpg,[INcorrect_posture]
gs_1_8760.jpg,[INcorrect_posture]
gs_1_8789.jpg,[INcorrect_posture]
gs_1_8820.jpg,[INcorrect_posture]
gs_1_9000.jpg,[INcorrect_posture]
gs_1_9029.jpg,[INcorrect_posture]
gs_1_9060.jpg,[INcorrect_posture]
gs_1_9120.jpg,[INcorrect_posture]
gs_1_9149.jpg,[INcorrect_posture]
gs_1_9209.jpg,[INcorrect_posture]
gs_1_9329.jpg,[INcorrect_posture]
k_1_0.jpg,[INcorrect_posture]
k_1_10751.jpg,[INcorrect_posture]
k_1_10801.jpg,[INcorrect_posture]
k_1_10851.jpg,[INcorrect_posture]
k_1_11051.jpg,[INcorrect_posture]
k_1_11351.jpg,[INcorrect_posture]
k_1_11851.jpg,[INcorrect_posture]
k_1_11901.jpg,[INcorrect_posture]
k_1_1200.jpg,[INcorrect_posture]
k_1_12101.jpg,[INcorrect_posture]
k_1_12751.jpg,[INcorrect_posture]
k_1_1500.jpg,[INcorrect_posture]
k_1_1550.jpg,[INcorrect_posture]
k_1_16701.jpg,[INcorrect_posture]
k_1_18951.jpg,[INcorrect_posture]
k_1_19501.jpg,[INcorrect_posture]
k_1_19551.jpg,[INcorrect_posture]
k_1_23351.jpg,[INcorrect_posture]
k_1_2350.jpg,[INcorrect_posture]
k_1_23701.jpg,[INcorrect_posture]
k_1_23751.jpg,[INcorrect_posture]
k_1_23801.jpg,[INcorrect_posture]
k_1_23851.jpg,[INcorrect_posture]
k_1_23901.jpg,[INcorrect_posture]
k_1_23951.jpg,[INcorrect_posture]
k_1_250.jpg,[INcorrect_posture]
k_1_2850.jpg,[INcorrect_posture]
k_1_2950.jpg,[INcorrect_posture]
k_1_300.jpg,[INcorrect_posture]
k_1_3000.jpg,[INcorrect_posture]
k_1_3050.jpg,[INcorrect_posture]
k_1_3150.jpg,[INcorrect_posture]
k_1_3250.jpg,[INcorrect_posture]
k_1_3350.jpg,[INcorrect_posture]
k_1_3400.jpg,[INcorrect_posture]
k_1_3450.jpg,[INcorrect_posture]
k_1_3500.jpg,[INcorrect_posture]
k_1_3550.jpg,[INcorrect_posture]
k_1_3750.jpg,[INcorrect_posture]
k_1_3800.jpg,[INcorrect_posture]
k_1_3850.jpg,[INcorrect_posture]
k_1_4400.jpg,[INcorrect_posture]
k_1_5000.jpg,[INcorrect_posture]
k_1_650.jpg,[INcorrect_posture]
k_1_6701.jpg,[INcorrect_posture]
k_1_700.jpg,[INcorrect_posture]
k_1_750.jpg,[INcorrect_posture]
k_1_7551.jpg,[INcorrect_posture]
k_1_9401.jpg,[INcorrect_posture]
mc_1_11250.jpg,[INcorrect_posture]
mc_1_12550.jpg,[INcorrect_posture]
mc_1_12600.jpg,[INcorrect_posture]
mc_1_13700.jpg,[INcorrect_posture]
mc_1_13900.jpg,[INcorrect_posture]
mc_1_14050.jpg,[INcorrect_posture]
mc_1_16950.jpg,[INcorrect_posture]
mc_1_17600.jpg,[INcorrect_posture]
mc_1_17650.jpg,[INcorrect_posture]
mc_1_17700.jpg,[INcorrect_posture]
mc_1_17800.jpg,[INcorrect_posture]
mc_1_18000.jpg,[INcorrect_posture]
mc_1_18650.jpg,[INcorrect_posture]
mc_1_18850.jpg,[INcorrect_posture]
mc_1_19100.jpg,[INcorrect_posture]
mc_1_19150.jpg,[INcorrect_posture]
mc_1_19450.jpg,[INcorrect_posture]
mc_1_19500.jpg,[INcorrect_posture]
mc_1_2950.jpg,[INcorrect_posture]
mc_1_3350.jpg,[INcorrect_posture]
mc_1_3400.jpg,[INcorrect_posture]
mc_1_3450.jpg,[INcorrect_posture]
mc_1_3550.jpg,[INcorrect_posture]
mc_1_4000.jpg,[INcorrect_posture]
mc_1_4050.jpg,[INcorrect_posture]
mc_1_4750.jpg,[INcorrect_posture]
mc_1_5450.jpg,[INcorrect_posture]
mc_1_7450.jpg,[INcorrect_posture]
ms_1_10052.jpg,[INcorrect_posture]
ms_1_11002.jpg,[INcorrect_posture]
ms_1_12702.jpg,[INcorrect_posture]
ms_1_12752.jpg,[INcorrect_posture]
ms_1_14552.jpg,[INcorrect_posture]
ms_1_16152.jpg,[INcorrect_posture]
ms_1_16202.jpg,[INcorrect_posture]
ms_1_17152.jpg,[INcorrect_posture]
ms_1_17502.jpg,[INcorrect_posture]
ms_1_17902.jpg,[INcorrect_posture]
ms_1_20505.jpg,[INcorrect_posture]
ms_1_5652.jpg,[INcorrect_posture]
ms_1_6202.jpg,[INcorrect_posture]
ms_1_8052.jpg,[INcorrect_posture]
ms_1_8802.jpg,[INcorrect_posture]
ms_1_9802.jpg,[INcorrect_posture]
ms_1_9852.jpg,[INcorrect_posture]
ms_2_1110.jpg,[INcorrect_posture]
ms_2_11250.jpg,[INcorrect_posture]
ms_2_12150.jpg,[INcorrect_posture]
ms_2_1410.jpg,[INcorrect_posture]
ms_2_2070.jpg,[INcorrect_posture]
ms_2_2430.jpg,[INcorrect_posture]
ms_2_300.jpg,[INcorrect_posture]
ms_2_4620.jpg,[INcorrect_posture]
ms_2_6720.jpg,[INcorrect_posture]
ms_2_8880.jpg,[INcorrect_posture]
ms_3_0.jpg,[INcorrect_posture]
ms_3_11195.jpg,[INcorrect_posture]
ms_3_17193.jpg,[INcorrect_posture]
ms_3_23791.jpg,[INcorrect_posture]
ms_3_50182.jpg,[INcorrect_posture]
ms_3_56380.jpg,[INcorrect_posture]
ms_3_65177.jpg,[INcorrect_posture]
ms_3_66776.jpg,[INcorrect_posture]
ms_3_70375.jpg,[INcorrect_posture]
ms_3_7596.jpg,[INcorrect_posture]
ms_3_80771.jpg,[INcorrect_posture]
ms_3_83570.jpg,[INcorrect_posture]
ms_3_87969.jpg,[INcorrect_posture]
ms_3_94567.jpg,[INcorrect_posture]
nl_1_0.jpg,[correct_posture]
nl_1_120.jpg,[INcorrect_posture]
nl_1_181.jpg,[INcorrect_posture]
nl_1_271.jpg,[correct_posture]
nl_1_30.jpg,[INcorrect_posture]
nl_1_361.jpg,[correct_posture]
nl_2_10498.jpg,[INcorrect_posture]
nl_2_11250.jpg,[INcorrect_posture]
nl_2_14649.jpg,[INcorrect_posture]
nl_2_15070.jpg,[INcorrect_posture]
nl_2_16213.jpg,[INcorrect_posture]
nl_2_16754.jpg,[INcorrect_posture]
nl_2_17296.jpg,[INcorrect_posture]
nl_2_17356.jpg,[INcorrect_posture]
nl_2_17386.jpg,[INcorrect_posture]
nl_2_17416.jpg,[INcorrect_posture]
nl_2_17476.jpg,[INcorrect_posture]
nl_2_17657.jpg,[INcorrect_posture]
nl_2_1895.jpg,[INcorrect_posture]
nl_2_19010.jpg,[INcorrect_posture]
nl_2_19492.jpg,[INcorrect_posture]
nl_2_2256.jpg,[INcorrect_posture]
nl_2_2286.jpg,[INcorrect_posture]
nl_2_271.jpg,[INcorrect_posture]
nl_2_421.jpg,[INcorrect_posture]
nl_2_4482.jpg,[INcorrect_posture]
nl_2_6257.jpg,[INcorrect_posture]
nl_2_6798.jpg,[INcorrect_posture]
nl_2_6888.jpg,[INcorrect_posture]
nl_2_7219.jpg,[INcorrect_posture]
nl_2_7309.jpg,[INcorrect_posture]
nl_2_7791.jpg,[INcorrect_posture]
nl_2_8182.jpg,[INcorrect_posture]
nl_2_8482.jpg,[INcorrect_posture]
nl_2_9144.jpg,[INcorrect_posture]
nl_2_932.jpg,[INcorrect_posture]
rt_1_10680.jpg,[INcorrect_posture]
rt_1_11250.jpg,[INcorrect_posture]
rt_1_12780.jpg,[INcorrect_posture]
rt_1_1410.jpg,[INcorrect_posture]
rt_1_14310.jpg,[INcorrect_posture]
rt_1_16920.jpg,[INcorrect_posture]
rt_1_16950.jpg,[INcorrect_posture]
rt_1_18270.jpg,[INcorrect_posture]
rt_1_1980.jpg,[INcorrect_posture]
rt_1_20820.jpg,[INcorrect_posture]
rt_1_21000.jpg,[INcorrect_posture]
rt_1_21510.jpg,[INcorrect_posture]
rt_1_21570.jpg,[INcorrect_posture]
rt_1_2430.jpg,[INcorrect_posture]
rt_1_3420.jpg,[INcorrect_posture]
rt_1_3540.jpg,[INcorrect_posture]
rt_1_390.jpg,[INcorrect_posture]
rt_1_570.jpg,[INcorrect_posture]
rt_1_5910.jpg,[INcorrect_posture]
rt_1_6900.jpg,[INcorrect_posture]
rt_1_7050.jpg,[INcorrect_posture]
rt_1_9030.jpg,[INcorrect_posture]
rt_1_9060.jpg,[INcorrect_posture]
vr_1_1020.jpg,[INcorrect_posture]
vr_1_10292.jpg,[INcorrect_posture]
vr_1_1051.jpg,[INcorrect_posture]
vr_1_10561.jpg,[INcorrect_posture]
vr_1_10592.jpg,[INcorrect_posture]
vr_1_10621.jpg,[INcorrect_posture]
vr_1_10681.jpg,[INcorrect_posture]
vr_1_10712.jpg,[INcorrect_posture]
vr_1_10741.jpg,[INcorrect_posture]
vr_1_10772.jpg,[INcorrect_posture]
vr_1_10801.jpg,[INcorrect_posture]
vr_1_10832.jpg,[INcorrect_posture]
vr_1_10861.jpg,[INcorrect_posture]
vr_1_10921.jpg,[INcorrect_posture]
vr_1_1111.jpg,[INcorrect_posture]
vr_1_11281.jpg,[INcorrect_posture]
vr_1_11492.jpg,[INcorrect_posture]
vr_1_11581.jpg,[INcorrect_posture]
vr_1_11612.jpg,[INcorrect_posture]
vr_1_11641.jpg,[INcorrect_posture]
vr_1_11732.jpg,[INcorrect_posture]
vr_1_11761.jpg,[INcorrect_posture]
vr_1_11792.jpg,[INcorrect_posture]
vr_1_11821.jpg,[INcorrect_posture]
vr_1_11852.jpg,[INcorrect_posture]
vr_1_11881.jpg,[INcorrect_posture]
vr_1_11912.jpg,[INcorrect_posture]
vr_1_11941.jpg,[INcorrect_posture]
vr_1_11972.jpg,[INcorrect_posture]
vr_1_1200.jpg,[INcorrect_posture]
vr_1_12001.jpg,[INcorrect_posture]
vr_1_12061.jpg,[INcorrect_posture]
vr_1_12092.jpg,[INcorrect_posture]
vr_1_12121.jpg,[INcorrect_posture]
vr_1_12152.jpg,[INcorrect_posture]
vr_1_12181.jpg,[INcorrect_posture]
vr_1_12241.jpg,[INcorrect_posture]
vr_1_12272.jpg,[INcorrect_posture]
vr_1_12361.jpg,[INcorrect_posture]
vr_1_12452.jpg,[INcorrect_posture]
vr_1_12481.jpg,[INcorrect_posture]
vr_1_12512.jpg,[INcorrect_posture]
vr_1_12541.jpg,[INcorrect_posture]
vr_1_12572.jpg,[INcorrect_posture]
vr_1_1620.jpg,[INcorrect_posture]
vr_1_1800.jpg,[INcorrect_posture]
vr_1_1860.jpg,[INcorrect_posture]
vr_1_1891.jpg,[INcorrect_posture]
vr_1_1920.jpg,[INcorrect_posture]
vr_1_1980.jpg,[INcorrect_posture]
vr_1_2011.jpg,[INcorrect_posture]
vr_1_2040.jpg,[INcorrect_posture]
vr_1_2071.jpg,[INcorrect_posture]
vr_1_2100.jpg,[INcorrect_posture]
vr_1_2131.jpg,[INcorrect_posture]
vr_1_2160.jpg,[INcorrect_posture]
vr_1_2191.jpg,[INcorrect_posture]
vr_1_2220.jpg,[INcorrect_posture]
vr_1_2251.jpg,[INcorrect_posture]
vr_1_2340.jpg,[INcorrect_posture]
vr_1_2400.jpg,[INcorrect_posture]
vr_1_2460.jpg,[INcorrect_posture]
vr_1_271.jpg,[INcorrect_posture]
vr_1_2760.jpg,[INcorrect_posture]
vr_1_300.jpg,[INcorrect_posture]
vr_1_31.jpg,[INcorrect_posture]
vr_1_3120.jpg,[INcorrect_posture]
vr_1_3151.jpg,[INcorrect_posture]
vr_1_3240.jpg,[INcorrect_posture]
vr_1_3691.jpg,[INcorrect_posture]
vr_1_4080.jpg,[INcorrect_posture]
vr_1_4531.jpg,[INcorrect_posture]
vr_1_4560.jpg,[INcorrect_posture]
vr_1_4620.jpg,[INcorrect_posture]
vr_1_4711.jpg,[INcorrect_posture]
vr_1_60.jpg,[INcorrect_posture]
vr_1_6511.jpg,[INcorrect_posture]
vr_1_6900.jpg,[INcorrect_posture]
vr_1_7020.jpg,[INcorrect_posture]
vr_1_7111.jpg,[INcorrect_posture]
vr_1_7500.jpg,[INcorrect_posture]
vr_1_7560.jpg,[INcorrect_posture]
vr_1_7620.jpg,[INcorrect_posture]
vr_1_7651.jpg,[INcorrect_posture]
vr_1_7680.jpg,[INcorrect_posture]
vr_1_7711.jpg,[INcorrect_posture]
vr_1_7740.jpg,[INcorrect_posture]
vr_1_7771.jpg,[INcorrect_posture]
vr_1_8011.jpg,[INcorrect_posture]
vr_1_8071.jpg,[INcorrect_posture]
vr_1_8280.jpg,[INcorrect_posture]
vr_1_8311.jpg,[INcorrect_posture]
vr_1_8731.jpg,[INcorrect_posture]
vr_1_8791.jpg,[INcorrect_posture]
vr_1_91.jpg,[INcorrect_posture]
vr_1_9301.jpg,[INcorrect_posture]
vr_1_9452.jpg,[INcorrect_posture]
vr_1_991.jpg,[INcorrect_posture]
vr_1_9992.jpg,[INcorrect_posture]
ap_4_14240.jpg,[correct_posture]
ap_4_7990.jpg,[correct_posture]
gc_1_50.jpg,[correct_posture]
gc_2_0.jpg,[INcorrect_posture]
gc_2_2668.jpg,[INcorrect_posture]
gc_2_30.jpg,[INcorrect_posture]
gc_2_5845.jpg,[correct_posture]
gc_2_5875.jpg,[correct_posture]
gc_2_6265.jpg,[correct_posture]
gc_3_0.jpg,[INcorrect_posture]
gc_3_150.jpg,[INcorrect_posture]
gc_3_180.jpg,[INcorrect_posture]
gd_10_4080.jpg,[correct_posture]
gd_5_0.jpg,[INcorrect_posture]
gd_5_9840.jpg,[correct_posture]
gd_6_2400.jpg,[INcorrect_posture]
gd_6_5040.jpg,[correct_posture]
gd_6_9840.jpg,[INcorrect_posture]
gs_1_2668.jpg,[correct_posture]
gs_1_35186.jpg,[INcorrect_posture]
gs_1_35576.jpg,[INcorrect_posture]
mc_1_12150.jpg,[correct_posture]
ms_1_300.jpg,[correct_posture]
ms_2_12540.jpg,[INcorrect_posture]
ms_2_13020.jpg,[correct_posture]
ms_2_14310.jpg,[correct_posture]
ms_2_3540.jpg,[correct_posture]
ms_2_4080.jpg,[correct_posture]
nl_2_13115.jpg,[INcorrect_posture]
nl_2_13235.jpg,[INcorrect_posture]
nl_2_13385.jpg,[INcorrect_posture]
nl_2_13566.jpg,[INcorrect_posture]
nl_2_2226.jpg,[INcorrect_posture]
nl_2_2436.jpg,[INcorrect_posture]
nl_2_3128.jpg,[INcorrect_posture]
nl_2_3188.jpg,[INcorrect_posture]
