filename,local_md5,source_name,source_url,license,retrieved_utc,method,description,notes
pets_s1l1_13-57.mp4,06bd2e4e6a8cc9aaccb0d23a7c84b866,PETS2009 via UCSD SVCL demo,http://www.svcl.ucsd.edu/projects/peoplecnt/petsvideo/count_13-57-View_001.mov,PETS: free download for academic and industrial research with attribution (Ferryman & Shahrokni 2009),2026-09-26T01:46:37Z,direct .mov download + remux,"S1.L1 medium crowd, View001",carries original crowd-counting overlay drawings
pets_s1l2_14-06.mp4,eeeb1d17bbc61f0ef255730b4be57e67,PETS2009 via UCSD SVCL demo,http://www.svcl.ucsd.edu/projects/peoplecnt/petsvideo/count_14-06-View_001.mov,PETS: free download for academic and industrial research with attribution (Ferryman & Shahrokni 2009),2026-09-26T01:46:37Z,direct .mov download + remux,"S1.L2 high crowd, View001",carries original crowd-counting overlay drawings
pets_s1l3_14-17.mp4,01e74a0a9744355a072f71632149d616,PETS2009 via UCSD SVCL demo,http://www.svcl.ucsd.edu/projects/peoplecnt/petsvideo/count_14-17-View_001.mov,PETS: free download for academic and industrial research with attribution (Ferryman & Shahrokni 2009),2026-09-26T01:46:37Z,direct .mov download + remux,"S1.L3 dense crowd, View001",carries original crowd-counting overlay drawings
pets_s3mf_14-16.mp4,2b8049c439b997dc586cf82a9634312f,PETS2009 via UCSD SVCL demo,http://www.svcl.ucsd.edu/projects/peoplecnt/petsvideo/events_14-16-View_001.mov,PETS: free download for academic and industrial research with attribution (Ferryman & Shahrokni 2009),2026-09-26T01:46:37Z,direct .mov download + remux,"S3 running dense crowd, View001",carries original crowd-counting overlay drawings
local_assembly_lines.mp4,12a5665955171b826ea91752c8398491,local diverse_training/youtube,"(local reuse, no new download)",third-party video already in repo for internal testing; not redistributed,2026-09-26T01:46:37Z,local transcode (maxw 1280 h264),"assembly line, multiple workers (local reuse)",internal test use only
local_warehouse_lifting.mp4,d1ca680fff15d13a266cc8b268a302be,local diverse_training/youtube,"(local reuse, no new download)",third-party video already in repo for internal testing; not redistributed,2026-09-26T01:46:37Z,local transcode (maxw 1280 h264),"warehouse lifting, team setting (local reuse)",internal test use only
local_manual_handling.mp4,cd6746a02ecc2946f2212012dafbe5c6,local diverse_training/youtube,"(local reuse, no new download)",third-party video already in repo for internal testing; not redistributed,2026-09-26T01:46:37Z,local transcode (maxw 1280 h264),manual handling team demo (local reuse),internal test use only
ucsd_peds1_test001.mp4,b9545cd16e1c822266e8d3f6275e9522,UCSD Anomaly Detection Dataset,http://www.svcl.ucsd.edu/projects/anomaly/UCSD_Anomaly_Dataset.tar.gz,research use with citation (svcl.ucsd.edu),2026-09-26T01:46:37Z,tar.gz download + TIFF->h264 assemble,"Peds1 test clip, crowd walking toward camera","static elevated CCTV, crowds, natural occlusion"
ucsd_peds1_test007.mp4,629f1d5534d7a314a9d92eb115552e95,UCSD Anomaly Detection Dataset,http://www.svcl.ucsd.edu/projects/anomaly/UCSD_Anomaly_Dataset.tar.gz,research use with citation (svcl.ucsd.edu),2026-09-26T01:46:37Z,tar.gz download + TIFF->h264 assemble,"Peds1 test clip, elevated static CCTV walkway","static elevated CCTV, crowds, natural occlusion"
ucsd_peds2_test001.mp4,1918875022452420b0ec227d57ac11f8,UCSD Anomaly Detection Dataset,http://www.svcl.ucsd.edu/projects/anomaly/UCSD_Anomaly_Dataset.tar.gz,research use with citation (svcl.ucsd.edu),2026-09-26T01:46:37Z,tar.gz download + TIFF->h264 assemble,"Peds2 test clip, movement parallel to camera plane","static elevated CCTV, crowds, natural occlusion"
